site,acquisition_datetime,water_support_pixel_count,valid_water_pixel_count,clear_water_pixel_count,cloud_shadow_pixel_count,no_data_pixel_count,clear_water_fraction,cloud_shadow_fraction,no_data_fraction,quality_50,quality_70,quality_80,status,method
cilegon-industrial-coast,2021-01-04T03:01:21.024000Z,,,,,,,,,,,,BLOCKED_NO_CDSE_OAUTH,Awaiting CDSE Statistical API; no scene-cloud substitution
cilegon-industrial-coast,2021-01-09T03:01:09.024000Z,,,,,,,,,,,,BLOCKED_NO_CDSE_OAUTH,Awaiting CDSE Statistical API; no scene-cloud substitution
cilegon-industrial-coast,2021-01-14T03:01:01.024000Z,,,,,,,,,,,,BLOCKED_NO_CDSE_OAUTH,Awaiting CDSE Statistical API; no scene-cloud substitution
cilegon-industrial-coast,2021-01-19T03:00:29.024000Z,,,,,,,,,,,,BLOCKED_NO_CDSE_OAUTH,Awaiting CDSE Statistical API; no scene-cloud substitution
cilegon-industrial-coast,2021-01-24T03:00:21.024000Z,,,,,,,,,,,,BLOCKED_NO_CDSE_OAUTH,Awaiting CDSE Statistical API; no scene-cloud substitution
cilegon-industrial-coast,2021-01-29T02:59:49.024000Z,,,,,,,,,,,,BLOCKED_NO_CDSE_OAUTH,Awaiting CDSE Statistical API; no scene-cloud substitution
cilegon-industrial-coast,2021-02-03T02:59:31.024000Z,,,,,,,,,,,,BLOCKED_NO_CDSE_OAUTH,Awaiting CDSE Statistical API; no scene-cloud substitution
cilegon-industrial-coast,2021-02-08T02:58:59.024000Z,,,,,,,,,,,,BLOCKED_NO_CDSE_OAUTH,Awaiting CDSE Statistical API; no scene-cloud substitution
cilegon-industrial-coast,2021-02-13T02:58:21.024000Z,,,,,,,,,,,,BLOCKED_NO_CDSE_OAUTH,Awaiting CDSE Statistical API; no scene-cloud substitution
cilegon-industrial-coast,2021-02-18T02:57:49.024000Z,,,,,,,,,,,,BLOCKED_NO_CDSE_OAUTH,Awaiting CDSE Statistical API; no scene-cloud substitution
cilegon-industrial-coast,2021-02-23T02:57:21.024000Z,,,,,,,,,,,,BLOCKED_NO_CDSE_OAUTH,Awaiting CDSE Statistical API; no scene-cloud substitution
cilegon-industrial-coast,2021-02-28T02:56:49.024000Z,,,,,,,,,,,,BLOCKED_NO_CDSE_OAUTH,Awaiting CDSE Statistical API; no scene-cloud substitution
cilegon-industrial-coast,2021-03-05T02:56:11.024000Z,,,,,,,,,,,,BLOCKED_NO_CDSE_OAUTH,Awaiting CDSE Statistical API; no scene-cloud substitution
cilegon-industrial-coast,2021-03-10T02:55:49.024000Z,,,,,,,,,,,,BLOCKED_NO_CDSE_OAUTH,Awaiting CDSE Statistical API; no scene-cloud substitution
cilegon-industrial-coast,2021-03-15T02:55:41.024000Z,,,,,,,,,,,,BLOCKED_NO_CDSE_OAUTH,Awaiting CDSE Statistical API; no scene-cloud substitution
cilegon-industrial-coast,2021-03-20T02:55:49.024000Z,,,,,,,,,,,,BLOCKED_NO_CDSE_OAUTH,Awaiting CDSE Statistical API; no scene-cloud substitution
cilegon-industrial-coast,2021-03-25T02:55:41.024000Z,,,,,,,,,,,,BLOCKED_NO_CDSE_OAUTH,Awaiting CDSE Statistical API; no scene-cloud substitution
cilegon-industrial-coast,2021-03-30T02:55:39.024000Z,,,,,,,,,,,,BLOCKED_NO_CDSE_OAUTH,Awaiting CDSE Statistical API; no scene-cloud substitution
cilegon-industrial-coast,2021-04-04T02:55:41.024000Z,,,,,,,,,,,,BLOCKED_NO_CDSE_OAUTH,Awaiting CDSE Statistical API; no scene-cloud substitution
cilegon-industrial-coast,2021-04-09T02:55:39.024000Z,,,,,,,,,,,,BLOCKED_NO_CDSE_OAUTH,Awaiting CDSE Statistical API; no scene-cloud substitution
cilegon-industrial-coast,2021-04-14T02:55:41.024000Z,,,,,,,,,,,,BLOCKED_NO_CDSE_OAUTH,Awaiting CDSE Statistical API; no scene-cloud substitution
cilegon-industrial-coast,2021-04-19T02:55:39.024000Z,,,,,,,,,,,,BLOCKED_NO_CDSE_OAUTH,Awaiting CDSE Statistical API; no scene-cloud substitution
cilegon-industrial-coast,2021-04-24T02:55:41.024000Z,,,,,,,,,,,,BLOCKED_NO_CDSE_OAUTH,Awaiting CDSE Statistical API; no scene-cloud substitution
cilegon-industrial-coast,2021-04-29T02:55:39.024000Z,,,,,,,,,,,,BLOCKED_NO_CDSE_OAUTH,Awaiting CDSE Statistical API; no scene-cloud substitution
cilegon-industrial-coast,2021-05-04T02:55:41.024000Z,,,,,,,,,,,,BLOCKED_NO_CDSE_OAUTH,Awaiting CDSE Statistical API; no scene-cloud substitution
cilegon-industrial-coast,2021-05-09T02:55:39.024000Z,,,,,,,,,,,,BLOCKED_NO_CDSE_OAUTH,Awaiting CDSE Statistical API; no scene-cloud substitution
cilegon-industrial-coast,2021-05-14T02:55:41.024000Z,,,,,,,,,,,,BLOCKED_NO_CDSE_OAUTH,Awaiting CDSE Statistical API; no scene-cloud substitution
cilegon-industrial-coast,2021-05-19T02:55:49.024000Z,,,,,,,,,,,,BLOCKED_NO_CDSE_OAUTH,Awaiting CDSE Statistical API; no scene-cloud substitution
cilegon-industrial-coast,2021-05-24T02:55:51.024000Z,,,,,,,,,,,,BLOCKED_NO_CDSE_OAUTH,Awaiting CDSE Statistical API; no scene-cloud substitution
cilegon-industrial-coast,2021-05-29T02:55:49.024000Z,,,,,,,,,,,,BLOCKED_NO_CDSE_OAUTH,Awaiting CDSE Statistical API; no scene-cloud substitution
cilegon-industrial-coast,2021-06-03T02:55:51.024000Z,,,,,,,,,,,,BLOCKED_NO_CDSE_OAUTH,Awaiting CDSE Statistical API; no scene-cloud substitution
cilegon-industrial-coast,2021-06-08T02:55:49.024000Z,,,,,,,,,,,,BLOCKED_NO_CDSE_OAUTH,Awaiting CDSE Statistical API; no scene-cloud substitution
cilegon-industrial-coast,2021-06-13T02:55:51.024000Z,,,,,,,,,,,,BLOCKED_NO_CDSE_OAUTH,Awaiting CDSE Statistical API; no scene-cloud substitution
cilegon-industrial-coast,2021-06-18T02:55:49.024000Z,,,,,,,,,,,,BLOCKED_NO_CDSE_OAUTH,Awaiting CDSE Statistical API; no scene-cloud substitution
cilegon-industrial-coast,2021-06-23T02:55:51.024000Z,,,,,,,,,,,,BLOCKED_NO_CDSE_OAUTH,Awaiting CDSE Statistical API; no scene-cloud substitution
cilegon-industrial-coast,2021-06-28T02:55:49.024000Z,,,,,,,,,,,,BLOCKED_NO_CDSE_OAUTH,Awaiting CDSE Statistical API; no scene-cloud substitution
cilegon-industrial-coast,2021-07-03T02:55:51.024000Z,,,,,,,,,,,,BLOCKED_NO_CDSE_OAUTH,Awaiting CDSE Statistical API; no scene-cloud substitution
cilegon-industrial-coast,2021-07-08T02:55:49.024000Z,,,,,,,,,,,,BLOCKED_NO_CDSE_OAUTH,Awaiting CDSE Statistical API; no scene-cloud substitution
cilegon-industrial-coast,2021-07-13T02:55:51.024000Z,,,,,,,,,,,,BLOCKED_NO_CDSE_OAUTH,Awaiting CDSE Statistical API; no scene-cloud substitution
cilegon-industrial-coast,2021-07-18T02:55:49.024000Z,,,,,,,,,,,,BLOCKED_NO_CDSE_OAUTH,Awaiting CDSE Statistical API; no scene-cloud substitution
cilegon-industrial-coast,2021-07-23T02:55:51.024000Z,,,,,,,,,,,,BLOCKED_NO_CDSE_OAUTH,Awaiting CDSE Statistical API; no scene-cloud substitution
cilegon-industrial-coast,2021-07-28T02:55:49.024000Z,,,,,,,,,,,,BLOCKED_NO_CDSE_OAUTH,Awaiting CDSE Statistical API; no scene-cloud substitution
cilegon-industrial-coast,2021-08-02T02:55:51.024000Z,,,,,,,,,,,,BLOCKED_NO_CDSE_OAUTH,Awaiting CDSE Statistical API; no scene-cloud substitution
cilegon-industrial-coast,2021-08-07T02:55:49.024000Z,,,,,,,,,,,,BLOCKED_NO_CDSE_OAUTH,Awaiting CDSE Statistical API; no scene-cloud substitution
cilegon-industrial-coast,2021-08-12T02:55:51.024000Z,,,,,,,,,,,,BLOCKED_NO_CDSE_OAUTH,Awaiting CDSE Statistical API; no scene-cloud substitution
cilegon-industrial-coast,2021-08-17T02:55:49.024000Z,,,,,,,,,,,,BLOCKED_NO_CDSE_OAUTH,Awaiting CDSE Statistical API; no scene-cloud substitution
cilegon-industrial-coast,2021-08-22T02:55:51.024000Z,,,,,,,,,,,,BLOCKED_NO_CDSE_OAUTH,Awaiting CDSE Statistical API; no scene-cloud substitution
cilegon-industrial-coast,2021-08-27T02:55:39.024000Z,,,,,,,,,,,,BLOCKED_NO_CDSE_OAUTH,Awaiting CDSE Statistical API; no scene-cloud substitution
cilegon-industrial-coast,2021-09-01T02:55:51.024000Z,,,,,,,,,,,,BLOCKED_NO_CDSE_OAUTH,Awaiting CDSE Statistical API; no scene-cloud substitution
cilegon-industrial-coast,2021-09-06T02:55:39.024000Z,,,,,,,,,,,,BLOCKED_NO_CDSE_OAUTH,Awaiting CDSE Statistical API; no scene-cloud substitution
cilegon-industrial-coast,2021-09-11T02:55:51.024000Z,,,,,,,,,,,,BLOCKED_NO_CDSE_OAUTH,Awaiting CDSE Statistical API; no scene-cloud substitution
cilegon-industrial-coast,2021-09-16T02:55:39.024000Z,,,,,,,,,,,,BLOCKED_NO_CDSE_OAUTH,Awaiting CDSE Statistical API; no scene-cloud substitution
cilegon-industrial-coast,2021-09-21T02:55:51.024000Z,,,,,,,,,,,,BLOCKED_NO_CDSE_OAUTH,Awaiting CDSE Statistical API; no scene-cloud substitution
cilegon-industrial-coast,2021-09-26T02:55:39.024000Z,,,,,,,,,,,,BLOCKED_NO_CDSE_OAUTH,Awaiting CDSE Statistical API; no scene-cloud substitution
cilegon-industrial-coast,2021-10-01T02:55:51.024000Z,,,,,,,,,,,,BLOCKED_NO_CDSE_OAUTH,Awaiting CDSE Statistical API; no scene-cloud substitution
cilegon-industrial-coast,2021-10-06T02:55:59.024000Z,,,,,,,,,,,,BLOCKED_NO_CDSE_OAUTH,Awaiting CDSE Statistical API; no scene-cloud substitution
cilegon-industrial-coast,2021-10-11T02:56:41.024000Z,,,,,,,,,,,,BLOCKED_NO_CDSE_OAUTH,Awaiting CDSE Statistical API; no scene-cloud substitution
cilegon-industrial-coast,2021-10-16T02:57:09.024000Z,,,,,,,,,,,,BLOCKED_NO_CDSE_OAUTH,Awaiting CDSE Statistical API; no scene-cloud substitution
cilegon-industrial-coast,2021-10-21T02:57:51.024000Z,,,,,,,,,,,,BLOCKED_NO_CDSE_OAUTH,Awaiting CDSE Statistical API; no scene-cloud substitution
cilegon-industrial-coast,2021-10-26T02:58:09.024000Z,,,,,,,,,,,,BLOCKED_NO_CDSE_OAUTH,Awaiting CDSE Statistical API; no scene-cloud substitution
cilegon-industrial-coast,2021-10-31T02:58:41.024000Z,,,,,,,,,,,,BLOCKED_NO_CDSE_OAUTH,Awaiting CDSE Statistical API; no scene-cloud substitution
cilegon-industrial-coast,2021-11-05T02:59:09.024000Z,,,,,,,,,,,,BLOCKED_NO_CDSE_OAUTH,Awaiting CDSE Statistical API; no scene-cloud substitution
cilegon-industrial-coast,2021-11-10T02:59:41.024000Z,,,,,,,,,,,,BLOCKED_NO_CDSE_OAUTH,Awaiting CDSE Statistical API; no scene-cloud substitution
cilegon-industrial-coast,2021-11-15T02:59:59.024000Z,,,,,,,,,,,,BLOCKED_NO_CDSE_OAUTH,Awaiting CDSE Statistical API; no scene-cloud substitution
cilegon-industrial-coast,2021-11-20T03:00:21.024000Z,,,,,,,,,,,,BLOCKED_NO_CDSE_OAUTH,Awaiting CDSE Statistical API; no scene-cloud substitution
cilegon-industrial-coast,2021-11-25T03:00:29.024000Z,,,,,,,,,,,,BLOCKED_NO_CDSE_OAUTH,Awaiting CDSE Statistical API; no scene-cloud substitution
cilegon-industrial-coast,2021-11-30T03:01:01.024000Z,,,,,,,,,,,,BLOCKED_NO_CDSE_OAUTH,Awaiting CDSE Statistical API; no scene-cloud substitution
cilegon-industrial-coast,2021-12-05T03:01:09.024000Z,,,,,,,,,,,,BLOCKED_NO_CDSE_OAUTH,Awaiting CDSE Statistical API; no scene-cloud substitution
cilegon-industrial-coast,2021-12-10T03:01:21.024000Z,,,,,,,,,,,,BLOCKED_NO_CDSE_OAUTH,Awaiting CDSE Statistical API; no scene-cloud substitution
cilegon-industrial-coast,2021-12-15T03:01:19.024000Z,,,,,,,,,,,,BLOCKED_NO_CDSE_OAUTH,Awaiting CDSE Statistical API; no scene-cloud substitution
cilegon-industrial-coast,2021-12-20T03:01:31.024000Z,,,,,,,,,,,,BLOCKED_NO_CDSE_OAUTH,Awaiting CDSE Statistical API; no scene-cloud substitution
cilegon-industrial-coast,2021-12-25T03:01:29.024000Z,,,,,,,,,,,,BLOCKED_NO_CDSE_OAUTH,Awaiting CDSE Statistical API; no scene-cloud substitution
cilegon-industrial-coast,2021-12-30T03:01:31.024000Z,,,,,,,,,,,,BLOCKED_NO_CDSE_OAUTH,Awaiting CDSE Statistical API; no scene-cloud substitution
cilegon-industrial-coast,2022-01-04T03:01:19.000000Z,,,,,,,,,,,,BLOCKED_NO_CDSE_OAUTH,Awaiting CDSE Statistical API; no scene-cloud substitution
cilegon-industrial-coast,2022-01-09T03:01:11.000000Z,,,,,,,,,,,,BLOCKED_NO_CDSE_OAUTH,Awaiting CDSE Statistical API; no scene-cloud substitution
cilegon-industrial-coast,2022-01-14T03:00:49.024000Z,,,,,,,,,,,,BLOCKED_NO_CDSE_OAUTH,Awaiting CDSE Statistical API; no scene-cloud substitution
cilegon-industrial-coast,2022-01-24T03:00:09.024000Z,,,,,,,,,,,,BLOCKED_NO_CDSE_OAUTH,Awaiting CDSE Statistical API; no scene-cloud substitution
cilegon-industrial-coast,2022-01-29T02:59:51.000000Z,,,,,,,,,,,,BLOCKED_NO_CDSE_OAUTH,Awaiting CDSE Statistical API; no scene-cloud substitution
cilegon-industrial-coast,2022-02-03T02:59:19.024000Z,,,,,,,,,,,,BLOCKED_NO_CDSE_OAUTH,Awaiting CDSE Statistical API; no scene-cloud substitution
cilegon-industrial-coast,2022-02-08T02:59:01.024000Z,,,,,,,,,,,,BLOCKED_NO_CDSE_OAUTH,Awaiting CDSE Statistical API; no scene-cloud substitution
cilegon-industrial-coast,2022-02-13T02:58:19.024000Z,,,,,,,,,,,,BLOCKED_NO_CDSE_OAUTH,Awaiting CDSE Statistical API; no scene-cloud substitution
cilegon-industrial-coast,2022-02-18T02:58:01.024000Z,,,,,,,,,,,,BLOCKED_NO_CDSE_OAUTH,Awaiting CDSE Statistical API; no scene-cloud substitution
cilegon-industrial-coast,2022-02-23T02:57:19.024000Z,,,,,,,,,,,,BLOCKED_NO_CDSE_OAUTH,Awaiting CDSE Statistical API; no scene-cloud substitution
cilegon-industrial-coast,2022-02-28T02:56:51.024000Z,,,,,,,,,,,,BLOCKED_NO_CDSE_OAUTH,Awaiting CDSE Statistical API; no scene-cloud substitution
cilegon-industrial-coast,2022-03-05T02:56:09.024000Z,,,,,,,,,,,,BLOCKED_NO_CDSE_OAUTH,Awaiting CDSE Statistical API; no scene-cloud substitution
cilegon-industrial-coast,2022-03-10T02:55:51.024000Z,,,,,,,,,,,,BLOCKED_NO_CDSE_OAUTH,Awaiting CDSE Statistical API; no scene-cloud substitution
cilegon-industrial-coast,2022-03-15T02:55:39.024000Z,,,,,,,,,,,,BLOCKED_NO_CDSE_OAUTH,Awaiting CDSE Statistical API; no scene-cloud substitution
cilegon-industrial-coast,2022-03-20T02:55:51.024000Z,,,,,,,,,,,,BLOCKED_NO_CDSE_OAUTH,Awaiting CDSE Statistical API; no scene-cloud substitution
cilegon-industrial-coast,2022-03-25T02:55:39.024000Z,,,,,,,,,,,,BLOCKED_NO_CDSE_OAUTH,Awaiting CDSE Statistical API; no scene-cloud substitution
cilegon-industrial-coast,2022-03-30T02:55:51.024000Z,,,,,,,,,,,,BLOCKED_NO_CDSE_OAUTH,Awaiting CDSE Statistical API; no scene-cloud substitution
cilegon-industrial-coast,2022-04-04T02:55:39.024000Z,,,,,,,,,,,,BLOCKED_NO_CDSE_OAUTH,Awaiting CDSE Statistical API; no scene-cloud substitution
cilegon-industrial-coast,2022-04-09T02:55:51.024000Z,,,,,,,,,,,,BLOCKED_NO_CDSE_OAUTH,Awaiting CDSE Statistical API; no scene-cloud substitution
cilegon-industrial-coast,2022-04-14T02:55:39.024000Z,,,,,,,,,,,,BLOCKED_NO_CDSE_OAUTH,Awaiting CDSE Statistical API; no scene-cloud substitution
cilegon-industrial-coast,2022-04-19T02:55:51.024000Z,,,,,,,,,,,,BLOCKED_NO_CDSE_OAUTH,Awaiting CDSE Statistical API; no scene-cloud substitution
cilegon-industrial-coast,2022-04-24T02:55:39.024000Z,,,,,,,,,,,,BLOCKED_NO_CDSE_OAUTH,Awaiting CDSE Statistical API; no scene-cloud substitution
cilegon-industrial-coast,2022-04-29T02:55:51.024000Z,,,,,,,,,,,,BLOCKED_NO_CDSE_OAUTH,Awaiting CDSE Statistical API; no scene-cloud substitution
cilegon-industrial-coast,2022-05-04T02:55:39.024000Z,,,,,,,,,,,,BLOCKED_NO_CDSE_OAUTH,Awaiting CDSE Statistical API; no scene-cloud substitution
cilegon-industrial-coast,2022-05-09T02:55:51.024000Z,,,,,,,,,,,,BLOCKED_NO_CDSE_OAUTH,Awaiting CDSE Statistical API; no scene-cloud substitution
cilegon-industrial-coast,2022-05-14T02:55:39.024000Z,,,,,,,,,,,,BLOCKED_NO_CDSE_OAUTH,Awaiting CDSE Statistical API; no scene-cloud substitution
cilegon-industrial-coast,2022-05-19T02:55:51.000000Z,,,,,,,,,,,,BLOCKED_NO_CDSE_OAUTH,Awaiting CDSE Statistical API; no scene-cloud substitution
cilegon-industrial-coast,2022-05-24T02:55:49.000000Z,,,,,,,,,,,,BLOCKED_NO_CDSE_OAUTH,Awaiting CDSE Statistical API; no scene-cloud substitution
cilegon-industrial-coast,2022-05-29T02:55:51.024000Z,,,,,,,,,,,,BLOCKED_NO_CDSE_OAUTH,Awaiting CDSE Statistical API; no scene-cloud substitution
cilegon-industrial-coast,2022-06-03T02:55:49.024000Z,,,,,,,,,,,,BLOCKED_NO_CDSE_OAUTH,Awaiting CDSE Statistical API; no scene-cloud substitution
cilegon-industrial-coast,2022-06-08T02:55:31.024000Z,,,,,,,,,,,,BLOCKED_NO_CDSE_OAUTH,Awaiting CDSE Statistical API; no scene-cloud substitution
cilegon-industrial-coast,2022-06-13T02:55:29.024000Z,,,,,,,,,,,,BLOCKED_NO_CDSE_OAUTH,Awaiting CDSE Statistical API; no scene-cloud substitution
cilegon-industrial-coast,2022-06-18T02:55:41.024000Z,,,,,,,,,,,,BLOCKED_NO_CDSE_OAUTH,Awaiting CDSE Statistical API; no scene-cloud substitution
cilegon-industrial-coast,2022-06-23T02:55:29.024000Z,,,,,,,,,,,,BLOCKED_NO_CDSE_OAUTH,Awaiting CDSE Statistical API; no scene-cloud substitution
cilegon-industrial-coast,2022-06-28T02:55:41.024000Z,,,,,,,,,,,,BLOCKED_NO_CDSE_OAUTH,Awaiting CDSE Statistical API; no scene-cloud substitution
cilegon-industrial-coast,2022-07-03T02:55:29.024000Z,,,,,,,,,,,,BLOCKED_NO_CDSE_OAUTH,Awaiting CDSE Statistical API; no scene-cloud substitution
cilegon-industrial-coast,2022-07-08T02:55:41.024000Z,,,,,,,,,,,,BLOCKED_NO_CDSE_OAUTH,Awaiting CDSE Statistical API; no scene-cloud substitution
cilegon-industrial-coast,2022-07-13T02:55:29.024000Z,,,,,,,,,,,,BLOCKED_NO_CDSE_OAUTH,Awaiting CDSE Statistical API; no scene-cloud substitution
cilegon-industrial-coast,2022-07-18T02:55:41.024000Z,,,,,,,,,,,,BLOCKED_NO_CDSE_OAUTH,Awaiting CDSE Statistical API; no scene-cloud substitution
cilegon-industrial-coast,2022-07-23T02:55:29.024000Z,,,,,,,,,,,,BLOCKED_NO_CDSE_OAUTH,Awaiting CDSE Statistical API; no scene-cloud substitution
cilegon-industrial-coast,2022-07-28T02:55:31.024000Z,,,,,,,,,,,,BLOCKED_NO_CDSE_OAUTH,Awaiting CDSE Statistical API; no scene-cloud substitution
cilegon-industrial-coast,2022-08-02T02:55:29.024000Z,,,,,,,,,,,,BLOCKED_NO_CDSE_OAUTH,Awaiting CDSE Statistical API; no scene-cloud substitution
cilegon-industrial-coast,2022-08-07T02:55:41.024000Z,,,,,,,,,,,,BLOCKED_NO_CDSE_OAUTH,Awaiting CDSE Statistical API; no scene-cloud substitution
cilegon-industrial-coast,2022-08-12T02:55:29.024000Z,,,,,,,,,,,,BLOCKED_NO_CDSE_OAUTH,Awaiting CDSE Statistical API; no scene-cloud substitution
cilegon-industrial-coast,2022-08-17T02:55:41.024000Z,,,,,,,,,,,,BLOCKED_NO_CDSE_OAUTH,Awaiting CDSE Statistical API; no scene-cloud substitution
cilegon-industrial-coast,2022-08-22T02:55:29.024000Z,,,,,,,,,,,,BLOCKED_NO_CDSE_OAUTH,Awaiting CDSE Statistical API; no scene-cloud substitution
cilegon-industrial-coast,2022-08-27T02:55:41.024000Z,,,,,,,,,,,,BLOCKED_NO_CDSE_OAUTH,Awaiting CDSE Statistical API; no scene-cloud substitution
cilegon-industrial-coast,2022-09-01T02:55:29.024000Z,,,,,,,,,,,,BLOCKED_NO_CDSE_OAUTH,Awaiting CDSE Statistical API; no scene-cloud substitution
cilegon-industrial-coast,2022-09-06T02:55:41.024000Z,,,,,,,,,,,,BLOCKED_NO_CDSE_OAUTH,Awaiting CDSE Statistical API; no scene-cloud substitution
cilegon-industrial-coast,2022-09-11T02:55:29.024000Z,,,,,,,,,,,,BLOCKED_NO_CDSE_OAUTH,Awaiting CDSE Statistical API; no scene-cloud substitution
cilegon-industrial-coast,2022-09-16T02:55:31.024000Z,,,,,,,,,,,,BLOCKED_NO_CDSE_OAUTH,Awaiting CDSE Statistical API; no scene-cloud substitution
cilegon-industrial-coast,2022-09-21T02:55:29.024000Z,,,,,,,,,,,,BLOCKED_NO_CDSE_OAUTH,Awaiting CDSE Statistical API; no scene-cloud substitution
cilegon-industrial-coast,2022-09-26T02:55:31.024000Z,,,,,,,,,,,,BLOCKED_NO_CDSE_OAUTH,Awaiting CDSE Statistical API; no scene-cloud substitution
cilegon-industrial-coast,2022-10-01T02:55:19.024000Z,,,,,,,,,,,,BLOCKED_NO_CDSE_OAUTH,Awaiting CDSE Statistical API; no scene-cloud substitution
cilegon-industrial-coast,2022-10-06T02:56:01.024000Z,,,,,,,,,,,,BLOCKED_NO_CDSE_OAUTH,Awaiting CDSE Statistical API; no scene-cloud substitution
cilegon-industrial-coast,2022-10-11T02:56:29.024000Z,,,,,,,,,,,,BLOCKED_NO_CDSE_OAUTH,Awaiting CDSE Statistical API; no scene-cloud substitution
cilegon-industrial-coast,2022-10-16T02:57:11.024000Z,,,,,,,,,,,,BLOCKED_NO_CDSE_OAUTH,Awaiting CDSE Statistical API; no scene-cloud substitution
cilegon-industrial-coast,2022-10-21T02:57:39.024000Z,,,,,,,,,,,,BLOCKED_NO_CDSE_OAUTH,Awaiting CDSE Statistical API; no scene-cloud substitution
cilegon-industrial-coast,2022-10-26T02:58:11.024000Z,,,,,,,,,,,,BLOCKED_NO_CDSE_OAUTH,Awaiting CDSE Statistical API; no scene-cloud substitution
cilegon-industrial-coast,2022-10-31T02:58:39.024000Z,,,,,,,,,,,,BLOCKED_NO_CDSE_OAUTH,Awaiting CDSE Statistical API; no scene-cloud substitution
cilegon-industrial-coast,2022-11-05T02:59:11.024000Z,,,,,,,,,,,,BLOCKED_NO_CDSE_OAUTH,Awaiting CDSE Statistical API; no scene-cloud substitution
cilegon-industrial-coast,2022-11-10T02:59:39.024000Z,,,,,,,,,,,,BLOCKED_NO_CDSE_OAUTH,Awaiting CDSE Statistical API; no scene-cloud substitution
cilegon-industrial-coast,2022-11-15T03:00:01.024000Z,,,,,,,,,,,,BLOCKED_NO_CDSE_OAUTH,Awaiting CDSE Statistical API; no scene-cloud substitution
cilegon-industrial-coast,2022-11-20T03:00:19.024000Z,,,,,,,,,,,,BLOCKED_NO_CDSE_OAUTH,Awaiting CDSE Statistical API; no scene-cloud substitution
cilegon-industrial-coast,2022-11-25T03:00:31.024000Z,,,,,,,,,,,,BLOCKED_NO_CDSE_OAUTH,Awaiting CDSE Statistical API; no scene-cloud substitution
cilegon-industrial-coast,2022-11-30T03:00:59.024000Z,,,,,,,,,,,,BLOCKED_NO_CDSE_OAUTH,Awaiting CDSE Statistical API; no scene-cloud substitution
cilegon-industrial-coast,2022-12-05T03:01:11.024000Z,,,,,,,,,,,,BLOCKED_NO_CDSE_OAUTH,Awaiting CDSE Statistical API; no scene-cloud substitution
cilegon-industrial-coast,2022-12-10T03:01:19.024000Z,,,,,,,,,,,,BLOCKED_NO_CDSE_OAUTH,Awaiting CDSE Statistical API; no scene-cloud substitution
cilegon-industrial-coast,2022-12-15T03:01:31.024000Z,,,,,,,,,,,,BLOCKED_NO_CDSE_OAUTH,Awaiting CDSE Statistical API; no scene-cloud substitution
cilegon-industrial-coast,2022-12-20T03:01:29.024000Z,,,,,,,,,,,,BLOCKED_NO_CDSE_OAUTH,Awaiting CDSE Statistical API; no scene-cloud substitution
cilegon-industrial-coast,2022-12-25T03:01:31.024000Z,,,,,,,,,,,,BLOCKED_NO_CDSE_OAUTH,Awaiting CDSE Statistical API; no scene-cloud substitution
cilegon-industrial-coast,2022-12-30T03:01:29.024000Z,,,,,,,,,,,,BLOCKED_NO_CDSE_OAUTH,Awaiting CDSE Statistical API; no scene-cloud substitution
cilegon-industrial-coast,2023-01-04T03:01:21.024000Z,,,,,,,,,,,,BLOCKED_NO_CDSE_OAUTH,Awaiting CDSE Statistical API; no scene-cloud substitution
cilegon-industrial-coast,2023-01-09T03:01:09.024000Z,,,,,,,,,,,,BLOCKED_NO_CDSE_OAUTH,Awaiting CDSE Statistical API; no scene-cloud substitution
cilegon-industrial-coast,2023-01-14T03:00:51.024000Z,,,,,,,,,,,,BLOCKED_NO_CDSE_OAUTH,Awaiting CDSE Statistical API; no scene-cloud substitution
cilegon-industrial-coast,2023-01-19T03:00:29.024000Z,,,,,,,,,,,,BLOCKED_NO_CDSE_OAUTH,Awaiting CDSE Statistical API; no scene-cloud substitution
cilegon-industrial-coast,2023-01-24T03:00:11.024000Z,,,,,,,,,,,,BLOCKED_NO_CDSE_OAUTH,Awaiting CDSE Statistical API; no scene-cloud substitution
cilegon-industrial-coast,2023-01-29T02:59:59.024000Z,,,,,,,,,,,,BLOCKED_NO_CDSE_OAUTH,Awaiting CDSE Statistical API; no scene-cloud substitution
cilegon-industrial-coast,2023-02-03T02:59:31.024000Z,,,,,,,,,,,,BLOCKED_NO_CDSE_OAUTH,Awaiting CDSE Statistical API; no scene-cloud substitution
cilegon-industrial-coast,2023-02-08T02:58:59.024000Z,,,,,,,,,,,,BLOCKED_NO_CDSE_OAUTH,Awaiting CDSE Statistical API; no scene-cloud substitution
cilegon-industrial-coast,2023-02-13T02:58:31.024000Z,,,,,,,,,,,,BLOCKED_NO_CDSE_OAUTH,Awaiting CDSE Statistical API; no scene-cloud substitution
cilegon-industrial-coast,2023-02-18T02:57:59.024000Z,,,,,,,,,,,,BLOCKED_NO_CDSE_OAUTH,Awaiting CDSE Statistical API; no scene-cloud substitution
cilegon-industrial-coast,2023-02-23T02:57:21.024000Z,,,,,,,,,,,,BLOCKED_NO_CDSE_OAUTH,Awaiting CDSE Statistical API; no scene-cloud substitution
cilegon-industrial-coast,2023-02-28T02:56:49.025000Z,,,,,,,,,,,,BLOCKED_NO_CDSE_OAUTH,Awaiting CDSE Statistical API; no scene-cloud substitution
cilegon-industrial-coast,2023-03-05T02:56:11.024000Z,,,,,,,,,,,,BLOCKED_NO_CDSE_OAUTH,Awaiting CDSE Statistical API; no scene-cloud substitution
cilegon-industrial-coast,2023-03-10T02:55:39.025000Z,,,,,,,,,,,,BLOCKED_NO_CDSE_OAUTH,Awaiting CDSE Statistical API; no scene-cloud substitution
cilegon-industrial-coast,2023-03-15T02:55:21.024000Z,,,,,,,,,,,,BLOCKED_NO_CDSE_OAUTH,Awaiting CDSE Statistical API; no scene-cloud substitution
cilegon-industrial-coast,2023-03-20T02:55:29.024000Z,,,,,,,,,,,,BLOCKED_NO_CDSE_OAUTH,Awaiting CDSE Statistical API; no scene-cloud substitution
cilegon-industrial-coast,2023-03-25T02:55:21.024000Z,,,,,,,,,,,,BLOCKED_NO_CDSE_OAUTH,Awaiting CDSE Statistical API; no scene-cloud substitution
cilegon-industrial-coast,2023-03-30T02:55:29.024000Z,,,,,,,,,,,,BLOCKED_NO_CDSE_OAUTH,Awaiting CDSE Statistical API; no scene-cloud substitution
cilegon-industrial-coast,2023-04-04T02:55:21.024000Z,,,,,,,,,,,,BLOCKED_NO_CDSE_OAUTH,Awaiting CDSE Statistical API; no scene-cloud substitution
cilegon-industrial-coast,2023-04-09T02:55:29.024000Z,,,,,,,,,,,,BLOCKED_NO_CDSE_OAUTH,Awaiting CDSE Statistical API; no scene-cloud substitution
cilegon-industrial-coast,2023-04-14T02:55:21.024000Z,,,,,,,,,,,,BLOCKED_NO_CDSE_OAUTH,Awaiting CDSE Statistical API; no scene-cloud substitution
cilegon-industrial-coast,2023-04-19T02:55:29.024000Z,,,,,,,,,,,,BLOCKED_NO_CDSE_OAUTH,Awaiting CDSE Statistical API; no scene-cloud substitution
cilegon-industrial-coast,2023-04-24T02:55:21.024000Z,,,,,,,,,,,,BLOCKED_NO_CDSE_OAUTH,Awaiting CDSE Statistical API; no scene-cloud substitution
cilegon-industrial-coast,2023-04-29T02:55:29.024000Z,,,,,,,,,,,,BLOCKED_NO_CDSE_OAUTH,Awaiting CDSE Statistical API; no scene-cloud substitution
cilegon-industrial-coast,2023-05-04T02:55:21.024000Z,,,,,,,,,,,,BLOCKED_NO_CDSE_OAUTH,Awaiting CDSE Statistical API; no scene-cloud substitution
cilegon-industrial-coast,2023-05-09T02:55:29.024000Z,,,,,,,,,,,,BLOCKED_NO_CDSE_OAUTH,Awaiting CDSE Statistical API; no scene-cloud substitution
cilegon-industrial-coast,2023-05-14T02:55:21.024000Z,,,,,,,,,,,,BLOCKED_NO_CDSE_OAUTH,Awaiting CDSE Statistical API; no scene-cloud substitution
cilegon-industrial-coast,2023-05-19T02:55:29.024000Z,,,,,,,,,,,,BLOCKED_NO_CDSE_OAUTH,Awaiting CDSE Statistical API; no scene-cloud substitution
cilegon-industrial-coast,2023-05-24T02:55:31.024000Z,,,,,,,,,,,,BLOCKED_NO_CDSE_OAUTH,Awaiting CDSE Statistical API; no scene-cloud substitution
cilegon-industrial-coast,2023-05-29T02:55:29.024000Z,,,,,,,,,,,,BLOCKED_NO_CDSE_OAUTH,Awaiting CDSE Statistical API; no scene-cloud substitution
cilegon-industrial-coast,2023-06-03T02:55:31.024000Z,,,,,,,,,,,,BLOCKED_NO_CDSE_OAUTH,Awaiting CDSE Statistical API; no scene-cloud substitution
cilegon-industrial-coast,2023-06-08T02:55:29.024000Z,,,,,,,,,,,,BLOCKED_NO_CDSE_OAUTH,Awaiting CDSE Statistical API; no scene-cloud substitution
cilegon-industrial-coast,2023-06-13T02:55:31.024000Z,,,,,,,,,,,,BLOCKED_NO_CDSE_OAUTH,Awaiting CDSE Statistical API; no scene-cloud substitution
cilegon-industrial-coast,2023-06-18T02:55:29.024000Z,,,,,,,,,,,,BLOCKED_NO_CDSE_OAUTH,Awaiting CDSE Statistical API; no scene-cloud substitution
cilegon-industrial-coast,2023-06-23T02:55:31.024000Z,,,,,,,,,,,,BLOCKED_NO_CDSE_OAUTH,Awaiting CDSE Statistical API; no scene-cloud substitution
cilegon-industrial-coast,2023-06-28T02:55:29.024000Z,,,,,,,,,,,,BLOCKED_NO_CDSE_OAUTH,Awaiting CDSE Statistical API; no scene-cloud substitution
cilegon-industrial-coast,2023-07-03T02:55:31.024000Z,,,,,,,,,,,,BLOCKED_NO_CDSE_OAUTH,Awaiting CDSE Statistical API; no scene-cloud substitution
cilegon-industrial-coast,2023-07-08T02:55:29.024000Z,,,,,,,,,,,,BLOCKED_NO_CDSE_OAUTH,Awaiting CDSE Statistical API; no scene-cloud substitution
cilegon-industrial-coast,2023-07-13T02:55:51.024000Z,,,,,,,,,,,,BLOCKED_NO_CDSE_OAUTH,Awaiting CDSE Statistical API; no scene-cloud substitution
cilegon-industrial-coast,2023-07-18T02:55:29.024000Z,,,,,,,,,,,,BLOCKED_NO_CDSE_OAUTH,Awaiting CDSE Statistical API; no scene-cloud substitution
cilegon-industrial-coast,2023-07-23T02:55:31.024000Z,,,,,,,,,,,,BLOCKED_NO_CDSE_OAUTH,Awaiting CDSE Statistical API; no scene-cloud substitution
cilegon-industrial-coast,2023-07-28T02:55:29.024000Z,,,,,,,,,,,,BLOCKED_NO_CDSE_OAUTH,Awaiting CDSE Statistical API; no scene-cloud substitution
cilegon-industrial-coast,2023-08-02T02:55:31.024000Z,,,,,,,,,,,,BLOCKED_NO_CDSE_OAUTH,Awaiting CDSE Statistical API; no scene-cloud substitution
cilegon-industrial-coast,2023-08-07T02:55:29.024000Z,,,,,,,,,,,,BLOCKED_NO_CDSE_OAUTH,Awaiting CDSE Statistical API; no scene-cloud substitution
cilegon-industrial-coast,2023-08-12T02:55:51.024000Z,,,,,,,,,,,,BLOCKED_NO_CDSE_OAUTH,Awaiting CDSE Statistical API; no scene-cloud substitution
cilegon-industrial-coast,2023-08-17T02:55:29.024000Z,,,,,,,,,,,,BLOCKED_NO_CDSE_OAUTH,Awaiting CDSE Statistical API; no scene-cloud substitution
cilegon-industrial-coast,2023-08-22T02:55:31.024000Z,,,,,,,,,,,,BLOCKED_NO_CDSE_OAUTH,Awaiting CDSE Statistical API; no scene-cloud substitution
cilegon-industrial-coast,2023-08-27T02:55:29.024000Z,,,,,,,,,,,,BLOCKED_NO_CDSE_OAUTH,Awaiting CDSE Statistical API; no scene-cloud substitution
cilegon-industrial-coast,2023-09-01T02:55:31.024000Z,,,,,,,,,,,,BLOCKED_NO_CDSE_OAUTH,Awaiting CDSE Statistical API; no scene-cloud substitution
cilegon-industrial-coast,2023-09-06T02:55:29.024000Z,,,,,,,,,,,,BLOCKED_NO_CDSE_OAUTH,Awaiting CDSE Statistical API; no scene-cloud substitution
cilegon-industrial-coast,2023-09-11T02:55:31.024000Z,,,,,,,,,,,,BLOCKED_NO_CDSE_OAUTH,Awaiting CDSE Statistical API; no scene-cloud substitution
cilegon-industrial-coast,2023-09-16T02:55:29.024000Z,,,,,,,,,,,,BLOCKED_NO_CDSE_OAUTH,Awaiting CDSE Statistical API; no scene-cloud substitution
cilegon-industrial-coast,2023-09-21T02:55:31.024000Z,,,,,,,,,,,,BLOCKED_NO_CDSE_OAUTH,Awaiting CDSE Statistical API; no scene-cloud substitution
cilegon-industrial-coast,2023-09-26T02:55:29.024000Z,,,,,,,,,,,,BLOCKED_NO_CDSE_OAUTH,Awaiting CDSE Statistical API; no scene-cloud substitution
cilegon-industrial-coast,2023-10-01T02:55:31.024000Z,,,,,,,,,,,,BLOCKED_NO_CDSE_OAUTH,Awaiting CDSE Statistical API; no scene-cloud substitution
cilegon-industrial-coast,2023-10-06T02:55:59.024000Z,,,,,,,,,,,,BLOCKED_NO_CDSE_OAUTH,Awaiting CDSE Statistical API; no scene-cloud substitution
cilegon-industrial-coast,2023-10-11T02:56:31.024000Z,,,,,,,,,,,,BLOCKED_NO_CDSE_OAUTH,Awaiting CDSE Statistical API; no scene-cloud substitution
cilegon-industrial-coast,2023-10-16T02:57:09.024000Z,,,,,,,,,,,,BLOCKED_NO_CDSE_OAUTH,Awaiting CDSE Statistical API; no scene-cloud substitution
cilegon-industrial-coast,2023-10-21T02:57:41.024000Z,,,,,,,,,,,,BLOCKED_NO_CDSE_OAUTH,Awaiting CDSE Statistical API; no scene-cloud substitution
cilegon-industrial-coast,2023-10-26T02:58:09.024000Z,,,,,,,,,,,,BLOCKED_NO_CDSE_OAUTH,Awaiting CDSE Statistical API; no scene-cloud substitution
cilegon-industrial-coast,2023-10-31T02:58:31.024000Z,,,,,,,,,,,,BLOCKED_NO_CDSE_OAUTH,Awaiting CDSE Statistical API; no scene-cloud substitution
cilegon-industrial-coast,2023-11-05T02:59:09.024000Z,,,,,,,,,,,,BLOCKED_NO_CDSE_OAUTH,Awaiting CDSE Statistical API; no scene-cloud substitution
cilegon-industrial-coast,2023-11-10T02:59:31.024000Z,,,,,,,,,,,,BLOCKED_NO_CDSE_OAUTH,Awaiting CDSE Statistical API; no scene-cloud substitution
cilegon-industrial-coast,2023-11-15T02:59:59.024000Z,,,,,,,,,,,,BLOCKED_NO_CDSE_OAUTH,Awaiting CDSE Statistical API; no scene-cloud substitution
cilegon-industrial-coast,2023-11-20T03:00:21.024000Z,,,,,,,,,,,,BLOCKED_NO_CDSE_OAUTH,Awaiting CDSE Statistical API; no scene-cloud substitution
cilegon-industrial-coast,2023-11-25T03:00:29.024000Z,,,,,,,,,,,,BLOCKED_NO_CDSE_OAUTH,Awaiting CDSE Statistical API; no scene-cloud substitution
cilegon-industrial-coast,2023-11-30T03:00:51.024000Z,,,,,,,,,,,,BLOCKED_NO_CDSE_OAUTH,Awaiting CDSE Statistical API; no scene-cloud substitution
cilegon-industrial-coast,2023-12-10T03:01:21.024000Z,,,,,,,,,,,,BLOCKED_NO_CDSE_OAUTH,Awaiting CDSE Statistical API; no scene-cloud substitution
cilegon-industrial-coast,2023-12-15T03:01:29.024000Z,,,,,,,,,,,,BLOCKED_NO_CDSE_OAUTH,Awaiting CDSE Statistical API; no scene-cloud substitution
cilegon-industrial-coast,2023-12-20T03:01:31.024000Z,,,,,,,,,,,,BLOCKED_NO_CDSE_OAUTH,Awaiting CDSE Statistical API; no scene-cloud substitution
cilegon-industrial-coast,2023-12-25T03:01:39.024000Z,,,,,,,,,,,,BLOCKED_NO_CDSE_OAUTH,Awaiting CDSE Statistical API; no scene-cloud substitution
cilegon-industrial-coast,2023-12-30T03:01:31.024000Z,,,,,,,,,,,,BLOCKED_NO_CDSE_OAUTH,Awaiting CDSE Statistical API; no scene-cloud substitution
cilegon-industrial-coast,2024-01-04T03:01:19.024000Z,,,,,,,,,,,,BLOCKED_NO_CDSE_OAUTH,Awaiting CDSE Statistical API; no scene-cloud substitution
cilegon-industrial-coast,2024-01-09T03:01:11.024000Z,,,,,,,,,,,,BLOCKED_NO_CDSE_OAUTH,Awaiting CDSE Statistical API; no scene-cloud substitution
cilegon-industrial-coast,2024-01-14T03:00:59.024000Z,,,,,,,,,,,,BLOCKED_NO_CDSE_OAUTH,Awaiting CDSE Statistical API; no scene-cloud substitution
cilegon-industrial-coast,2024-01-19T03:00:21.024000Z,,,,,,,,,,,,BLOCKED_NO_CDSE_OAUTH,Awaiting CDSE Statistical API; no scene-cloud substitution
cilegon-industrial-coast,2024-01-24T03:00:19.024000Z,,,,,,,,,,,,BLOCKED_NO_CDSE_OAUTH,Awaiting CDSE Statistical API; no scene-cloud substitution
cilegon-industrial-coast,2024-01-29T02:59:51.024000Z,,,,,,,,,,,,BLOCKED_NO_CDSE_OAUTH,Awaiting CDSE Statistical API; no scene-cloud substitution
cilegon-industrial-coast,2024-02-03T02:59:29.024000Z,,,,,,,,,,,,BLOCKED_NO_CDSE_OAUTH,Awaiting CDSE Statistical API; no scene-cloud substitution
cilegon-industrial-coast,2024-02-08T02:59:01.024000Z,,,,,,,,,,,,BLOCKED_NO_CDSE_OAUTH,Awaiting CDSE Statistical API; no scene-cloud substitution
cilegon-industrial-coast,2024-02-13T02:58:29.024000Z,,,,,,,,,,,,BLOCKED_NO_CDSE_OAUTH,Awaiting CDSE Statistical API; no scene-cloud substitution
cilegon-industrial-coast,2024-02-18T02:58:01.024000Z,,,,,,,,,,,,BLOCKED_NO_CDSE_OAUTH,Awaiting CDSE Statistical API; no scene-cloud substitution
cilegon-industrial-coast,2024-02-23T02:57:29.024000Z,,,,,,,,,,,,BLOCKED_NO_CDSE_OAUTH,Awaiting CDSE Statistical API; no scene-cloud substitution
cilegon-industrial-coast,2024-02-28T02:56:51.024000Z,,,,,,,,,,,,BLOCKED_NO_CDSE_OAUTH,Awaiting CDSE Statistical API; no scene-cloud substitution
cilegon-industrial-coast,2024-03-04T02:56:09.024000Z,,,,,,,,,,,,BLOCKED_NO_CDSE_OAUTH,Awaiting CDSE Statistical API; no scene-cloud substitution
cilegon-industrial-coast,2024-03-09T02:55:31.024000Z,,,,,,,,,,,,BLOCKED_NO_CDSE_OAUTH,Awaiting CDSE Statistical API; no scene-cloud substitution
cilegon-industrial-coast,2024-03-14T02:55:19.024000Z,,,,,,,,,,,,BLOCKED_NO_CDSE_OAUTH,Awaiting CDSE Statistical API; no scene-cloud substitution
cilegon-industrial-coast,2024-03-19T02:55:31.024000Z,,,,,,,,,,,,BLOCKED_NO_CDSE_OAUTH,Awaiting CDSE Statistical API; no scene-cloud substitution
cilegon-industrial-coast,2024-03-24T02:55:29.024000Z,,,,,,,,,,,,BLOCKED_NO_CDSE_OAUTH,Awaiting CDSE Statistical API; no scene-cloud substitution
cilegon-industrial-coast,2024-03-29T02:55:41.024000Z,,,,,,,,,,,,BLOCKED_NO_CDSE_OAUTH,Awaiting CDSE Statistical API; no scene-cloud substitution
cilegon-industrial-coast,2024-04-03T02:55:19.024000Z,,,,,,,,,,,,BLOCKED_NO_CDSE_OAUTH,Awaiting CDSE Statistical API; no scene-cloud substitution
cilegon-industrial-coast,2024-04-08T03:04:51.024000Z,,,,,,,,,,,,BLOCKED_NO_CDSE_OAUTH,Awaiting CDSE Statistical API; no scene-cloud substitution
cilegon-industrial-coast,2024-04-13T02:55:29.024000Z,,,,,,,,,,,,BLOCKED_NO_CDSE_OAUTH,Awaiting CDSE Statistical API; no scene-cloud substitution
cilegon-industrial-coast,2024-04-18T03:05:01.024000Z,,,,,,,,,,,,BLOCKED_NO_CDSE_OAUTH,Awaiting CDSE Statistical API; no scene-cloud substitution
cilegon-industrial-coast,2024-04-23T02:55:29.024000Z,,,,,,,,,,,,BLOCKED_NO_CDSE_OAUTH,Awaiting CDSE Statistical API; no scene-cloud substitution
cilegon-industrial-coast,2024-04-28T02:55:31.024000Z,,,,,,,,,,,,BLOCKED_NO_CDSE_OAUTH,Awaiting CDSE Statistical API; no scene-cloud substitution
cilegon-industrial-coast,2024-05-03T02:55:29.024000Z,,,,,,,,,,,,BLOCKED_NO_CDSE_OAUTH,Awaiting CDSE Statistical API; no scene-cloud substitution
cilegon-industrial-coast,2024-05-08T02:55:51.024000Z,,,,,,,,,,,,BLOCKED_NO_CDSE_OAUTH,Awaiting CDSE Statistical API; no scene-cloud substitution
cilegon-industrial-coast,2024-05-13T02:55:29.024000Z,,,,,,,,,,,,BLOCKED_NO_CDSE_OAUTH,Awaiting CDSE Statistical API; no scene-cloud substitution
cilegon-industrial-coast,2024-05-18T02:55:31.024000Z,,,,,,,,,,,,BLOCKED_NO_CDSE_OAUTH,Awaiting CDSE Statistical API; no scene-cloud substitution
cilegon-industrial-coast,2024-05-23T02:55:29.024000Z,,,,,,,,,,,,BLOCKED_NO_CDSE_OAUTH,Awaiting CDSE Statistical API; no scene-cloud substitution
cilegon-industrial-coast,2024-05-28T02:55:51.024000Z,,,,,,,,,,,,BLOCKED_NO_CDSE_OAUTH,Awaiting CDSE Statistical API; no scene-cloud substitution
cilegon-industrial-coast,2024-06-02T02:55:29.024000Z,,,,,,,,,,,,BLOCKED_NO_CDSE_OAUTH,Awaiting CDSE Statistical API; no scene-cloud substitution
cilegon-industrial-coast,2024-06-07T02:55:31.024000Z,,,,,,,,,,,,BLOCKED_NO_CDSE_OAUTH,Awaiting CDSE Statistical API; no scene-cloud substitution
cilegon-industrial-coast,2024-06-12T02:55:29.024000Z,,,,,,,,,,,,BLOCKED_NO_CDSE_OAUTH,Awaiting CDSE Statistical API; no scene-cloud substitution
cilegon-industrial-coast,2024-06-17T02:55:31.024000Z,,,,,,,,,,,,BLOCKED_NO_CDSE_OAUTH,Awaiting CDSE Statistical API; no scene-cloud substitution
cilegon-industrial-coast,2024-06-22T02:55:29.024000Z,,,,,,,,,,,,BLOCKED_NO_CDSE_OAUTH,Awaiting CDSE Statistical API; no scene-cloud substitution
cilegon-industrial-coast,2024-06-27T02:55:31.024000Z,,,,,,,,,,,,BLOCKED_NO_CDSE_OAUTH,Awaiting CDSE Statistical API; no scene-cloud substitution
cilegon-industrial-coast,2024-07-02T02:55:29.024000Z,,,,,,,,,,,,BLOCKED_NO_CDSE_OAUTH,Awaiting CDSE Statistical API; no scene-cloud substitution
cilegon-industrial-coast,2024-07-07T02:55:31.024000Z,,,,,,,,,,,,BLOCKED_NO_CDSE_OAUTH,Awaiting CDSE Statistical API; no scene-cloud substitution
cilegon-industrial-coast,2024-07-12T02:55:29.024000Z,,,,,,,,,,,,BLOCKED_NO_CDSE_OAUTH,Awaiting CDSE Statistical API; no scene-cloud substitution
cilegon-industrial-coast,2024-07-17T02:55:51.024000Z,,,,,,,,,,,,BLOCKED_NO_CDSE_OAUTH,Awaiting CDSE Statistical API; no scene-cloud substitution
cilegon-industrial-coast,2024-07-22T02:55:29.024000Z,,,,,,,,,,,,BLOCKED_NO_CDSE_OAUTH,Awaiting CDSE Statistical API; no scene-cloud substitution
cilegon-industrial-coast,2024-07-27T02:55:31.024000Z,,,,,,,,,,,,BLOCKED_NO_CDSE_OAUTH,Awaiting CDSE Statistical API; no scene-cloud substitution
cilegon-industrial-coast,2024-08-01T02:55:29.024000Z,,,,,,,,,,,,BLOCKED_NO_CDSE_OAUTH,Awaiting CDSE Statistical API; no scene-cloud substitution
cilegon-industrial-coast,2024-08-06T02:55:51.024000Z,,,,,,,,,,,,BLOCKED_NO_CDSE_OAUTH,Awaiting CDSE Statistical API; no scene-cloud substitution
cilegon-industrial-coast,2024-08-11T02:55:29.024000Z,,,,,,,,,,,,BLOCKED_NO_CDSE_OAUTH,Awaiting CDSE Statistical API; no scene-cloud substitution
cilegon-industrial-coast,2024-08-16T02:55:51.024000Z,,,,,,,,,,,,BLOCKED_NO_CDSE_OAUTH,Awaiting CDSE Statistical API; no scene-cloud substitution
cilegon-industrial-coast,2024-08-21T02:55:29.024000Z,,,,,,,,,,,,BLOCKED_NO_CDSE_OAUTH,Awaiting CDSE Statistical API; no scene-cloud substitution
cilegon-industrial-coast,2024-08-26T02:55:21.024000Z,,,,,,,,,,,,BLOCKED_NO_CDSE_OAUTH,Awaiting CDSE Statistical API; no scene-cloud substitution
cilegon-industrial-coast,2024-08-31T02:55:29.024000Z,,,,,,,,,,,,BLOCKED_NO_CDSE_OAUTH,Awaiting CDSE Statistical API; no scene-cloud substitution
cilegon-industrial-coast,2024-09-05T02:55:21.024000Z,,,,,,,,,,,,BLOCKED_NO_CDSE_OAUTH,Awaiting CDSE Statistical API; no scene-cloud substitution
cilegon-industrial-coast,2024-09-10T02:55:29.024000Z,,,,,,,,,,,,BLOCKED_NO_CDSE_OAUTH,Awaiting CDSE Statistical API; no scene-cloud substitution
cilegon-industrial-coast,2024-09-15T02:55:21.024000Z,,,,,,,,,,,,BLOCKED_NO_CDSE_OAUTH,Awaiting CDSE Statistical API; no scene-cloud substitution
cilegon-industrial-coast,2024-09-20T02:55:19.024000Z,,,,,,,,,,,,BLOCKED_NO_CDSE_OAUTH,Awaiting CDSE Statistical API; no scene-cloud substitution
cilegon-industrial-coast,2024-09-25T02:55:31.024000Z,,,,,,,,,,,,BLOCKED_NO_CDSE_OAUTH,Awaiting CDSE Statistical API; no scene-cloud substitution
cilegon-industrial-coast,2024-09-30T02:55:29.024000Z,,,,,,,,,,,,BLOCKED_NO_CDSE_OAUTH,Awaiting CDSE Statistical API; no scene-cloud substitution
cilegon-industrial-coast,2024-10-05T02:56:01.024000Z,,,,,,,,,,,,BLOCKED_NO_CDSE_OAUTH,Awaiting CDSE Statistical API; no scene-cloud substitution
cilegon-industrial-coast,2024-10-10T02:55:29.024000Z,,,,,,,,,,,,BLOCKED_NO_CDSE_OAUTH,Awaiting CDSE Statistical API; no scene-cloud substitution
cilegon-industrial-coast,2024-10-15T02:57:01.024000Z,,,,,,,,,,,,BLOCKED_NO_CDSE_OAUTH,Awaiting CDSE Statistical API; no scene-cloud substitution
cilegon-industrial-coast,2024-10-20T02:56:49.024000Z,,,,,,,,,,,,BLOCKED_NO_CDSE_OAUTH,Awaiting CDSE Statistical API; no scene-cloud substitution
cilegon-industrial-coast,2024-10-25T02:58:11.024000Z,,,,,,,,,,,,BLOCKED_NO_CDSE_OAUTH,Awaiting CDSE Statistical API; no scene-cloud substitution
cilegon-industrial-coast,2024-10-30T02:57:49.024000Z,,,,,,,,,,,,BLOCKED_NO_CDSE_OAUTH,Awaiting CDSE Statistical API; no scene-cloud substitution
cilegon-industrial-coast,2024-11-04T02:59:11.024000Z,,,,,,,,,,,,BLOCKED_NO_CDSE_OAUTH,Awaiting CDSE Statistical API; no scene-cloud substitution
cilegon-industrial-coast,2024-11-04T03:20:11.024000Z,,,,,,,,,,,,BLOCKED_NO_CDSE_OAUTH,Awaiting CDSE Statistical API; no scene-cloud substitution
cilegon-industrial-coast,2024-11-09T02:58:29.024000Z,,,,,,,,,,,,BLOCKED_NO_CDSE_OAUTH,Awaiting CDSE Statistical API; no scene-cloud substitution
cilegon-industrial-coast,2024-11-14T03:00:01.024000Z,,,,,,,,,,,,BLOCKED_NO_CDSE_OAUTH,Awaiting CDSE Statistical API; no scene-cloud substitution
cilegon-industrial-coast,2024-11-19T02:59:29.024000Z,,,,,,,,,,,,BLOCKED_NO_CDSE_OAUTH,Awaiting CDSE Statistical API; no scene-cloud substitution
cilegon-industrial-coast,2024-11-24T03:00:31.024000Z,,,,,,,,,,,,BLOCKED_NO_CDSE_OAUTH,Awaiting CDSE Statistical API; no scene-cloud substitution
cilegon-industrial-coast,2024-11-24T03:20:11.025000Z,,,,,,,,,,,,BLOCKED_NO_CDSE_OAUTH,Awaiting CDSE Statistical API; no scene-cloud substitution
cilegon-industrial-coast,2024-11-29T03:00:09.024000Z,,,,,,,,,,,,BLOCKED_NO_CDSE_OAUTH,Awaiting CDSE Statistical API; no scene-cloud substitution
cilegon-industrial-coast,2024-12-04T03:01:11.024000Z,,,,,,,,,,,,BLOCKED_NO_CDSE_OAUTH,Awaiting CDSE Statistical API; no scene-cloud substitution
cilegon-industrial-coast,2024-12-04T03:20:11.025000Z,,,,,,,,,,,,BLOCKED_NO_CDSE_OAUTH,Awaiting CDSE Statistical API; no scene-cloud substitution
cilegon-industrial-coast,2024-12-09T03:00:29.024000Z,,,,,,,,,,,,BLOCKED_NO_CDSE_OAUTH,Awaiting CDSE Statistical API; no scene-cloud substitution
cilegon-industrial-coast,2024-12-14T03:01:31.024000Z,,,,,,,,,,,,BLOCKED_NO_CDSE_OAUTH,Awaiting CDSE Statistical API; no scene-cloud substitution
cilegon-industrial-coast,2024-12-14T03:02:01.025000Z,,,,,,,,,,,,BLOCKED_NO_CDSE_OAUTH,Awaiting CDSE Statistical API; no scene-cloud substitution
cilegon-industrial-coast,2024-12-19T03:00:29.024000Z,,,,,,,,,,,,BLOCKED_NO_CDSE_OAUTH,Awaiting CDSE Statistical API; no scene-cloud substitution
cilegon-industrial-coast,2024-12-24T03:01:31.024000Z,,,,,,,,,,,,BLOCKED_NO_CDSE_OAUTH,Awaiting CDSE Statistical API; no scene-cloud substitution
cilegon-industrial-coast,2024-12-29T03:00:29.024000Z,,,,,,,,,,,,BLOCKED_NO_CDSE_OAUTH,Awaiting CDSE Statistical API; no scene-cloud substitution
cilegon-industrial-coast,2025-01-03T03:01:21.024000Z,,,,,,,,,,,,BLOCKED_NO_CDSE_OAUTH,Awaiting CDSE Statistical API; no scene-cloud substitution
cilegon-industrial-coast,2025-01-08T03:00:19.024000Z,,,,,,,,,,,,BLOCKED_NO_CDSE_OAUTH,Awaiting CDSE Statistical API; no scene-cloud substitution
cilegon-industrial-coast,2025-01-13T03:01:01.024000Z,,,,,,,,,,,,BLOCKED_NO_CDSE_OAUTH,Awaiting CDSE Statistical API; no scene-cloud substitution
cilegon-industrial-coast,2025-01-18T02:59:49.024000Z,,,,,,,,,,,,BLOCKED_NO_CDSE_OAUTH,Awaiting CDSE Statistical API; no scene-cloud substitution
cilegon-industrial-coast,2025-01-23T03:00:51.025000Z,,,,,,,,,,,,BLOCKED_NO_CDSE_OAUTH,Awaiting CDSE Statistical API; no scene-cloud substitution
cilegon-industrial-coast,2025-01-28T02:59:09.024000Z,,,,,,,,,,,,BLOCKED_NO_CDSE_OAUTH,Awaiting CDSE Statistical API; no scene-cloud substitution
cilegon-industrial-coast,2025-02-02T03:00:01.025000Z,,,,,,,,,,,,BLOCKED_NO_CDSE_OAUTH,Awaiting CDSE Statistical API; no scene-cloud substitution
cilegon-industrial-coast,2025-02-07T02:58:09.024000Z,,,,,,,,,,,,BLOCKED_NO_CDSE_OAUTH,Awaiting CDSE Statistical API; no scene-cloud substitution
cilegon-industrial-coast,2025-02-12T02:59:01.025000Z,,,,,,,,,,,,BLOCKED_NO_CDSE_OAUTH,Awaiting CDSE Statistical API; no scene-cloud substitution
cilegon-industrial-coast,2025-02-17T02:57:09.024000Z,,,,,,,,,,,,BLOCKED_NO_CDSE_OAUTH,Awaiting CDSE Statistical API; no scene-cloud substitution
cilegon-industrial-coast,2025-02-22T02:57:51.025000Z,,,,,,,,,,,,BLOCKED_NO_CDSE_OAUTH,Awaiting CDSE Statistical API; no scene-cloud substitution
cilegon-industrial-coast,2025-02-27T02:55:59.024000Z,,,,,,,,,,,,BLOCKED_NO_CDSE_OAUTH,Awaiting CDSE Statistical API; no scene-cloud substitution
cilegon-industrial-coast,2025-03-04T02:56:41.025000Z,,,,,,,,,,,,BLOCKED_NO_CDSE_OAUTH,Awaiting CDSE Statistical API; no scene-cloud substitution
cilegon-industrial-coast,2025-03-09T02:55:29.024000Z,,,,,,,,,,,,BLOCKED_NO_CDSE_OAUTH,Awaiting CDSE Statistical API; no scene-cloud substitution
cilegon-industrial-coast,2025-03-14T02:55:51.025000Z,,,,,,,,,,,,BLOCKED_NO_CDSE_OAUTH,Awaiting CDSE Statistical API; no scene-cloud substitution
cilegon-industrial-coast,2025-03-19T02:55:29.024000Z,,,,,,,,,,,,BLOCKED_NO_CDSE_OAUTH,Awaiting CDSE Statistical API; no scene-cloud substitution
cilegon-industrial-coast,2025-03-24T02:55:51.025000Z,,,,,,,,,,,,BLOCKED_NO_CDSE_OAUTH,Awaiting CDSE Statistical API; no scene-cloud substitution
cilegon-industrial-coast,2025-03-29T02:55:29.024000Z,,,,,,,,,,,,BLOCKED_NO_CDSE_OAUTH,Awaiting CDSE Statistical API; no scene-cloud substitution
cilegon-industrial-coast,2025-04-03T02:55:51.025000Z,,,,,,,,,,,,BLOCKED_NO_CDSE_OAUTH,Awaiting CDSE Statistical API; no scene-cloud substitution
cilegon-industrial-coast,2025-04-08T02:55:29.024000Z,,,,,,,,,,,,BLOCKED_NO_CDSE_OAUTH,Awaiting CDSE Statistical API; no scene-cloud substitution
cilegon-industrial-coast,2025-04-13T02:55:51.025000Z,,,,,,,,,,,,BLOCKED_NO_CDSE_OAUTH,Awaiting CDSE Statistical API; no scene-cloud substitution
cilegon-industrial-coast,2025-04-15T03:01:51.024000Z,,,,,,,,,,,,BLOCKED_NO_CDSE_OAUTH,Awaiting CDSE Statistical API; no scene-cloud substitution
cilegon-industrial-coast,2025-04-18T02:55:29.024000Z,,,,,,,,,,,,BLOCKED_NO_CDSE_OAUTH,Awaiting CDSE Statistical API; no scene-cloud substitution
cilegon-industrial-coast,2025-04-23T02:55:51.025000Z,,,,,,,,,,,,BLOCKED_NO_CDSE_OAUTH,Awaiting CDSE Statistical API; no scene-cloud substitution
cilegon-industrial-coast,2025-04-28T02:55:29.024000Z,,,,,,,,,,,,BLOCKED_NO_CDSE_OAUTH,Awaiting CDSE Statistical API; no scene-cloud substitution
cilegon-industrial-coast,2025-05-03T02:55:51.025000Z,,,,,,,,,,,,BLOCKED_NO_CDSE_OAUTH,Awaiting CDSE Statistical API; no scene-cloud substitution
cilegon-industrial-coast,2025-05-05T03:01:51.024000Z,,,,,,,,,,,,BLOCKED_NO_CDSE_OAUTH,Awaiting CDSE Statistical API; no scene-cloud substitution
cilegon-industrial-coast,2025-05-08T02:55:29.024000Z,,,,,,,,,,,,BLOCKED_NO_CDSE_OAUTH,Awaiting CDSE Statistical API; no scene-cloud substitution
cilegon-industrial-coast,2025-05-13T02:55:41.024000Z,,,,,,,,,,,,BLOCKED_NO_CDSE_OAUTH,Awaiting CDSE Statistical API; no scene-cloud substitution
cilegon-industrial-coast,2025-05-18T02:55:29.024000Z,,,,,,,,,,,,BLOCKED_NO_CDSE_OAUTH,Awaiting CDSE Statistical API; no scene-cloud substitution
cilegon-industrial-coast,2025-05-23T02:55:41.025000Z,,,,,,,,,,,,BLOCKED_NO_CDSE_OAUTH,Awaiting CDSE Statistical API; no scene-cloud substitution
cilegon-industrial-coast,2025-05-25T03:01:51.024000Z,,,,,,,,,,,,BLOCKED_NO_CDSE_OAUTH,Awaiting CDSE Statistical API; no scene-cloud substitution
cilegon-industrial-coast,2025-05-28T02:55:29.024000Z,,,,,,,,,,,,BLOCKED_NO_CDSE_OAUTH,Awaiting CDSE Statistical API; no scene-cloud substitution
cilegon-industrial-coast,2025-06-02T02:56:01.025000Z,,,,,,,,,,,,BLOCKED_NO_CDSE_OAUTH,Awaiting CDSE Statistical API; no scene-cloud substitution
cilegon-industrial-coast,2025-06-07T02:55:29.024000Z,,,,,,,,,,,,BLOCKED_NO_CDSE_OAUTH,Awaiting CDSE Statistical API; no scene-cloud substitution
cilegon-industrial-coast,2025-06-12T02:55:41.025000Z,,,,,,,,,,,,BLOCKED_NO_CDSE_OAUTH,Awaiting CDSE Statistical API; no scene-cloud substitution
cilegon-industrial-coast,2025-06-14T03:01:51.024000Z,,,,,,,,,,,,BLOCKED_NO_CDSE_OAUTH,Awaiting CDSE Statistical API; no scene-cloud substitution
cilegon-industrial-coast,2025-06-17T02:55:29.024000Z,,,,,,,,,,,,BLOCKED_NO_CDSE_OAUTH,Awaiting CDSE Statistical API; no scene-cloud substitution
cilegon-industrial-coast,2025-06-22T02:55:41.024000Z,,,,,,,,,,,,BLOCKED_NO_CDSE_OAUTH,Awaiting CDSE Statistical API; no scene-cloud substitution
cilegon-industrial-coast,2025-06-27T02:55:29.024000Z,,,,,,,,,,,,BLOCKED_NO_CDSE_OAUTH,Awaiting CDSE Statistical API; no scene-cloud substitution
cilegon-industrial-coast,2025-07-02T02:56:11.025000Z,,,,,,,,,,,,BLOCKED_NO_CDSE_OAUTH,Awaiting CDSE Statistical API; no scene-cloud substitution
cilegon-industrial-coast,2025-07-04T03:01:51.024000Z,,,,,,,,,,,,BLOCKED_NO_CDSE_OAUTH,Awaiting CDSE Statistical API; no scene-cloud substitution
cilegon-industrial-coast,2025-07-07T02:55:29.024000Z,,,,,,,,,,,,BLOCKED_NO_CDSE_OAUTH,Awaiting CDSE Statistical API; no scene-cloud substitution
cilegon-industrial-coast,2025-07-12T02:56:11.025000Z,,,,,,,,,,,,BLOCKED_NO_CDSE_OAUTH,Awaiting CDSE Statistical API; no scene-cloud substitution
cilegon-industrial-coast,2025-07-17T02:55:29.024000Z,,,,,,,,,,,,BLOCKED_NO_CDSE_OAUTH,Awaiting CDSE Statistical API; no scene-cloud substitution
cilegon-industrial-coast,2025-07-22T02:56:11.025000Z,,,,,,,,,,,,BLOCKED_NO_CDSE_OAUTH,Awaiting CDSE Statistical API; no scene-cloud substitution
cilegon-industrial-coast,2025-07-24T03:02:01.024000Z,,,,,,,,,,,,BLOCKED_NO_CDSE_OAUTH,Awaiting CDSE Statistical API; no scene-cloud substitution
cilegon-industrial-coast,2025-07-27T02:55:29.024000Z,,,,,,,,,,,,BLOCKED_NO_CDSE_OAUTH,Awaiting CDSE Statistical API; no scene-cloud substitution
cilegon-industrial-coast,2025-08-01T02:56:11.025000Z,,,,,,,,,,,,BLOCKED_NO_CDSE_OAUTH,Awaiting CDSE Statistical API; no scene-cloud substitution
cilegon-industrial-coast,2025-08-06T02:55:29.024000Z,,,,,,,,,,,,BLOCKED_NO_CDSE_OAUTH,Awaiting CDSE Statistical API; no scene-cloud substitution
cilegon-industrial-coast,2025-08-13T03:01:51.024000Z,,,,,,,,,,,,BLOCKED_NO_CDSE_OAUTH,Awaiting CDSE Statistical API; no scene-cloud substitution
cilegon-industrial-coast,2025-08-16T02:55:29.024000Z,,,,,,,,,,,,BLOCKED_NO_CDSE_OAUTH,Awaiting CDSE Statistical API; no scene-cloud substitution
cilegon-industrial-coast,2025-08-21T02:56:01.025000Z,,,,,,,,,,,,BLOCKED_NO_CDSE_OAUTH,Awaiting CDSE Statistical API; no scene-cloud substitution
cilegon-industrial-coast,2025-08-26T02:55:29.024000Z,,,,,,,,,,,,BLOCKED_NO_CDSE_OAUTH,Awaiting CDSE Statistical API; no scene-cloud substitution
cilegon-industrial-coast,2025-08-31T02:56:01.025000Z,,,,,,,,,,,,BLOCKED_NO_CDSE_OAUTH,Awaiting CDSE Statistical API; no scene-cloud substitution
cilegon-industrial-coast,2025-09-02T03:01:51.024000Z,,,,,,,,,,,,BLOCKED_NO_CDSE_OAUTH,Awaiting CDSE Statistical API; no scene-cloud substitution
cilegon-industrial-coast,2025-09-05T02:55:29.024000Z,,,,,,,,,,,,BLOCKED_NO_CDSE_OAUTH,Awaiting CDSE Statistical API; no scene-cloud substitution
cilegon-industrial-coast,2025-09-10T02:55:41.025000Z,,,,,,,,,,,,BLOCKED_NO_CDSE_OAUTH,Awaiting CDSE Statistical API; no scene-cloud substitution
cilegon-industrial-coast,2025-09-15T02:55:19.024000Z,,,,,,,,,,,,BLOCKED_NO_CDSE_OAUTH,Awaiting CDSE Statistical API; no scene-cloud substitution
cilegon-industrial-coast,2025-09-20T02:55:41.025000Z,,,,,,,,,,,,BLOCKED_NO_CDSE_OAUTH,Awaiting CDSE Statistical API; no scene-cloud substitution
cilegon-industrial-coast,2025-09-22T03:01:51.024000Z,,,,,,,,,,,,BLOCKED_NO_CDSE_OAUTH,Awaiting CDSE Statistical API; no scene-cloud substitution
cilegon-industrial-coast,2025-09-25T02:55:29.024000Z,,,,,,,,,,,,BLOCKED_NO_CDSE_OAUTH,Awaiting CDSE Statistical API; no scene-cloud substitution
cilegon-industrial-coast,2025-09-30T02:55:41.025000Z,,,,,,,,,,,,BLOCKED_NO_CDSE_OAUTH,Awaiting CDSE Statistical API; no scene-cloud substitution
cilegon-industrial-coast,2025-10-05T02:55:29.024000Z,,,,,,,,,,,,BLOCKED_NO_CDSE_OAUTH,Awaiting CDSE Statistical API; no scene-cloud substitution
cilegon-industrial-coast,2025-10-10T02:56:41.025000Z,,,,,,,,,,,,BLOCKED_NO_CDSE_OAUTH,Awaiting CDSE Statistical API; no scene-cloud substitution
cilegon-industrial-coast,2025-10-12T03:01:51.024000Z,,,,,,,,,,,,BLOCKED_NO_CDSE_OAUTH,Awaiting CDSE Statistical API; no scene-cloud substitution
cilegon-industrial-coast,2025-10-15T02:56:09.024000Z,,,,,,,,,,,,BLOCKED_NO_CDSE_OAUTH,Awaiting CDSE Statistical API; no scene-cloud substitution
cilegon-industrial-coast,2025-10-20T02:57:51.025000Z,,,,,,,,,,,,BLOCKED_NO_CDSE_OAUTH,Awaiting CDSE Statistical API; no scene-cloud substitution
cilegon-industrial-coast,2025-10-25T02:57:09.024000Z,,,,,,,,,,,,BLOCKED_NO_CDSE_OAUTH,Awaiting CDSE Statistical API; no scene-cloud substitution
cilegon-industrial-coast,2025-10-30T03:05:11.025000Z,,,,,,,,,,,,BLOCKED_NO_CDSE_OAUTH,Awaiting CDSE Statistical API; no scene-cloud substitution
cilegon-industrial-coast,2025-11-01T03:01:51.024000Z,,,,,,,,,,,,BLOCKED_NO_CDSE_OAUTH,Awaiting CDSE Statistical API; no scene-cloud substitution
cilegon-industrial-coast,2025-11-04T02:58:09.024000Z,,,,,,,,,,,,BLOCKED_NO_CDSE_OAUTH,Awaiting CDSE Statistical API; no scene-cloud substitution
cilegon-industrial-coast,2025-11-09T03:05:11.025000Z,,,,,,,,,,,,BLOCKED_NO_CDSE_OAUTH,Awaiting CDSE Statistical API; no scene-cloud substitution
cilegon-industrial-coast,2025-11-14T02:58:59.024000Z,,,,,,,,,,,,BLOCKED_NO_CDSE_OAUTH,Awaiting CDSE Statistical API; no scene-cloud substitution
cilegon-industrial-coast,2025-11-19T03:05:11.025000Z,,,,,,,,,,,,BLOCKED_NO_CDSE_OAUTH,Awaiting CDSE Statistical API; no scene-cloud substitution
cilegon-industrial-coast,2025-11-21T03:01:51.024000Z,,,,,,,,,,,,BLOCKED_NO_CDSE_OAUTH,Awaiting CDSE Statistical API; no scene-cloud substitution
cilegon-industrial-coast,2025-11-24T02:59:39.024000Z,,,,,,,,,,,,BLOCKED_NO_CDSE_OAUTH,Awaiting CDSE Statistical API; no scene-cloud substitution
cilegon-industrial-coast,2025-11-29T03:01:01.025000Z,,,,,,,,,,,,BLOCKED_NO_CDSE_OAUTH,Awaiting CDSE Statistical API; no scene-cloud substitution
cilegon-industrial-coast,2025-12-04T03:00:09.024000Z,,,,,,,,,,,,BLOCKED_NO_CDSE_OAUTH,Awaiting CDSE Statistical API; no scene-cloud substitution
cilegon-industrial-coast,2025-12-09T03:01:31.024000Z,,,,,,,,,,,,BLOCKED_NO_CDSE_OAUTH,Awaiting CDSE Statistical API; no scene-cloud substitution
cilegon-industrial-coast,2025-12-11T03:01:51.024000Z,,,,,,,,,,,,BLOCKED_NO_CDSE_OAUTH,Awaiting CDSE Statistical API; no scene-cloud substitution
cilegon-industrial-coast,2025-12-14T03:00:29.024000Z,,,,,,,,,,,,BLOCKED_NO_CDSE_OAUTH,Awaiting CDSE Statistical API; no scene-cloud substitution
cilegon-industrial-coast,2025-12-19T03:01:41.025000Z,,,,,,,,,,,,BLOCKED_NO_CDSE_OAUTH,Awaiting CDSE Statistical API; no scene-cloud substitution
cilegon-industrial-coast,2025-12-24T03:00:29.024000Z,,,,,,,,,,,,BLOCKED_NO_CDSE_OAUTH,Awaiting CDSE Statistical API; no scene-cloud substitution
cilegon-industrial-coast,2025-12-29T03:01:41.025000Z,,,,,,,,,,,,BLOCKED_NO_CDSE_OAUTH,Awaiting CDSE Statistical API; no scene-cloud substitution
cilegon-industrial-coast,2025-12-31T03:02:01.024000Z,,,,,,,,,,,,BLOCKED_NO_CDSE_OAUTH,Awaiting CDSE Statistical API; no scene-cloud substitution
cilegon-industrial-coast,2026-01-03T03:00:19.024000Z,,,,,,,,,,,,BLOCKED_NO_CDSE_OAUTH,Awaiting CDSE Statistical API; no scene-cloud substitution
cilegon-industrial-coast,2026-01-08T03:01:21.025000Z,,,,,,,,,,,,BLOCKED_NO_CDSE_OAUTH,Awaiting CDSE Statistical API; no scene-cloud substitution
cilegon-industrial-coast,2026-01-13T02:59:59.024000Z,,,,,,,,,,,,BLOCKED_NO_CDSE_OAUTH,Awaiting CDSE Statistical API; no scene-cloud substitution
cilegon-industrial-coast,2026-01-18T03:00:41.025000Z,,,,,,,,,,,,BLOCKED_NO_CDSE_OAUTH,Awaiting CDSE Statistical API; no scene-cloud substitution
cilegon-industrial-coast,2026-01-23T02:59:19.024000Z,,,,,,,,,,,,BLOCKED_NO_CDSE_OAUTH,Awaiting CDSE Statistical API; no scene-cloud substitution
cilegon-industrial-coast,2026-01-28T03:00:01.025000Z,,,,,,,,,,,,BLOCKED_NO_CDSE_OAUTH,Awaiting CDSE Statistical API; no scene-cloud substitution
cilegon-industrial-coast,2026-02-02T02:58:29.024000Z,,,,,,,,,,,,BLOCKED_NO_CDSE_OAUTH,Awaiting CDSE Statistical API; no scene-cloud substitution
cilegon-industrial-coast,2026-02-12T02:57:29.024000Z,,,,,,,,,,,,BLOCKED_NO_CDSE_OAUTH,Awaiting CDSE Statistical API; no scene-cloud substitution
cilegon-industrial-coast,2026-02-17T02:58:01.025000Z,,,,,,,,,,,,BLOCKED_NO_CDSE_OAUTH,Awaiting CDSE Statistical API; no scene-cloud substitution
cilegon-industrial-coast,2026-02-22T02:56:29.024000Z,,,,,,,,,,,,BLOCKED_NO_CDSE_OAUTH,Awaiting CDSE Statistical API; no scene-cloud substitution
cilegon-industrial-coast,2026-02-27T02:57:01.024000Z,,,,,,,,,,,,BLOCKED_NO_CDSE_OAUTH,Awaiting CDSE Statistical API; no scene-cloud substitution
cilegon-industrial-coast,2026-03-04T02:55:19.024000Z,,,,,,,,,,,,BLOCKED_NO_CDSE_OAUTH,Awaiting CDSE Statistical API; no scene-cloud substitution
cilegon-industrial-coast,2026-03-09T02:55:31.025000Z,,,,,,,,,,,,BLOCKED_NO_CDSE_OAUTH,Awaiting CDSE Statistical API; no scene-cloud substitution
cilegon-industrial-coast,2026-03-14T02:55:39.024000Z,,,,,,,,,,,,BLOCKED_NO_CDSE_OAUTH,Awaiting CDSE Statistical API; no scene-cloud substitution
cilegon-industrial-coast,2026-03-19T02:55:31.024000Z,,,,,,,,,,,,BLOCKED_NO_CDSE_OAUTH,Awaiting CDSE Statistical API; no scene-cloud substitution
cilegon-industrial-coast,2026-03-24T02:55:39.024000Z,,,,,,,,,,,,BLOCKED_NO_CDSE_OAUTH,Awaiting CDSE Statistical API; no scene-cloud substitution
cilegon-industrial-coast,2026-03-29T02:55:51.025000Z,,,,,,,,,,,,BLOCKED_NO_CDSE_OAUTH,Awaiting CDSE Statistical API; no scene-cloud substitution
cilegon-industrial-coast,2026-03-31T03:02:01.024000Z,,,,,,,,,,,,BLOCKED_NO_CDSE_OAUTH,Awaiting CDSE Statistical API; no scene-cloud substitution
cilegon-industrial-coast,2026-04-03T02:55:19.024000Z,,,,,,,,,,,,BLOCKED_NO_CDSE_OAUTH,Awaiting CDSE Statistical API; no scene-cloud substitution
cilegon-industrial-coast,2026-04-08T02:55:41.025000Z,,,,,,,,,,,,BLOCKED_NO_CDSE_OAUTH,Awaiting CDSE Statistical API; no scene-cloud substitution
cilegon-industrial-coast,2026-04-13T02:55:19.024000Z,,,,,,,,,,,,BLOCKED_NO_CDSE_OAUTH,Awaiting CDSE Statistical API; no scene-cloud substitution
cilegon-industrial-coast,2026-04-18T02:55:41.025000Z,,,,,,,,,,,,BLOCKED_NO_CDSE_OAUTH,Awaiting CDSE Statistical API; no scene-cloud substitution
cilegon-industrial-coast,2026-04-20T03:01:51.024000Z,,,,,,,,,,,,BLOCKED_NO_CDSE_OAUTH,Awaiting CDSE Statistical API; no scene-cloud substitution
cilegon-industrial-coast,2026-04-23T02:55:19.024000Z,,,,,,,,,,,,BLOCKED_NO_CDSE_OAUTH,Awaiting CDSE Statistical API; no scene-cloud substitution
cilegon-industrial-coast,2026-04-28T02:55:51.025000Z,,,,,,,,,,,,BLOCKED_NO_CDSE_OAUTH,Awaiting CDSE Statistical API; no scene-cloud substitution
cilegon-industrial-coast,2026-05-03T02:55:19.024000Z,,,,,,,,,,,,BLOCKED_NO_CDSE_OAUTH,Awaiting CDSE Statistical API; no scene-cloud substitution
cilegon-industrial-coast,2026-05-08T02:55:21.025000Z,,,,,,,,,,,,BLOCKED_NO_CDSE_OAUTH,Awaiting CDSE Statistical API; no scene-cloud substitution
cilegon-industrial-coast,2026-05-10T03:01:51.024000Z,,,,,,,,,,,,BLOCKED_NO_CDSE_OAUTH,Awaiting CDSE Statistical API; no scene-cloud substitution
cilegon-industrial-coast,2026-05-13T02:55:19.024000Z,,,,,,,,,,,,BLOCKED_NO_CDSE_OAUTH,Awaiting CDSE Statistical API; no scene-cloud substitution
cilegon-industrial-coast,2026-05-18T02:55:21.025000Z,,,,,,,,,,,,BLOCKED_NO_CDSE_OAUTH,Awaiting CDSE Statistical API; no scene-cloud substitution
cilegon-industrial-coast,2026-05-23T02:55:19.024000Z,,,,,,,,,,,,BLOCKED_NO_CDSE_OAUTH,Awaiting CDSE Statistical API; no scene-cloud substitution
cilegon-industrial-coast,2026-05-28T02:55:21.025000Z,,,,,,,,,,,,BLOCKED_NO_CDSE_OAUTH,Awaiting CDSE Statistical API; no scene-cloud substitution
cilegon-industrial-coast,2026-05-30T03:01:51.024000Z,,,,,,,,,,,,BLOCKED_NO_CDSE_OAUTH,Awaiting CDSE Statistical API; no scene-cloud substitution
cilegon-industrial-coast,2026-06-02T02:55:19.024000Z,,,,,,,,,,,,BLOCKED_NO_CDSE_OAUTH,Awaiting CDSE Statistical API; no scene-cloud substitution
cilegon-industrial-coast,2026-06-07T02:55:21.025000Z,,,,,,,,,,,,BLOCKED_NO_CDSE_OAUTH,Awaiting CDSE Statistical API; no scene-cloud substitution
cilegon-industrial-coast,2026-06-12T02:55:19.024000Z,,,,,,,,,,,,BLOCKED_NO_CDSE_OAUTH,Awaiting CDSE Statistical API; no scene-cloud substitution
cilegon-industrial-coast,2026-06-17T02:55:21.025000Z,,,,,,,,,,,,BLOCKED_NO_CDSE_OAUTH,Awaiting CDSE Statistical API; no scene-cloud substitution
cilegon-industrial-coast,2026-06-19T03:01:51.024000Z,,,,,,,,,,,,BLOCKED_NO_CDSE_OAUTH,Awaiting CDSE Statistical API; no scene-cloud substitution
cilegon-industrial-coast,2026-06-22T02:55:19.024000Z,,,,,,,,,,,,BLOCKED_NO_CDSE_OAUTH,Awaiting CDSE Statistical API; no scene-cloud substitution
cilegon-industrial-coast,2026-06-27T02:55:21.025000Z,,,,,,,,,,,,BLOCKED_NO_CDSE_OAUTH,Awaiting CDSE Statistical API; no scene-cloud substitution
cilegon-industrial-coast,2026-07-02T02:55:19.024000Z,,,,,,,,,,,,BLOCKED_NO_CDSE_OAUTH,Awaiting CDSE Statistical API; no scene-cloud substitution
cilegon-industrial-coast,2026-07-07T02:55:21.025000Z,,,,,,,,,,,,BLOCKED_NO_CDSE_OAUTH,Awaiting CDSE Statistical API; no scene-cloud substitution
cilegon-industrial-coast,2026-07-09T03:01:51.024000Z,,,,,,,,,,,,BLOCKED_NO_CDSE_OAUTH,Awaiting CDSE Statistical API; no scene-cloud substitution
cilegon-industrial-coast,2026-07-12T02:55:29.024000Z,,,,,,,,,,,,BLOCKED_NO_CDSE_OAUTH,Awaiting CDSE Statistical API; no scene-cloud substitution
cilegon-industrial-coast,2026-07-17T02:55:31.025000Z,,,,,,,,,,,,BLOCKED_NO_CDSE_OAUTH,Awaiting CDSE Statistical API; no scene-cloud substitution
cilegon-industrial-coast,2026-07-19T03:01:51.024000Z,,,,,,,,,,,,BLOCKED_NO_CDSE_OAUTH,Awaiting CDSE Statistical API; no scene-cloud substitution
cilegon-industrial-coast,2026-07-22T02:55:29.024000Z,,,,,,,,,,,,BLOCKED_NO_CDSE_OAUTH,Awaiting CDSE Statistical API; no scene-cloud substitution
teluk-awur-jepara,2021-01-03T02:41:09.024000Z,,,,,,,,,,,,BLOCKED_NO_CDSE_OAUTH,Awaiting CDSE Statistical API; no scene-cloud substitution
teluk-awur-jepara,2021-01-08T02:41:01.024000Z,,,,,,,,,,,,BLOCKED_NO_CDSE_OAUTH,Awaiting CDSE Statistical API; no scene-cloud substitution
teluk-awur-jepara,2021-01-13T02:40:49.024000Z,,,,,,,,,,,,BLOCKED_NO_CDSE_OAUTH,Awaiting CDSE Statistical API; no scene-cloud substitution
teluk-awur-jepara,2021-01-18T02:40:31.024000Z,,,,,,,,,,,,BLOCKED_NO_CDSE_OAUTH,Awaiting CDSE Statistical API; no scene-cloud substitution
teluk-awur-jepara,2021-01-23T02:40:09.024000Z,,,,,,,,,,,,BLOCKED_NO_CDSE_OAUTH,Awaiting CDSE Statistical API; no scene-cloud substitution
teluk-awur-jepara,2021-01-28T02:39:51.024000Z,,,,,,,,,,,,BLOCKED_NO_CDSE_OAUTH,Awaiting CDSE Statistical API; no scene-cloud substitution
teluk-awur-jepara,2021-02-02T02:39:19.024000Z,,,,,,,,,,,,BLOCKED_NO_CDSE_OAUTH,Awaiting CDSE Statistical API; no scene-cloud substitution
teluk-awur-jepara,2021-02-07T02:38:51.024000Z,,,,,,,,,,,,BLOCKED_NO_CDSE_OAUTH,Awaiting CDSE Statistical API; no scene-cloud substitution
teluk-awur-jepara,2021-02-12T02:38:19.024000Z,,,,,,,,,,,,BLOCKED_NO_CDSE_OAUTH,Awaiting CDSE Statistical API; no scene-cloud substitution
teluk-awur-jepara,2021-02-17T02:37:51.024000Z,,,,,,,,,,,,BLOCKED_NO_CDSE_OAUTH,Awaiting CDSE Statistical API; no scene-cloud substitution
teluk-awur-jepara,2021-02-22T02:37:19.024000Z,,,,,,,,,,,,BLOCKED_NO_CDSE_OAUTH,Awaiting CDSE Statistical API; no scene-cloud substitution
teluk-awur-jepara,2021-02-27T02:36:41.024000Z,,,,,,,,,,,,BLOCKED_NO_CDSE_OAUTH,Awaiting CDSE Statistical API; no scene-cloud substitution
teluk-awur-jepara,2021-03-04T02:36:09.024000Z,,,,,,,,,,,,BLOCKED_NO_CDSE_OAUTH,Awaiting CDSE Statistical API; no scene-cloud substitution
teluk-awur-jepara,2021-03-09T02:35:51.024000Z,,,,,,,,,,,,BLOCKED_NO_CDSE_OAUTH,Awaiting CDSE Statistical API; no scene-cloud substitution
teluk-awur-jepara,2021-03-14T02:35:49.024000Z,,,,,,,,,,,,BLOCKED_NO_CDSE_OAUTH,Awaiting CDSE Statistical API; no scene-cloud substitution
teluk-awur-jepara,2021-03-19T02:35:51.024000Z,,,,,,,,,,,,BLOCKED_NO_CDSE_OAUTH,Awaiting CDSE Statistical API; no scene-cloud substitution
teluk-awur-jepara,2021-03-24T02:35:49.024000Z,,,,,,,,,,,,BLOCKED_NO_CDSE_OAUTH,Awaiting CDSE Statistical API; no scene-cloud substitution
teluk-awur-jepara,2021-03-29T02:35:51.024000Z,,,,,,,,,,,,BLOCKED_NO_CDSE_OAUTH,Awaiting CDSE Statistical API; no scene-cloud substitution
teluk-awur-jepara,2021-04-03T02:35:49.024000Z,,,,,,,,,,,,BLOCKED_NO_CDSE_OAUTH,Awaiting CDSE Statistical API; no scene-cloud substitution
teluk-awur-jepara,2021-04-08T02:35:41.024000Z,,,,,,,,,,,,BLOCKED_NO_CDSE_OAUTH,Awaiting CDSE Statistical API; no scene-cloud substitution
teluk-awur-jepara,2021-04-13T02:35:49.024000Z,,,,,,,,,,,,BLOCKED_NO_CDSE_OAUTH,Awaiting CDSE Statistical API; no scene-cloud substitution
teluk-awur-jepara,2021-04-18T02:35:41.024000Z,,,,,,,,,,,,BLOCKED_NO_CDSE_OAUTH,Awaiting CDSE Statistical API; no scene-cloud substitution
teluk-awur-jepara,2021-04-23T02:35:39.024000Z,,,,,,,,,,,,BLOCKED_NO_CDSE_OAUTH,Awaiting CDSE Statistical API; no scene-cloud substitution
teluk-awur-jepara,2021-04-28T02:35:51.024000Z,,,,,,,,,,,,BLOCKED_NO_CDSE_OAUTH,Awaiting CDSE Statistical API; no scene-cloud substitution
teluk-awur-jepara,2021-05-03T02:35:49.024000Z,,,,,,,,,,,,BLOCKED_NO_CDSE_OAUTH,Awaiting CDSE Statistical API; no scene-cloud substitution
teluk-awur-jepara,2021-05-08T02:35:51.024000Z,,,,,,,,,,,,BLOCKED_NO_CDSE_OAUTH,Awaiting CDSE Statistical API; no scene-cloud substitution
teluk-awur-jepara,2021-05-13T02:35:49.024000Z,,,,,,,,,,,,BLOCKED_NO_CDSE_OAUTH,Awaiting CDSE Statistical API; no scene-cloud substitution
teluk-awur-jepara,2021-05-18T02:35:51.024000Z,,,,,,,,,,,,BLOCKED_NO_CDSE_OAUTH,Awaiting CDSE Statistical API; no scene-cloud substitution
teluk-awur-jepara,2021-05-23T02:35:49.024000Z,,,,,,,,,,,,BLOCKED_NO_CDSE_OAUTH,Awaiting CDSE Statistical API; no scene-cloud substitution
teluk-awur-jepara,2021-05-28T02:35:51.024000Z,,,,,,,,,,,,BLOCKED_NO_CDSE_OAUTH,Awaiting CDSE Statistical API; no scene-cloud substitution
teluk-awur-jepara,2021-06-02T02:35:49.024000Z,,,,,,,,,,,,BLOCKED_NO_CDSE_OAUTH,Awaiting CDSE Statistical API; no scene-cloud substitution
teluk-awur-jepara,2021-06-07T02:35:51.024000Z,,,,,,,,,,,,BLOCKED_NO_CDSE_OAUTH,Awaiting CDSE Statistical API; no scene-cloud substitution
teluk-awur-jepara,2021-06-12T02:35:49.024000Z,,,,,,,,,,,,BLOCKED_NO_CDSE_OAUTH,Awaiting CDSE Statistical API; no scene-cloud substitution
teluk-awur-jepara,2021-06-17T02:35:51.024000Z,,,,,,,,,,,,BLOCKED_NO_CDSE_OAUTH,Awaiting CDSE Statistical API; no scene-cloud substitution
teluk-awur-jepara,2021-06-22T02:35:49.024000Z,,,,,,,,,,,,BLOCKED_NO_CDSE_OAUTH,Awaiting CDSE Statistical API; no scene-cloud substitution
teluk-awur-jepara,2021-06-27T02:35:51.024000Z,,,,,,,,,,,,BLOCKED_NO_CDSE_OAUTH,Awaiting CDSE Statistical API; no scene-cloud substitution
teluk-awur-jepara,2021-07-02T02:35:49.024000Z,,,,,,,,,,,,BLOCKED_NO_CDSE_OAUTH,Awaiting CDSE Statistical API; no scene-cloud substitution
teluk-awur-jepara,2021-07-07T02:35:51.024000Z,,,,,,,,,,,,BLOCKED_NO_CDSE_OAUTH,Awaiting CDSE Statistical API; no scene-cloud substitution
teluk-awur-jepara,2021-07-12T02:35:49.024000Z,,,,,,,,,,,,BLOCKED_NO_CDSE_OAUTH,Awaiting CDSE Statistical API; no scene-cloud substitution
teluk-awur-jepara,2021-07-17T02:35:51.024000Z,,,,,,,,,,,,BLOCKED_NO_CDSE_OAUTH,Awaiting CDSE Statistical API; no scene-cloud substitution
teluk-awur-jepara,2021-07-22T02:35:49.024000Z,,,,,,,,,,,,BLOCKED_NO_CDSE_OAUTH,Awaiting CDSE Statistical API; no scene-cloud substitution
teluk-awur-jepara,2021-07-27T02:35:51.024000Z,,,,,,,,,,,,BLOCKED_NO_CDSE_OAUTH,Awaiting CDSE Statistical API; no scene-cloud substitution
teluk-awur-jepara,2021-08-01T02:35:49.024000Z,,,,,,,,,,,,BLOCKED_NO_CDSE_OAUTH,Awaiting CDSE Statistical API; no scene-cloud substitution
teluk-awur-jepara,2021-08-06T02:35:51.024000Z,,,,,,,,,,,,BLOCKED_NO_CDSE_OAUTH,Awaiting CDSE Statistical API; no scene-cloud substitution
teluk-awur-jepara,2021-08-11T02:35:49.024000Z,,,,,,,,,,,,BLOCKED_NO_CDSE_OAUTH,Awaiting CDSE Statistical API; no scene-cloud substitution
teluk-awur-jepara,2021-08-16T02:35:51.024000Z,,,,,,,,,,,,BLOCKED_NO_CDSE_OAUTH,Awaiting CDSE Statistical API; no scene-cloud substitution
teluk-awur-jepara,2021-08-21T02:35:49.024000Z,,,,,,,,,,,,BLOCKED_NO_CDSE_OAUTH,Awaiting CDSE Statistical API; no scene-cloud substitution
teluk-awur-jepara,2021-08-26T02:35:51.024000Z,,,,,,,,,,,,BLOCKED_NO_CDSE_OAUTH,Awaiting CDSE Statistical API; no scene-cloud substitution
teluk-awur-jepara,2021-08-31T02:35:49.024000Z,,,,,,,,,,,,BLOCKED_NO_CDSE_OAUTH,Awaiting CDSE Statistical API; no scene-cloud substitution
teluk-awur-jepara,2021-09-05T02:35:51.024000Z,,,,,,,,,,,,BLOCKED_NO_CDSE_OAUTH,Awaiting CDSE Statistical API; no scene-cloud substitution
teluk-awur-jepara,2021-09-10T02:35:49.024000Z,,,,,,,,,,,,BLOCKED_NO_CDSE_OAUTH,Awaiting CDSE Statistical API; no scene-cloud substitution
teluk-awur-jepara,2021-09-15T02:35:51.024000Z,,,,,,,,,,,,BLOCKED_NO_CDSE_OAUTH,Awaiting CDSE Statistical API; no scene-cloud substitution
teluk-awur-jepara,2021-09-20T02:35:49.024000Z,,,,,,,,,,,,BLOCKED_NO_CDSE_OAUTH,Awaiting CDSE Statistical API; no scene-cloud substitution
teluk-awur-jepara,2021-09-25T02:35:51.024000Z,,,,,,,,,,,,BLOCKED_NO_CDSE_OAUTH,Awaiting CDSE Statistical API; no scene-cloud substitution
teluk-awur-jepara,2021-09-30T02:35:49.024000Z,,,,,,,,,,,,BLOCKED_NO_CDSE_OAUTH,Awaiting CDSE Statistical API; no scene-cloud substitution
teluk-awur-jepara,2021-10-05T02:35:51.024000Z,,,,,,,,,,,,BLOCKED_NO_CDSE_OAUTH,Awaiting CDSE Statistical API; no scene-cloud substitution
teluk-awur-jepara,2021-10-10T02:36:19.024000Z,,,,,,,,,,,,BLOCKED_NO_CDSE_OAUTH,Awaiting CDSE Statistical API; no scene-cloud substitution
teluk-awur-jepara,2021-10-15T02:37:01.024000Z,,,,,,,,,,,,BLOCKED_NO_CDSE_OAUTH,Awaiting CDSE Statistical API; no scene-cloud substitution
teluk-awur-jepara,2021-10-20T02:37:29.024000Z,,,,,,,,,,,,BLOCKED_NO_CDSE_OAUTH,Awaiting CDSE Statistical API; no scene-cloud substitution
teluk-awur-jepara,2021-10-25T02:38:01.024000Z,,,,,,,,,,,,BLOCKED_NO_CDSE_OAUTH,Awaiting CDSE Statistical API; no scene-cloud substitution
teluk-awur-jepara,2021-10-30T02:38:29.024000Z,,,,,,,,,,,,BLOCKED_NO_CDSE_OAUTH,Awaiting CDSE Statistical API; no scene-cloud substitution
teluk-awur-jepara,2021-11-04T02:39:01.024000Z,,,,,,,,,,,,BLOCKED_NO_CDSE_OAUTH,Awaiting CDSE Statistical API; no scene-cloud substitution
teluk-awur-jepara,2021-11-09T02:39:19.024000Z,,,,,,,,,,,,BLOCKED_NO_CDSE_OAUTH,Awaiting CDSE Statistical API; no scene-cloud substitution
teluk-awur-jepara,2021-11-14T02:39:51.024000Z,,,,,,,,,,,,BLOCKED_NO_CDSE_OAUTH,Awaiting CDSE Statistical API; no scene-cloud substitution
teluk-awur-jepara,2021-11-19T02:40:09.024000Z,,,,,,,,,,,,BLOCKED_NO_CDSE_OAUTH,Awaiting CDSE Statistical API; no scene-cloud substitution
teluk-awur-jepara,2021-11-24T02:40:31.024000Z,,,,,,,,,,,,BLOCKED_NO_CDSE_OAUTH,Awaiting CDSE Statistical API; no scene-cloud substitution
teluk-awur-jepara,2021-11-29T02:40:39.024000Z,,,,,,,,,,,,BLOCKED_NO_CDSE_OAUTH,Awaiting CDSE Statistical API; no scene-cloud substitution
teluk-awur-jepara,2021-12-04T02:41:01.024000Z,,,,,,,,,,,,BLOCKED_NO_CDSE_OAUTH,Awaiting CDSE Statistical API; no scene-cloud substitution
teluk-awur-jepara,2021-12-09T02:41:09.024000Z,,,,,,,,,,,,BLOCKED_NO_CDSE_OAUTH,Awaiting CDSE Statistical API; no scene-cloud substitution
teluk-awur-jepara,2021-12-14T02:41:21.024000Z,,,,,,,,,,,,BLOCKED_NO_CDSE_OAUTH,Awaiting CDSE Statistical API; no scene-cloud substitution
teluk-awur-jepara,2021-12-19T02:41:19.024000Z,,,,,,,,,,,,BLOCKED_NO_CDSE_OAUTH,Awaiting CDSE Statistical API; no scene-cloud substitution
teluk-awur-jepara,2021-12-24T02:41:21.024000Z,,,,,,,,,,,,BLOCKED_NO_CDSE_OAUTH,Awaiting CDSE Statistical API; no scene-cloud substitution
teluk-awur-jepara,2021-12-29T02:41:19.024000Z,,,,,,,,,,,,BLOCKED_NO_CDSE_OAUTH,Awaiting CDSE Statistical API; no scene-cloud substitution
teluk-awur-jepara,2022-01-03T02:41:21.000000Z,,,,,,,,,,,,BLOCKED_NO_CDSE_OAUTH,Awaiting CDSE Statistical API; no scene-cloud substitution
teluk-awur-jepara,2022-01-08T02:40:59.000000Z,,,,,,,,,,,,BLOCKED_NO_CDSE_OAUTH,Awaiting CDSE Statistical API; no scene-cloud substitution
teluk-awur-jepara,2022-01-13T02:40:51.000000Z,,,,,,,,,,,,BLOCKED_NO_CDSE_OAUTH,Awaiting CDSE Statistical API; no scene-cloud substitution
teluk-awur-jepara,2022-01-18T02:40:29.024000Z,,,,,,,,,,,,BLOCKED_NO_CDSE_OAUTH,Awaiting CDSE Statistical API; no scene-cloud substitution
teluk-awur-jepara,2022-01-23T02:40:11.024000Z,,,,,,,,,,,,BLOCKED_NO_CDSE_OAUTH,Awaiting CDSE Statistical API; no scene-cloud substitution
teluk-awur-jepara,2022-01-28T02:39:49.024000Z,,,,,,,,,,,,BLOCKED_NO_CDSE_OAUTH,Awaiting CDSE Statistical API; no scene-cloud substitution
teluk-awur-jepara,2022-02-02T02:39:21.000000Z,,,,,,,,,,,,BLOCKED_NO_CDSE_OAUTH,Awaiting CDSE Statistical API; no scene-cloud substitution
teluk-awur-jepara,2022-02-07T02:38:49.024000Z,,,,,,,,,,,,BLOCKED_NO_CDSE_OAUTH,Awaiting CDSE Statistical API; no scene-cloud substitution
teluk-awur-jepara,2022-02-12T02:38:21.024000Z,,,,,,,,,,,,BLOCKED_NO_CDSE_OAUTH,Awaiting CDSE Statistical API; no scene-cloud substitution
teluk-awur-jepara,2022-02-17T02:37:49.024000Z,,,,,,,,,,,,BLOCKED_NO_CDSE_OAUTH,Awaiting CDSE Statistical API; no scene-cloud substitution
teluk-awur-jepara,2022-02-22T02:37:21.024000Z,,,,,,,,,,,,BLOCKED_NO_CDSE_OAUTH,Awaiting CDSE Statistical API; no scene-cloud substitution
teluk-awur-jepara,2022-02-27T02:36:39.024000Z,,,,,,,,,,,,BLOCKED_NO_CDSE_OAUTH,Awaiting CDSE Statistical API; no scene-cloud substitution
teluk-awur-jepara,2022-03-04T02:36:11.024000Z,,,,,,,,,,,,BLOCKED_NO_CDSE_OAUTH,Awaiting CDSE Statistical API; no scene-cloud substitution
teluk-awur-jepara,2022-03-09T02:35:49.024000Z,,,,,,,,,,,,BLOCKED_NO_CDSE_OAUTH,Awaiting CDSE Statistical API; no scene-cloud substitution
teluk-awur-jepara,2022-03-14T02:35:51.024000Z,,,,,,,,,,,,BLOCKED_NO_CDSE_OAUTH,Awaiting CDSE Statistical API; no scene-cloud substitution
teluk-awur-jepara,2022-03-19T02:35:49.024000Z,,,,,,,,,,,,BLOCKED_NO_CDSE_OAUTH,Awaiting CDSE Statistical API; no scene-cloud substitution
teluk-awur-jepara,2022-03-24T02:35:51.024000Z,,,,,,,,,,,,BLOCKED_NO_CDSE_OAUTH,Awaiting CDSE Statistical API; no scene-cloud substitution
teluk-awur-jepara,2022-03-29T02:35:49.024000Z,,,,,,,,,,,,BLOCKED_NO_CDSE_OAUTH,Awaiting CDSE Statistical API; no scene-cloud substitution
teluk-awur-jepara,2022-04-03T02:35:51.024000Z,,,,,,,,,,,,BLOCKED_NO_CDSE_OAUTH,Awaiting CDSE Statistical API; no scene-cloud substitution
teluk-awur-jepara,2022-04-08T02:35:49.024000Z,,,,,,,,,,,,BLOCKED_NO_CDSE_OAUTH,Awaiting CDSE Statistical API; no scene-cloud substitution
teluk-awur-jepara,2022-04-13T02:35:51.024000Z,,,,,,,,,,,,BLOCKED_NO_CDSE_OAUTH,Awaiting CDSE Statistical API; no scene-cloud substitution
teluk-awur-jepara,2022-04-18T02:35:49.024000Z,,,,,,,,,,,,BLOCKED_NO_CDSE_OAUTH,Awaiting CDSE Statistical API; no scene-cloud substitution
teluk-awur-jepara,2022-04-23T02:35:51.024000Z,,,,,,,,,,,,BLOCKED_NO_CDSE_OAUTH,Awaiting CDSE Statistical API; no scene-cloud substitution
teluk-awur-jepara,2022-04-28T02:35:39.024000Z,,,,,,,,,,,,BLOCKED_NO_CDSE_OAUTH,Awaiting CDSE Statistical API; no scene-cloud substitution
teluk-awur-jepara,2022-05-03T02:35:51.024000Z,,,,,,,,,,,,BLOCKED_NO_CDSE_OAUTH,Awaiting CDSE Statistical API; no scene-cloud substitution
teluk-awur-jepara,2022-05-08T02:35:49.024000Z,,,,,,,,,,,,BLOCKED_NO_CDSE_OAUTH,Awaiting CDSE Statistical API; no scene-cloud substitution
teluk-awur-jepara,2022-05-13T02:35:51.024000Z,,,,,,,,,,,,BLOCKED_NO_CDSE_OAUTH,Awaiting CDSE Statistical API; no scene-cloud substitution
teluk-awur-jepara,2022-05-18T02:35:49.000000Z,,,,,,,,,,,,BLOCKED_NO_CDSE_OAUTH,Awaiting CDSE Statistical API; no scene-cloud substitution
teluk-awur-jepara,2022-05-23T02:36:01.000000Z,,,,,,,,,,,,BLOCKED_NO_CDSE_OAUTH,Awaiting CDSE Statistical API; no scene-cloud substitution
teluk-awur-jepara,2022-05-28T02:35:49.024000Z,,,,,,,,,,,,BLOCKED_NO_CDSE_OAUTH,Awaiting CDSE Statistical API; no scene-cloud substitution
teluk-awur-jepara,2022-06-02T02:36:01.024000Z,,,,,,,,,,,,BLOCKED_NO_CDSE_OAUTH,Awaiting CDSE Statistical API; no scene-cloud substitution
teluk-awur-jepara,2022-06-07T02:35:49.024000Z,,,,,,,,,,,,BLOCKED_NO_CDSE_OAUTH,Awaiting CDSE Statistical API; no scene-cloud substitution
teluk-awur-jepara,2022-06-12T02:36:01.024000Z,,,,,,,,,,,,BLOCKED_NO_CDSE_OAUTH,Awaiting CDSE Statistical API; no scene-cloud substitution
teluk-awur-jepara,2022-06-17T02:35:29.024000Z,,,,,,,,,,,,BLOCKED_NO_CDSE_OAUTH,Awaiting CDSE Statistical API; no scene-cloud substitution
teluk-awur-jepara,2022-06-22T02:36:01.024000Z,,,,,,,,,,,,BLOCKED_NO_CDSE_OAUTH,Awaiting CDSE Statistical API; no scene-cloud substitution
teluk-awur-jepara,2022-06-27T02:35:29.024000Z,,,,,,,,,,,,BLOCKED_NO_CDSE_OAUTH,Awaiting CDSE Statistical API; no scene-cloud substitution
teluk-awur-jepara,2022-07-02T02:35:41.024000Z,,,,,,,,,,,,BLOCKED_NO_CDSE_OAUTH,Awaiting CDSE Statistical API; no scene-cloud substitution
teluk-awur-jepara,2022-07-07T02:35:29.024000Z,,,,,,,,,,,,BLOCKED_NO_CDSE_OAUTH,Awaiting CDSE Statistical API; no scene-cloud substitution
teluk-awur-jepara,2022-07-12T02:35:41.024000Z,,,,,,,,,,,,BLOCKED_NO_CDSE_OAUTH,Awaiting CDSE Statistical API; no scene-cloud substitution
teluk-awur-jepara,2022-07-17T02:35:29.024000Z,,,,,,,,,,,,BLOCKED_NO_CDSE_OAUTH,Awaiting CDSE Statistical API; no scene-cloud substitution
teluk-awur-jepara,2022-07-22T02:35:41.024000Z,,,,,,,,,,,,BLOCKED_NO_CDSE_OAUTH,Awaiting CDSE Statistical API; no scene-cloud substitution
teluk-awur-jepara,2022-07-27T02:35:29.024000Z,,,,,,,,,,,,BLOCKED_NO_CDSE_OAUTH,Awaiting CDSE Statistical API; no scene-cloud substitution
teluk-awur-jepara,2022-08-01T02:35:41.024000Z,,,,,,,,,,,,BLOCKED_NO_CDSE_OAUTH,Awaiting CDSE Statistical API; no scene-cloud substitution
teluk-awur-jepara,2022-08-06T02:35:29.024000Z,,,,,,,,,,,,BLOCKED_NO_CDSE_OAUTH,Awaiting CDSE Statistical API; no scene-cloud substitution
teluk-awur-jepara,2022-08-11T02:36:01.024000Z,,,,,,,,,,,,BLOCKED_NO_CDSE_OAUTH,Awaiting CDSE Statistical API; no scene-cloud substitution
teluk-awur-jepara,2022-08-16T02:35:29.024000Z,,,,,,,,,,,,BLOCKED_NO_CDSE_OAUTH,Awaiting CDSE Statistical API; no scene-cloud substitution
teluk-awur-jepara,2022-08-21T02:35:41.024000Z,,,,,,,,,,,,BLOCKED_NO_CDSE_OAUTH,Awaiting CDSE Statistical API; no scene-cloud substitution
teluk-awur-jepara,2022-08-26T02:35:29.024000Z,,,,,,,,,,,,BLOCKED_NO_CDSE_OAUTH,Awaiting CDSE Statistical API; no scene-cloud substitution
teluk-awur-jepara,2022-08-31T02:35:41.024000Z,,,,,,,,,,,,BLOCKED_NO_CDSE_OAUTH,Awaiting CDSE Statistical API; no scene-cloud substitution
teluk-awur-jepara,2022-09-05T02:35:29.024000Z,,,,,,,,,,,,BLOCKED_NO_CDSE_OAUTH,Awaiting CDSE Statistical API; no scene-cloud substitution
teluk-awur-jepara,2022-09-10T02:35:41.024000Z,,,,,,,,,,,,BLOCKED_NO_CDSE_OAUTH,Awaiting CDSE Statistical API; no scene-cloud substitution
teluk-awur-jepara,2022-09-15T02:35:29.024000Z,,,,,,,,,,,,BLOCKED_NO_CDSE_OAUTH,Awaiting CDSE Statistical API; no scene-cloud substitution
teluk-awur-jepara,2022-09-20T02:35:41.024000Z,,,,,,,,,,,,BLOCKED_NO_CDSE_OAUTH,Awaiting CDSE Statistical API; no scene-cloud substitution
teluk-awur-jepara,2022-09-25T02:35:29.024000Z,,,,,,,,,,,,BLOCKED_NO_CDSE_OAUTH,Awaiting CDSE Statistical API; no scene-cloud substitution
teluk-awur-jepara,2022-09-30T02:35:41.024000Z,,,,,,,,,,,,BLOCKED_NO_CDSE_OAUTH,Awaiting CDSE Statistical API; no scene-cloud substitution
teluk-awur-jepara,2022-10-05T02:35:29.024000Z,,,,,,,,,,,,BLOCKED_NO_CDSE_OAUTH,Awaiting CDSE Statistical API; no scene-cloud substitution
teluk-awur-jepara,2022-10-10T02:36:21.024000Z,,,,,,,,,,,,BLOCKED_NO_CDSE_OAUTH,Awaiting CDSE Statistical API; no scene-cloud substitution
teluk-awur-jepara,2022-10-15T02:36:49.024000Z,,,,,,,,,,,,BLOCKED_NO_CDSE_OAUTH,Awaiting CDSE Statistical API; no scene-cloud substitution
teluk-awur-jepara,2022-10-20T02:37:31.024000Z,,,,,,,,,,,,BLOCKED_NO_CDSE_OAUTH,Awaiting CDSE Statistical API; no scene-cloud substitution
teluk-awur-jepara,2022-10-25T02:37:59.024000Z,,,,,,,,,,,,BLOCKED_NO_CDSE_OAUTH,Awaiting CDSE Statistical API; no scene-cloud substitution
teluk-awur-jepara,2022-10-30T02:38:31.024000Z,,,,,,,,,,,,BLOCKED_NO_CDSE_OAUTH,Awaiting CDSE Statistical API; no scene-cloud substitution
teluk-awur-jepara,2022-11-04T02:38:49.024000Z,,,,,,,,,,,,BLOCKED_NO_CDSE_OAUTH,Awaiting CDSE Statistical API; no scene-cloud substitution
teluk-awur-jepara,2022-11-09T02:39:21.024000Z,,,,,,,,,,,,BLOCKED_NO_CDSE_OAUTH,Awaiting CDSE Statistical API; no scene-cloud substitution
teluk-awur-jepara,2022-11-14T02:39:49.024000Z,,,,,,,,,,,,BLOCKED_NO_CDSE_OAUTH,Awaiting CDSE Statistical API; no scene-cloud substitution
teluk-awur-jepara,2022-11-19T02:40:11.024000Z,,,,,,,,,,,,BLOCKED_NO_CDSE_OAUTH,Awaiting CDSE Statistical API; no scene-cloud substitution
teluk-awur-jepara,2022-11-24T02:40:29.024000Z,,,,,,,,,,,,BLOCKED_NO_CDSE_OAUTH,Awaiting CDSE Statistical API; no scene-cloud substitution
teluk-awur-jepara,2022-11-29T02:40:31.024000Z,,,,,,,,,,,,BLOCKED_NO_CDSE_OAUTH,Awaiting CDSE Statistical API; no scene-cloud substitution
teluk-awur-jepara,2022-12-04T02:40:59.024000Z,,,,,,,,,,,,BLOCKED_NO_CDSE_OAUTH,Awaiting CDSE Statistical API; no scene-cloud substitution
teluk-awur-jepara,2022-12-09T02:41:11.024000Z,,,,,,,,,,,,BLOCKED_NO_CDSE_OAUTH,Awaiting CDSE Statistical API; no scene-cloud substitution
teluk-awur-jepara,2022-12-14T02:41:19.024000Z,,,,,,,,,,,,BLOCKED_NO_CDSE_OAUTH,Awaiting CDSE Statistical API; no scene-cloud substitution
teluk-awur-jepara,2022-12-19T02:41:21.024000Z,,,,,,,,,,,,BLOCKED_NO_CDSE_OAUTH,Awaiting CDSE Statistical API; no scene-cloud substitution
teluk-awur-jepara,2022-12-24T02:41:19.024000Z,,,,,,,,,,,,BLOCKED_NO_CDSE_OAUTH,Awaiting CDSE Statistical API; no scene-cloud substitution
teluk-awur-jepara,2022-12-29T02:41:21.024000Z,,,,,,,,,,,,BLOCKED_NO_CDSE_OAUTH,Awaiting CDSE Statistical API; no scene-cloud substitution
teluk-awur-jepara,2023-01-03T02:41:09.024000Z,,,,,,,,,,,,BLOCKED_NO_CDSE_OAUTH,Awaiting CDSE Statistical API; no scene-cloud substitution
teluk-awur-jepara,2023-01-08T02:41:01.024000Z,,,,,,,,,,,,BLOCKED_NO_CDSE_OAUTH,Awaiting CDSE Statistical API; no scene-cloud substitution
teluk-awur-jepara,2023-01-13T02:40:49.024000Z,,,,,,,,,,,,BLOCKED_NO_CDSE_OAUTH,Awaiting CDSE Statistical API; no scene-cloud substitution
teluk-awur-jepara,2023-01-18T02:40:31.024000Z,,,,,,,,,,,,BLOCKED_NO_CDSE_OAUTH,Awaiting CDSE Statistical API; no scene-cloud substitution
teluk-awur-jepara,2023-01-23T02:40:09.024000Z,,,,,,,,,,,,BLOCKED_NO_CDSE_OAUTH,Awaiting CDSE Statistical API; no scene-cloud substitution
teluk-awur-jepara,2023-01-28T02:39:51.024000Z,,,,,,,,,,,,BLOCKED_NO_CDSE_OAUTH,Awaiting CDSE Statistical API; no scene-cloud substitution
teluk-awur-jepara,2023-02-02T02:39:19.024000Z,,,,,,,,,,,,BLOCKED_NO_CDSE_OAUTH,Awaiting CDSE Statistical API; no scene-cloud substitution
teluk-awur-jepara,2023-02-07T02:39:01.024000Z,,,,,,,,,,,,BLOCKED_NO_CDSE_OAUTH,Awaiting CDSE Statistical API; no scene-cloud substitution
teluk-awur-jepara,2023-02-12T02:38:29.024000Z,,,,,,,,,,,,BLOCKED_NO_CDSE_OAUTH,Awaiting CDSE Statistical API; no scene-cloud substitution
teluk-awur-jepara,2023-02-17T02:37:51.024000Z,,,,,,,,,,,,BLOCKED_NO_CDSE_OAUTH,Awaiting CDSE Statistical API; no scene-cloud substitution
teluk-awur-jepara,2023-02-22T02:37:19.025000Z,,,,,,,,,,,,BLOCKED_NO_CDSE_OAUTH,Awaiting CDSE Statistical API; no scene-cloud substitution
teluk-awur-jepara,2023-02-27T02:36:41.024000Z,,,,,,,,,,,,BLOCKED_NO_CDSE_OAUTH,Awaiting CDSE Statistical API; no scene-cloud substitution
teluk-awur-jepara,2023-03-04T02:36:09.025000Z,,,,,,,,,,,,BLOCKED_NO_CDSE_OAUTH,Awaiting CDSE Statistical API; no scene-cloud substitution
teluk-awur-jepara,2023-03-09T02:35:31.024000Z,,,,,,,,,,,,BLOCKED_NO_CDSE_OAUTH,Awaiting CDSE Statistical API; no scene-cloud substitution
teluk-awur-jepara,2023-03-14T02:35:29.024000Z,,,,,,,,,,,,BLOCKED_NO_CDSE_OAUTH,Awaiting CDSE Statistical API; no scene-cloud substitution
teluk-awur-jepara,2023-03-19T02:35:31.024000Z,,,,,,,,,,,,BLOCKED_NO_CDSE_OAUTH,Awaiting CDSE Statistical API; no scene-cloud substitution
teluk-awur-jepara,2023-03-24T02:35:29.024000Z,,,,,,,,,,,,BLOCKED_NO_CDSE_OAUTH,Awaiting CDSE Statistical API; no scene-cloud substitution
teluk-awur-jepara,2023-03-29T02:35:31.024000Z,,,,,,,,,,,,BLOCKED_NO_CDSE_OAUTH,Awaiting CDSE Statistical API; no scene-cloud substitution
teluk-awur-jepara,2023-04-03T02:35:29.024000Z,,,,,,,,,,,,BLOCKED_NO_CDSE_OAUTH,Awaiting CDSE Statistical API; no scene-cloud substitution
teluk-awur-jepara,2023-04-08T02:35:31.024000Z,,,,,,,,,,,,BLOCKED_NO_CDSE_OAUTH,Awaiting CDSE Statistical API; no scene-cloud substitution
teluk-awur-jepara,2023-04-13T02:35:29.024000Z,,,,,,,,,,,,BLOCKED_NO_CDSE_OAUTH,Awaiting CDSE Statistical API; no scene-cloud substitution
teluk-awur-jepara,2023-04-18T02:35:31.024000Z,,,,,,,,,,,,BLOCKED_NO_CDSE_OAUTH,Awaiting CDSE Statistical API; no scene-cloud substitution
teluk-awur-jepara,2023-04-23T02:35:29.024000Z,,,,,,,,,,,,BLOCKED_NO_CDSE_OAUTH,Awaiting CDSE Statistical API; no scene-cloud substitution
teluk-awur-jepara,2023-04-28T02:35:31.024000Z,,,,,,,,,,,,BLOCKED_NO_CDSE_OAUTH,Awaiting CDSE Statistical API; no scene-cloud substitution
teluk-awur-jepara,2023-05-03T02:35:29.024000Z,,,,,,,,,,,,BLOCKED_NO_CDSE_OAUTH,Awaiting CDSE Statistical API; no scene-cloud substitution
teluk-awur-jepara,2023-05-08T02:35:51.024000Z,,,,,,,,,,,,BLOCKED_NO_CDSE_OAUTH,Awaiting CDSE Statistical API; no scene-cloud substitution
teluk-awur-jepara,2023-05-13T02:35:29.024000Z,,,,,,,,,,,,BLOCKED_NO_CDSE_OAUTH,Awaiting CDSE Statistical API; no scene-cloud substitution
teluk-awur-jepara,2023-05-18T02:35:51.024000Z,,,,,,,,,,,,BLOCKED_NO_CDSE_OAUTH,Awaiting CDSE Statistical API; no scene-cloud substitution
teluk-awur-jepara,2023-05-23T02:35:39.024000Z,,,,,,,,,,,,BLOCKED_NO_CDSE_OAUTH,Awaiting CDSE Statistical API; no scene-cloud substitution
teluk-awur-jepara,2023-05-28T02:35:31.024000Z,,,,,,,,,,,,BLOCKED_NO_CDSE_OAUTH,Awaiting CDSE Statistical API; no scene-cloud substitution
teluk-awur-jepara,2023-06-02T02:35:29.024000Z,,,,,,,,,,,,BLOCKED_NO_CDSE_OAUTH,Awaiting CDSE Statistical API; no scene-cloud substitution
teluk-awur-jepara,2023-06-07T02:35:31.024000Z,,,,,,,,,,,,BLOCKED_NO_CDSE_OAUTH,Awaiting CDSE Statistical API; no scene-cloud substitution
teluk-awur-jepara,2023-06-12T02:35:39.024000Z,,,,,,,,,,,,BLOCKED_NO_CDSE_OAUTH,Awaiting CDSE Statistical API; no scene-cloud substitution
teluk-awur-jepara,2023-06-17T02:35:31.024000Z,,,,,,,,,,,,BLOCKED_NO_CDSE_OAUTH,Awaiting CDSE Statistical API; no scene-cloud substitution
teluk-awur-jepara,2023-06-22T02:35:29.024000Z,,,,,,,,,,,,BLOCKED_NO_CDSE_OAUTH,Awaiting CDSE Statistical API; no scene-cloud substitution
teluk-awur-jepara,2023-06-27T02:35:31.024000Z,,,,,,,,,,,,BLOCKED_NO_CDSE_OAUTH,Awaiting CDSE Statistical API; no scene-cloud substitution
teluk-awur-jepara,2023-07-02T02:35:39.024000Z,,,,,,,,,,,,BLOCKED_NO_CDSE_OAUTH,Awaiting CDSE Statistical API; no scene-cloud substitution
teluk-awur-jepara,2023-07-07T02:35:31.024000Z,,,,,,,,,,,,BLOCKED_NO_CDSE_OAUTH,Awaiting CDSE Statistical API; no scene-cloud substitution
teluk-awur-jepara,2023-07-12T02:35:29.024000Z,,,,,,,,,,,,BLOCKED_NO_CDSE_OAUTH,Awaiting CDSE Statistical API; no scene-cloud substitution
teluk-awur-jepara,2023-07-17T02:35:31.024000Z,,,,,,,,,,,,BLOCKED_NO_CDSE_OAUTH,Awaiting CDSE Statistical API; no scene-cloud substitution
teluk-awur-jepara,2023-07-22T02:35:39.024000Z,,,,,,,,,,,,BLOCKED_NO_CDSE_OAUTH,Awaiting CDSE Statistical API; no scene-cloud substitution
teluk-awur-jepara,2023-07-27T02:35:31.024000Z,,,,,,,,,,,,BLOCKED_NO_CDSE_OAUTH,Awaiting CDSE Statistical API; no scene-cloud substitution
teluk-awur-jepara,2023-08-01T02:35:39.024000Z,,,,,,,,,,,,BLOCKED_NO_CDSE_OAUTH,Awaiting CDSE Statistical API; no scene-cloud substitution
teluk-awur-jepara,2023-08-06T02:35:51.024000Z,,,,,,,,,,,,BLOCKED_NO_CDSE_OAUTH,Awaiting CDSE Statistical API; no scene-cloud substitution
teluk-awur-jepara,2023-08-11T02:35:39.024000Z,,,,,,,,,,,,BLOCKED_NO_CDSE_OAUTH,Awaiting CDSE Statistical API; no scene-cloud substitution
teluk-awur-jepara,2023-08-16T02:35:51.024000Z,,,,,,,,,,,,BLOCKED_NO_CDSE_OAUTH,Awaiting CDSE Statistical API; no scene-cloud substitution
teluk-awur-jepara,2023-08-21T02:35:29.024000Z,,,,,,,,,,,,BLOCKED_NO_CDSE_OAUTH,Awaiting CDSE Statistical API; no scene-cloud substitution
teluk-awur-jepara,2023-08-26T02:35:31.024000Z,,,,,,,,,,,,BLOCKED_NO_CDSE_OAUTH,Awaiting CDSE Statistical API; no scene-cloud substitution
teluk-awur-jepara,2023-08-31T02:35:29.024000Z,,,,,,,,,,,,BLOCKED_NO_CDSE_OAUTH,Awaiting CDSE Statistical API; no scene-cloud substitution
teluk-awur-jepara,2023-09-05T02:35:31.024000Z,,,,,,,,,,,,BLOCKED_NO_CDSE_OAUTH,Awaiting CDSE Statistical API; no scene-cloud substitution
teluk-awur-jepara,2023-09-10T02:35:29.024000Z,,,,,,,,,,,,BLOCKED_NO_CDSE_OAUTH,Awaiting CDSE Statistical API; no scene-cloud substitution
teluk-awur-jepara,2023-09-15T02:35:31.024000Z,,,,,,,,,,,,BLOCKED_NO_CDSE_OAUTH,Awaiting CDSE Statistical API; no scene-cloud substitution
teluk-awur-jepara,2023-09-20T02:35:29.024000Z,,,,,,,,,,,,BLOCKED_NO_CDSE_OAUTH,Awaiting CDSE Statistical API; no scene-cloud substitution
teluk-awur-jepara,2023-09-25T02:35:31.024000Z,,,,,,,,,,,,BLOCKED_NO_CDSE_OAUTH,Awaiting CDSE Statistical API; no scene-cloud substitution
teluk-awur-jepara,2023-09-30T02:35:29.024000Z,,,,,,,,,,,,BLOCKED_NO_CDSE_OAUTH,Awaiting CDSE Statistical API; no scene-cloud substitution
teluk-awur-jepara,2023-10-05T02:35:41.024000Z,,,,,,,,,,,,BLOCKED_NO_CDSE_OAUTH,Awaiting CDSE Statistical API; no scene-cloud substitution
teluk-awur-jepara,2023-10-10T02:36:19.024000Z,,,,,,,,,,,,BLOCKED_NO_CDSE_OAUTH,Awaiting CDSE Statistical API; no scene-cloud substitution
teluk-awur-jepara,2023-10-15T02:36:51.024000Z,,,,,,,,,,,,BLOCKED_NO_CDSE_OAUTH,Awaiting CDSE Statistical API; no scene-cloud substitution
teluk-awur-jepara,2023-10-20T02:37:29.024000Z,,,,,,,,,,,,BLOCKED_NO_CDSE_OAUTH,Awaiting CDSE Statistical API; no scene-cloud substitution
teluk-awur-jepara,2023-10-25T02:38:01.024000Z,,,,,,,,,,,,BLOCKED_NO_CDSE_OAUTH,Awaiting CDSE Statistical API; no scene-cloud substitution
teluk-awur-jepara,2023-10-30T02:38:29.024000Z,,,,,,,,,,,,BLOCKED_NO_CDSE_OAUTH,Awaiting CDSE Statistical API; no scene-cloud substitution
teluk-awur-jepara,2023-11-04T02:38:51.024000Z,,,,,,,,,,,,BLOCKED_NO_CDSE_OAUTH,Awaiting CDSE Statistical API; no scene-cloud substitution
teluk-awur-jepara,2023-11-09T02:39:19.024000Z,,,,,,,,,,,,BLOCKED_NO_CDSE_OAUTH,Awaiting CDSE Statistical API; no scene-cloud substitution
teluk-awur-jepara,2023-11-14T02:39:41.024000Z,,,,,,,,,,,,BLOCKED_NO_CDSE_OAUTH,Awaiting CDSE Statistical API; no scene-cloud substitution
teluk-awur-jepara,2023-11-19T02:40:09.024000Z,,,,,,,,,,,,BLOCKED_NO_CDSE_OAUTH,Awaiting CDSE Statistical API; no scene-cloud substitution
teluk-awur-jepara,2023-11-24T02:40:21.024000Z,,,,,,,,,,,,BLOCKED_NO_CDSE_OAUTH,Awaiting CDSE Statistical API; no scene-cloud substitution
teluk-awur-jepara,2023-11-29T02:40:29.024000Z,,,,,,,,,,,,BLOCKED_NO_CDSE_OAUTH,Awaiting CDSE Statistical API; no scene-cloud substitution
teluk-awur-jepara,2023-12-04T02:40:51.024000Z,,,,,,,,,,,,BLOCKED_NO_CDSE_OAUTH,Awaiting CDSE Statistical API; no scene-cloud substitution
teluk-awur-jepara,2023-12-09T02:41:09.024000Z,,,,,,,,,,,,BLOCKED_NO_CDSE_OAUTH,Awaiting CDSE Statistical API; no scene-cloud substitution
teluk-awur-jepara,2023-12-14T02:41:11.024000Z,,,,,,,,,,,,BLOCKED_NO_CDSE_OAUTH,Awaiting CDSE Statistical API; no scene-cloud substitution
teluk-awur-jepara,2023-12-19T02:41:19.024000Z,,,,,,,,,,,,BLOCKED_NO_CDSE_OAUTH,Awaiting CDSE Statistical API; no scene-cloud substitution
teluk-awur-jepara,2023-12-24T02:41:21.024000Z,,,,,,,,,,,,BLOCKED_NO_CDSE_OAUTH,Awaiting CDSE Statistical API; no scene-cloud substitution
teluk-awur-jepara,2023-12-29T02:41:19.024000Z,,,,,,,,,,,,BLOCKED_NO_CDSE_OAUTH,Awaiting CDSE Statistical API; no scene-cloud substitution
teluk-awur-jepara,2024-01-03T02:41:11.024000Z,,,,,,,,,,,,BLOCKED_NO_CDSE_OAUTH,Awaiting CDSE Statistical API; no scene-cloud substitution
teluk-awur-jepara,2024-01-08T02:41:09.024000Z,,,,,,,,,,,,BLOCKED_NO_CDSE_OAUTH,Awaiting CDSE Statistical API; no scene-cloud substitution
teluk-awur-jepara,2024-01-13T02:40:51.024000Z,,,,,,,,,,,,BLOCKED_NO_CDSE_OAUTH,Awaiting CDSE Statistical API; no scene-cloud substitution
teluk-awur-jepara,2024-01-18T02:40:29.024000Z,,,,,,,,,,,,BLOCKED_NO_CDSE_OAUTH,Awaiting CDSE Statistical API; no scene-cloud substitution
teluk-awur-jepara,2024-01-23T02:40:11.024000Z,,,,,,,,,,,,BLOCKED_NO_CDSE_OAUTH,Awaiting CDSE Statistical API; no scene-cloud substitution
teluk-awur-jepara,2024-01-28T02:39:49.024000Z,,,,,,,,,,,,BLOCKED_NO_CDSE_OAUTH,Awaiting CDSE Statistical API; no scene-cloud substitution
teluk-awur-jepara,2024-02-02T02:39:21.024000Z,,,,,,,,,,,,BLOCKED_NO_CDSE_OAUTH,Awaiting CDSE Statistical API; no scene-cloud substitution
teluk-awur-jepara,2024-02-07T02:38:59.024000Z,,,,,,,,,,,,BLOCKED_NO_CDSE_OAUTH,Awaiting CDSE Statistical API; no scene-cloud substitution
teluk-awur-jepara,2024-02-12T02:38:31.024000Z,,,,,,,,,,,,BLOCKED_NO_CDSE_OAUTH,Awaiting CDSE Statistical API; no scene-cloud substitution
teluk-awur-jepara,2024-02-17T02:37:59.024000Z,,,,,,,,,,,,BLOCKED_NO_CDSE_OAUTH,Awaiting CDSE Statistical API; no scene-cloud substitution
teluk-awur-jepara,2024-02-22T02:37:21.024000Z,,,,,,,,,,,,BLOCKED_NO_CDSE_OAUTH,Awaiting CDSE Statistical API; no scene-cloud substitution
teluk-awur-jepara,2024-02-27T02:36:49.024000Z,,,,,,,,,,,,BLOCKED_NO_CDSE_OAUTH,Awaiting CDSE Statistical API; no scene-cloud substitution
teluk-awur-jepara,2024-03-03T02:36:11.024000Z,,,,,,,,,,,,BLOCKED_NO_CDSE_OAUTH,Awaiting CDSE Statistical API; no scene-cloud substitution
teluk-awur-jepara,2024-03-08T02:35:29.024000Z,,,,,,,,,,,,BLOCKED_NO_CDSE_OAUTH,Awaiting CDSE Statistical API; no scene-cloud substitution
teluk-awur-jepara,2024-03-13T02:35:31.024000Z,,,,,,,,,,,,BLOCKED_NO_CDSE_OAUTH,Awaiting CDSE Statistical API; no scene-cloud substitution
teluk-awur-jepara,2024-03-18T02:35:29.024000Z,,,,,,,,,,,,BLOCKED_NO_CDSE_OAUTH,Awaiting CDSE Statistical API; no scene-cloud substitution
teluk-awur-jepara,2024-03-23T02:35:31.024000Z,,,,,,,,,,,,BLOCKED_NO_CDSE_OAUTH,Awaiting CDSE Statistical API; no scene-cloud substitution
teluk-awur-jepara,2024-03-28T02:35:29.024000Z,,,,,,,,,,,,BLOCKED_NO_CDSE_OAUTH,Awaiting CDSE Statistical API; no scene-cloud substitution
teluk-awur-jepara,2024-04-02T02:35:31.024000Z,,,,,,,,,,,,BLOCKED_NO_CDSE_OAUTH,Awaiting CDSE Statistical API; no scene-cloud substitution
teluk-awur-jepara,2024-04-07T02:35:29.024000Z,,,,,,,,,,,,BLOCKED_NO_CDSE_OAUTH,Awaiting CDSE Statistical API; no scene-cloud substitution
teluk-awur-jepara,2024-04-12T02:35:31.024000Z,,,,,,,,,,,,BLOCKED_NO_CDSE_OAUTH,Awaiting CDSE Statistical API; no scene-cloud substitution
teluk-awur-jepara,2024-04-17T02:35:29.024000Z,,,,,,,,,,,,BLOCKED_NO_CDSE_OAUTH,Awaiting CDSE Statistical API; no scene-cloud substitution
teluk-awur-jepara,2024-04-22T02:35:31.024000Z,,,,,,,,,,,,BLOCKED_NO_CDSE_OAUTH,Awaiting CDSE Statistical API; no scene-cloud substitution
teluk-awur-jepara,2024-04-27T02:35:29.024000Z,,,,,,,,,,,,BLOCKED_NO_CDSE_OAUTH,Awaiting CDSE Statistical API; no scene-cloud substitution
teluk-awur-jepara,2024-05-02T02:35:51.024000Z,,,,,,,,,,,,BLOCKED_NO_CDSE_OAUTH,Awaiting CDSE Statistical API; no scene-cloud substitution
teluk-awur-jepara,2024-05-07T02:35:29.024000Z,,,,,,,,,,,,BLOCKED_NO_CDSE_OAUTH,Awaiting CDSE Statistical API; no scene-cloud substitution
teluk-awur-jepara,2024-05-12T02:35:51.024000Z,,,,,,,,,,,,BLOCKED_NO_CDSE_OAUTH,Awaiting CDSE Statistical API; no scene-cloud substitution
teluk-awur-jepara,2024-05-17T02:35:29.024000Z,,,,,,,,,,,,BLOCKED_NO_CDSE_OAUTH,Awaiting CDSE Statistical API; no scene-cloud substitution
teluk-awur-jepara,2024-05-22T02:35:51.024000Z,,,,,,,,,,,,BLOCKED_NO_CDSE_OAUTH,Awaiting CDSE Statistical API; no scene-cloud substitution
teluk-awur-jepara,2024-05-27T02:35:29.024000Z,,,,,,,,,,,,BLOCKED_NO_CDSE_OAUTH,Awaiting CDSE Statistical API; no scene-cloud substitution
teluk-awur-jepara,2024-06-01T02:35:51.024000Z,,,,,,,,,,,,BLOCKED_NO_CDSE_OAUTH,Awaiting CDSE Statistical API; no scene-cloud substitution
teluk-awur-jepara,2024-06-06T02:35:29.024000Z,,,,,,,,,,,,BLOCKED_NO_CDSE_OAUTH,Awaiting CDSE Statistical API; no scene-cloud substitution
teluk-awur-jepara,2024-06-11T02:35:51.024000Z,,,,,,,,,,,,BLOCKED_NO_CDSE_OAUTH,Awaiting CDSE Statistical API; no scene-cloud substitution
teluk-awur-jepara,2024-06-16T02:35:29.024000Z,,,,,,,,,,,,BLOCKED_NO_CDSE_OAUTH,Awaiting CDSE Statistical API; no scene-cloud substitution
teluk-awur-jepara,2024-06-21T02:35:51.024000Z,,,,,,,,,,,,BLOCKED_NO_CDSE_OAUTH,Awaiting CDSE Statistical API; no scene-cloud substitution
teluk-awur-jepara,2024-06-26T02:35:29.024000Z,,,,,,,,,,,,BLOCKED_NO_CDSE_OAUTH,Awaiting CDSE Statistical API; no scene-cloud substitution
teluk-awur-jepara,2024-07-01T02:35:31.024000Z,,,,,,,,,,,,BLOCKED_NO_CDSE_OAUTH,Awaiting CDSE Statistical API; no scene-cloud substitution
teluk-awur-jepara,2024-07-06T02:35:29.024000Z,,,,,,,,,,,,BLOCKED_NO_CDSE_OAUTH,Awaiting CDSE Statistical API; no scene-cloud substitution
teluk-awur-jepara,2024-07-11T02:35:31.024000Z,,,,,,,,,,,,BLOCKED_NO_CDSE_OAUTH,Awaiting CDSE Statistical API; no scene-cloud substitution
teluk-awur-jepara,2024-07-16T02:35:29.024000Z,,,,,,,,,,,,BLOCKED_NO_CDSE_OAUTH,Awaiting CDSE Statistical API; no scene-cloud substitution
teluk-awur-jepara,2024-07-21T02:35:51.024000Z,,,,,,,,,,,,BLOCKED_NO_CDSE_OAUTH,Awaiting CDSE Statistical API; no scene-cloud substitution
teluk-awur-jepara,2024-07-26T02:35:29.024000Z,,,,,,,,,,,,BLOCKED_NO_CDSE_OAUTH,Awaiting CDSE Statistical API; no scene-cloud substitution
teluk-awur-jepara,2024-07-31T02:35:51.024000Z,,,,,,,,,,,,BLOCKED_NO_CDSE_OAUTH,Awaiting CDSE Statistical API; no scene-cloud substitution
teluk-awur-jepara,2024-08-05T02:35:29.024000Z,,,,,,,,,,,,BLOCKED_NO_CDSE_OAUTH,Awaiting CDSE Statistical API; no scene-cloud substitution
teluk-awur-jepara,2024-08-10T02:35:51.024000Z,,,,,,,,,,,,BLOCKED_NO_CDSE_OAUTH,Awaiting CDSE Statistical API; no scene-cloud substitution
teluk-awur-jepara,2024-08-15T02:35:29.024000Z,,,,,,,,,,,,BLOCKED_NO_CDSE_OAUTH,Awaiting CDSE Statistical API; no scene-cloud substitution
teluk-awur-jepara,2024-08-20T02:35:51.024000Z,,,,,,,,,,,,BLOCKED_NO_CDSE_OAUTH,Awaiting CDSE Statistical API; no scene-cloud substitution
teluk-awur-jepara,2024-08-25T02:35:29.024000Z,,,,,,,,,,,,BLOCKED_NO_CDSE_OAUTH,Awaiting CDSE Statistical API; no scene-cloud substitution
teluk-awur-jepara,2024-08-30T02:35:51.024000Z,,,,,,,,,,,,BLOCKED_NO_CDSE_OAUTH,Awaiting CDSE Statistical API; no scene-cloud substitution
teluk-awur-jepara,2024-09-04T02:35:29.024000Z,,,,,,,,,,,,BLOCKED_NO_CDSE_OAUTH,Awaiting CDSE Statistical API; no scene-cloud substitution
teluk-awur-jepara,2024-09-09T02:35:31.024000Z,,,,,,,,,,,,BLOCKED_NO_CDSE_OAUTH,Awaiting CDSE Statistical API; no scene-cloud substitution
teluk-awur-jepara,2024-09-14T02:35:29.024000Z,,,,,,,,,,,,BLOCKED_NO_CDSE_OAUTH,Awaiting CDSE Statistical API; no scene-cloud substitution
teluk-awur-jepara,2024-09-19T02:35:51.024000Z,,,,,,,,,,,,BLOCKED_NO_CDSE_OAUTH,Awaiting CDSE Statistical API; no scene-cloud substitution
teluk-awur-jepara,2024-09-24T02:35:29.024000Z,,,,,,,,,,,,BLOCKED_NO_CDSE_OAUTH,Awaiting CDSE Statistical API; no scene-cloud substitution
teluk-awur-jepara,2024-09-29T02:35:31.024000Z,,,,,,,,,,,,BLOCKED_NO_CDSE_OAUTH,Awaiting CDSE Statistical API; no scene-cloud substitution
teluk-awur-jepara,2024-10-04T02:35:29.024000Z,,,,,,,,,,,,BLOCKED_NO_CDSE_OAUTH,Awaiting CDSE Statistical API; no scene-cloud substitution
teluk-awur-jepara,2024-10-09T02:36:11.024000Z,,,,,,,,,,,,BLOCKED_NO_CDSE_OAUTH,Awaiting CDSE Statistical API; no scene-cloud substitution
teluk-awur-jepara,2024-10-14T02:35:49.024000Z,,,,,,,,,,,,BLOCKED_NO_CDSE_OAUTH,Awaiting CDSE Statistical API; no scene-cloud substitution
teluk-awur-jepara,2024-10-19T02:37:21.024000Z,,,,,,,,,,,,BLOCKED_NO_CDSE_OAUTH,Awaiting CDSE Statistical API; no scene-cloud substitution
teluk-awur-jepara,2024-10-24T02:36:59.024000Z,,,,,,,,,,,,BLOCKED_NO_CDSE_OAUTH,Awaiting CDSE Statistical API; no scene-cloud substitution
teluk-awur-jepara,2024-10-29T02:38:21.024000Z,,,,,,,,,,,,BLOCKED_NO_CDSE_OAUTH,Awaiting CDSE Statistical API; no scene-cloud substitution
teluk-awur-jepara,2024-11-03T02:37:59.024000Z,,,,,,,,,,,,BLOCKED_NO_CDSE_OAUTH,Awaiting CDSE Statistical API; no scene-cloud substitution
teluk-awur-jepara,2024-11-08T02:39:21.024000Z,,,,,,,,,,,,BLOCKED_NO_CDSE_OAUTH,Awaiting CDSE Statistical API; no scene-cloud substitution
teluk-awur-jepara,2024-11-08T03:00:11.025000Z,,,,,,,,,,,,BLOCKED_NO_CDSE_OAUTH,Awaiting CDSE Statistical API; no scene-cloud substitution
teluk-awur-jepara,2024-11-13T02:38:49.024000Z,,,,,,,,,,,,BLOCKED_NO_CDSE_OAUTH,Awaiting CDSE Statistical API; no scene-cloud substitution
teluk-awur-jepara,2024-11-18T02:40:11.024000Z,,,,,,,,,,,,BLOCKED_NO_CDSE_OAUTH,Awaiting CDSE Statistical API; no scene-cloud substitution
teluk-awur-jepara,2024-11-18T03:00:11.024000Z,,,,,,,,,,,,BLOCKED_NO_CDSE_OAUTH,Awaiting CDSE Statistical API; no scene-cloud substitution
teluk-awur-jepara,2024-11-23T02:39:39.024000Z,,,,,,,,,,,,BLOCKED_NO_CDSE_OAUTH,Awaiting CDSE Statistical API; no scene-cloud substitution
teluk-awur-jepara,2024-11-28T02:40:31.024000Z,,,,,,,,,,,,BLOCKED_NO_CDSE_OAUTH,Awaiting CDSE Statistical API; no scene-cloud substitution
teluk-awur-jepara,2024-12-08T02:41:11.024000Z,,,,,,,,,,,,BLOCKED_NO_CDSE_OAUTH,Awaiting CDSE Statistical API; no scene-cloud substitution
teluk-awur-jepara,2024-12-08T02:41:41.025000Z,,,,,,,,,,,,BLOCKED_NO_CDSE_OAUTH,Awaiting CDSE Statistical API; no scene-cloud substitution
teluk-awur-jepara,2024-12-13T02:40:29.024000Z,,,,,,,,,,,,BLOCKED_NO_CDSE_OAUTH,Awaiting CDSE Statistical API; no scene-cloud substitution
teluk-awur-jepara,2024-12-18T02:41:21.024000Z,,,,,,,,,,,,BLOCKED_NO_CDSE_OAUTH,Awaiting CDSE Statistical API; no scene-cloud substitution
teluk-awur-jepara,2024-12-18T02:41:51.025000Z,,,,,,,,,,,,BLOCKED_NO_CDSE_OAUTH,Awaiting CDSE Statistical API; no scene-cloud substitution
teluk-awur-jepara,2024-12-23T02:40:29.024000Z,,,,,,,,,,,,BLOCKED_NO_CDSE_OAUTH,Awaiting CDSE Statistical API; no scene-cloud substitution
teluk-awur-jepara,2024-12-28T02:41:21.024000Z,,,,,,,,,,,,BLOCKED_NO_CDSE_OAUTH,Awaiting CDSE Statistical API; no scene-cloud substitution
teluk-awur-jepara,2025-01-02T02:40:19.024000Z,,,,,,,,,,,,BLOCKED_NO_CDSE_OAUTH,Awaiting CDSE Statistical API; no scene-cloud substitution
teluk-awur-jepara,2025-01-07T02:41:01.024000Z,,,,,,,,,,,,BLOCKED_NO_CDSE_OAUTH,Awaiting CDSE Statistical API; no scene-cloud substitution
teluk-awur-jepara,2025-01-12T02:39:59.024000Z,,,,,,,,,,,,BLOCKED_NO_CDSE_OAUTH,Awaiting CDSE Statistical API; no scene-cloud substitution
teluk-awur-jepara,2025-01-17T02:40:31.024000Z,,,,,,,,,,,,BLOCKED_NO_CDSE_OAUTH,Awaiting CDSE Statistical API; no scene-cloud substitution
teluk-awur-jepara,2025-01-22T02:39:19.024000Z,,,,,,,,,,,,BLOCKED_NO_CDSE_OAUTH,Awaiting CDSE Statistical API; no scene-cloud substitution
teluk-awur-jepara,2025-01-27T02:40:21.025000Z,,,,,,,,,,,,BLOCKED_NO_CDSE_OAUTH,Awaiting CDSE Statistical API; no scene-cloud substitution
teluk-awur-jepara,2025-02-01T02:38:39.024000Z,,,,,,,,,,,,BLOCKED_NO_CDSE_OAUTH,Awaiting CDSE Statistical API; no scene-cloud substitution
teluk-awur-jepara,2025-02-06T02:39:31.025000Z,,,,,,,,,,,,BLOCKED_NO_CDSE_OAUTH,Awaiting CDSE Statistical API; no scene-cloud substitution
teluk-awur-jepara,2025-02-11T02:37:39.024000Z,,,,,,,,,,,,BLOCKED_NO_CDSE_OAUTH,Awaiting CDSE Statistical API; no scene-cloud substitution
teluk-awur-jepara,2025-02-16T02:38:21.024000Z,,,,,,,,,,,,BLOCKED_NO_CDSE_OAUTH,Awaiting CDSE Statistical API; no scene-cloud substitution
teluk-awur-jepara,2025-02-21T02:36:39.024000Z,,,,,,,,,,,,BLOCKED_NO_CDSE_OAUTH,Awaiting CDSE Statistical API; no scene-cloud substitution
teluk-awur-jepara,2025-02-26T02:37:11.025000Z,,,,,,,,,,,,BLOCKED_NO_CDSE_OAUTH,Awaiting CDSE Statistical API; no scene-cloud substitution
teluk-awur-jepara,2025-03-03T02:35:29.024000Z,,,,,,,,,,,,BLOCKED_NO_CDSE_OAUTH,Awaiting CDSE Statistical API; no scene-cloud substitution
teluk-awur-jepara,2025-03-08T02:36:01.025000Z,,,,,,,,,,,,BLOCKED_NO_CDSE_OAUTH,Awaiting CDSE Statistical API; no scene-cloud substitution
teluk-awur-jepara,2025-03-13T02:35:29.024000Z,,,,,,,,,,,,BLOCKED_NO_CDSE_OAUTH,Awaiting CDSE Statistical API; no scene-cloud substitution
teluk-awur-jepara,2025-03-18T02:35:51.025000Z,,,,,,,,,,,,BLOCKED_NO_CDSE_OAUTH,Awaiting CDSE Statistical API; no scene-cloud substitution
teluk-awur-jepara,2025-03-23T02:35:29.024000Z,,,,,,,,,,,,BLOCKED_NO_CDSE_OAUTH,Awaiting CDSE Statistical API; no scene-cloud substitution
teluk-awur-jepara,2025-03-28T02:35:51.025000Z,,,,,,,,,,,,BLOCKED_NO_CDSE_OAUTH,Awaiting CDSE Statistical API; no scene-cloud substitution
teluk-awur-jepara,2025-04-02T02:35:29.024000Z,,,,,,,,,,,,BLOCKED_NO_CDSE_OAUTH,Awaiting CDSE Statistical API; no scene-cloud substitution
teluk-awur-jepara,2025-04-07T02:36:11.024000Z,,,,,,,,,,,,BLOCKED_NO_CDSE_OAUTH,Awaiting CDSE Statistical API; no scene-cloud substitution
teluk-awur-jepara,2025-04-09T02:41:41.024000Z,,,,,,,,,,,,BLOCKED_NO_CDSE_OAUTH,Awaiting CDSE Statistical API; no scene-cloud substitution
teluk-awur-jepara,2025-04-12T02:35:29.024000Z,,,,,,,,,,,,BLOCKED_NO_CDSE_OAUTH,Awaiting CDSE Statistical API; no scene-cloud substitution
teluk-awur-jepara,2025-04-17T02:36:11.024000Z,,,,,,,,,,,,BLOCKED_NO_CDSE_OAUTH,Awaiting CDSE Statistical API; no scene-cloud substitution
teluk-awur-jepara,2025-04-22T02:35:29.024000Z,,,,,,,,,,,,BLOCKED_NO_CDSE_OAUTH,Awaiting CDSE Statistical API; no scene-cloud substitution
teluk-awur-jepara,2025-04-27T02:36:11.025000Z,,,,,,,,,,,,BLOCKED_NO_CDSE_OAUTH,Awaiting CDSE Statistical API; no scene-cloud substitution
teluk-awur-jepara,2025-04-29T02:41:41.024000Z,,,,,,,,,,,,BLOCKED_NO_CDSE_OAUTH,Awaiting CDSE Statistical API; no scene-cloud substitution
teluk-awur-jepara,2025-05-02T02:35:29.024000Z,,,,,,,,,,,,BLOCKED_NO_CDSE_OAUTH,Awaiting CDSE Statistical API; no scene-cloud substitution
teluk-awur-jepara,2025-05-07T02:35:51.025000Z,,,,,,,,,,,,BLOCKED_NO_CDSE_OAUTH,Awaiting CDSE Statistical API; no scene-cloud substitution
teluk-awur-jepara,2025-05-12T02:35:29.024000Z,,,,,,,,,,,,BLOCKED_NO_CDSE_OAUTH,Awaiting CDSE Statistical API; no scene-cloud substitution
teluk-awur-jepara,2025-05-17T02:35:51.024000Z,,,,,,,,,,,,BLOCKED_NO_CDSE_OAUTH,Awaiting CDSE Statistical API; no scene-cloud substitution
teluk-awur-jepara,2025-05-19T02:41:41.024000Z,,,,,,,,,,,,BLOCKED_NO_CDSE_OAUTH,Awaiting CDSE Statistical API; no scene-cloud substitution
teluk-awur-jepara,2025-05-22T02:35:29.024000Z,,,,,,,,,,,,BLOCKED_NO_CDSE_OAUTH,Awaiting CDSE Statistical API; no scene-cloud substitution
teluk-awur-jepara,2025-05-27T02:35:51.025000Z,,,,,,,,,,,,BLOCKED_NO_CDSE_OAUTH,Awaiting CDSE Statistical API; no scene-cloud substitution
teluk-awur-jepara,2025-06-01T02:35:29.024000Z,,,,,,,,,,,,BLOCKED_NO_CDSE_OAUTH,Awaiting CDSE Statistical API; no scene-cloud substitution
teluk-awur-jepara,2025-06-06T02:35:51.025000Z,,,,,,,,,,,,BLOCKED_NO_CDSE_OAUTH,Awaiting CDSE Statistical API; no scene-cloud substitution
teluk-awur-jepara,2025-06-08T02:41:41.024000Z,,,,,,,,,,,,BLOCKED_NO_CDSE_OAUTH,Awaiting CDSE Statistical API; no scene-cloud substitution
teluk-awur-jepara,2025-06-11T02:35:29.024000Z,,,,,,,,,,,,BLOCKED_NO_CDSE_OAUTH,Awaiting CDSE Statistical API; no scene-cloud substitution
teluk-awur-jepara,2025-06-16T02:35:51.025000Z,,,,,,,,,,,,BLOCKED_NO_CDSE_OAUTH,Awaiting CDSE Statistical API; no scene-cloud substitution
teluk-awur-jepara,2025-06-21T02:35:29.024000Z,,,,,,,,,,,,BLOCKED_NO_CDSE_OAUTH,Awaiting CDSE Statistical API; no scene-cloud substitution
teluk-awur-jepara,2025-06-26T02:36:11.025000Z,,,,,,,,,,,,BLOCKED_NO_CDSE_OAUTH,Awaiting CDSE Statistical API; no scene-cloud substitution
teluk-awur-jepara,2025-06-28T02:41:41.024000Z,,,,,,,,,,,,BLOCKED_NO_CDSE_OAUTH,Awaiting CDSE Statistical API; no scene-cloud substitution
teluk-awur-jepara,2025-07-01T02:35:29.024000Z,,,,,,,,,,,,BLOCKED_NO_CDSE_OAUTH,Awaiting CDSE Statistical API; no scene-cloud substitution
teluk-awur-jepara,2025-07-06T02:36:11.025000Z,,,,,,,,,,,,BLOCKED_NO_CDSE_OAUTH,Awaiting CDSE Statistical API; no scene-cloud substitution
teluk-awur-jepara,2025-07-11T02:35:29.024000Z,,,,,,,,,,,,BLOCKED_NO_CDSE_OAUTH,Awaiting CDSE Statistical API; no scene-cloud substitution
teluk-awur-jepara,2025-07-16T02:35:51.025000Z,,,,,,,,,,,,BLOCKED_NO_CDSE_OAUTH,Awaiting CDSE Statistical API; no scene-cloud substitution
teluk-awur-jepara,2025-07-18T02:41:51.024000Z,,,,,,,,,,,,BLOCKED_NO_CDSE_OAUTH,Awaiting CDSE Statistical API; no scene-cloud substitution
teluk-awur-jepara,2025-07-21T02:35:29.024000Z,,,,,,,,,,,,BLOCKED_NO_CDSE_OAUTH,Awaiting CDSE Statistical API; no scene-cloud substitution
teluk-awur-jepara,2025-07-26T02:36:11.025000Z,,,,,,,,,,,,BLOCKED_NO_CDSE_OAUTH,Awaiting CDSE Statistical API; no scene-cloud substitution
teluk-awur-jepara,2025-07-31T02:35:29.024000Z,,,,,,,,,,,,BLOCKED_NO_CDSE_OAUTH,Awaiting CDSE Statistical API; no scene-cloud substitution
teluk-awur-jepara,2025-08-05T02:35:51.025000Z,,,,,,,,,,,,BLOCKED_NO_CDSE_OAUTH,Awaiting CDSE Statistical API; no scene-cloud substitution
teluk-awur-jepara,2025-08-07T02:41:41.024000Z,,,,,,,,,,,,BLOCKED_NO_CDSE_OAUTH,Awaiting CDSE Statistical API; no scene-cloud substitution
teluk-awur-jepara,2025-08-10T02:35:29.024000Z,,,,,,,,,,,,BLOCKED_NO_CDSE_OAUTH,Awaiting CDSE Statistical API; no scene-cloud substitution
teluk-awur-jepara,2025-08-15T02:36:11.025000Z,,,,,,,,,,,,BLOCKED_NO_CDSE_OAUTH,Awaiting CDSE Statistical API; no scene-cloud substitution
teluk-awur-jepara,2025-08-20T02:35:29.024000Z,,,,,,,,,,,,BLOCKED_NO_CDSE_OAUTH,Awaiting CDSE Statistical API; no scene-cloud substitution
teluk-awur-jepara,2025-08-25T02:36:11.025000Z,,,,,,,,,,,,BLOCKED_NO_CDSE_OAUTH,Awaiting CDSE Statistical API; no scene-cloud substitution
teluk-awur-jepara,2025-08-27T02:41:41.024000Z,,,,,,,,,,,,BLOCKED_NO_CDSE_OAUTH,Awaiting CDSE Statistical API; no scene-cloud substitution
teluk-awur-jepara,2025-08-30T02:35:29.024000Z,,,,,,,,,,,,BLOCKED_NO_CDSE_OAUTH,Awaiting CDSE Statistical API; no scene-cloud substitution
teluk-awur-jepara,2025-09-04T02:36:11.024000Z,,,,,,,,,,,,BLOCKED_NO_CDSE_OAUTH,Awaiting CDSE Statistical API; no scene-cloud substitution
teluk-awur-jepara,2025-09-09T02:35:29.024000Z,,,,,,,,,,,,BLOCKED_NO_CDSE_OAUTH,Awaiting CDSE Statistical API; no scene-cloud substitution
teluk-awur-jepara,2025-09-14T02:35:41.025000Z,,,,,,,,,,,,BLOCKED_NO_CDSE_OAUTH,Awaiting CDSE Statistical API; no scene-cloud substitution
teluk-awur-jepara,2025-09-16T02:41:41.024000Z,,,,,,,,,,,,BLOCKED_NO_CDSE_OAUTH,Awaiting CDSE Statistical API; no scene-cloud substitution
teluk-awur-jepara,2025-09-19T02:35:29.024000Z,,,,,,,,,,,,BLOCKED_NO_CDSE_OAUTH,Awaiting CDSE Statistical API; no scene-cloud substitution
teluk-awur-jepara,2025-09-24T02:35:41.025000Z,,,,,,,,,,,,BLOCKED_NO_CDSE_OAUTH,Awaiting CDSE Statistical API; no scene-cloud substitution
teluk-awur-jepara,2025-09-29T02:35:29.024000Z,,,,,,,,,,,,BLOCKED_NO_CDSE_OAUTH,Awaiting CDSE Statistical API; no scene-cloud substitution
teluk-awur-jepara,2025-10-04T02:35:51.025000Z,,,,,,,,,,,,BLOCKED_NO_CDSE_OAUTH,Awaiting CDSE Statistical API; no scene-cloud substitution
teluk-awur-jepara,2025-10-09T02:35:29.024000Z,,,,,,,,,,,,BLOCKED_NO_CDSE_OAUTH,Awaiting CDSE Statistical API; no scene-cloud substitution
teluk-awur-jepara,2025-10-14T02:37:01.025000Z,,,,,,,,,,,,BLOCKED_NO_CDSE_OAUTH,Awaiting CDSE Statistical API; no scene-cloud substitution
teluk-awur-jepara,2025-10-16T02:41:41.024000Z,,,,,,,,,,,,BLOCKED_NO_CDSE_OAUTH,Awaiting CDSE Statistical API; no scene-cloud substitution
teluk-awur-jepara,2025-10-19T02:36:29.024000Z,,,,,,,,,,,,BLOCKED_NO_CDSE_OAUTH,Awaiting CDSE Statistical API; no scene-cloud substitution
teluk-awur-jepara,2025-10-24T02:38:01.025000Z,,,,,,,,,,,,BLOCKED_NO_CDSE_OAUTH,Awaiting CDSE Statistical API; no scene-cloud substitution
teluk-awur-jepara,2025-10-29T02:37:29.024000Z,,,,,,,,,,,,BLOCKED_NO_CDSE_OAUTH,Awaiting CDSE Statistical API; no scene-cloud substitution
teluk-awur-jepara,2025-11-03T02:45:11.025000Z,,,,,,,,,,,,BLOCKED_NO_CDSE_OAUTH,Awaiting CDSE Statistical API; no scene-cloud substitution
teluk-awur-jepara,2025-11-05T02:41:41.024000Z,,,,,,,,,,,,BLOCKED_NO_CDSE_OAUTH,Awaiting CDSE Statistical API; no scene-cloud substitution
teluk-awur-jepara,2025-11-08T02:38:19.024000Z,,,,,,,,,,,,BLOCKED_NO_CDSE_OAUTH,Awaiting CDSE Statistical API; no scene-cloud substitution
teluk-awur-jepara,2025-11-13T02:45:11.024000Z,,,,,,,,,,,,BLOCKED_NO_CDSE_OAUTH,Awaiting CDSE Statistical API; no scene-cloud substitution
teluk-awur-jepara,2025-11-18T02:39:09.024000Z,,,,,,,,,,,,BLOCKED_NO_CDSE_OAUTH,Awaiting CDSE Statistical API; no scene-cloud substitution
teluk-awur-jepara,2025-11-23T02:45:11.025000Z,,,,,,,,,,,,BLOCKED_NO_CDSE_OAUTH,Awaiting CDSE Statistical API; no scene-cloud substitution
teluk-awur-jepara,2025-11-25T02:41:51.024000Z,,,,,,,,,,,,BLOCKED_NO_CDSE_OAUTH,Awaiting CDSE Statistical API; no scene-cloud substitution
teluk-awur-jepara,2025-11-28T02:39:39.024000Z,,,,,,,,,,,,BLOCKED_NO_CDSE_OAUTH,Awaiting CDSE Statistical API; no scene-cloud substitution
teluk-awur-jepara,2025-12-03T02:41:01.025000Z,,,,,,,,,,,,BLOCKED_NO_CDSE_OAUTH,Awaiting CDSE Statistical API; no scene-cloud substitution
teluk-awur-jepara,2025-12-08T02:40:09.024000Z,,,,,,,,,,,,BLOCKED_NO_CDSE_OAUTH,Awaiting CDSE Statistical API; no scene-cloud substitution
teluk-awur-jepara,2025-12-13T02:41:31.025000Z,,,,,,,,,,,,BLOCKED_NO_CDSE_OAUTH,Awaiting CDSE Statistical API; no scene-cloud substitution
teluk-awur-jepara,2025-12-18T02:40:29.024000Z,,,,,,,,,,,,BLOCKED_NO_CDSE_OAUTH,Awaiting CDSE Statistical API; no scene-cloud substitution
teluk-awur-jepara,2025-12-23T02:41:31.025000Z,,,,,,,,,,,,BLOCKED_NO_CDSE_OAUTH,Awaiting CDSE Statistical API; no scene-cloud substitution
teluk-awur-jepara,2025-12-28T02:40:29.024000Z,,,,,,,,,,,,BLOCKED_NO_CDSE_OAUTH,Awaiting CDSE Statistical API; no scene-cloud substitution
teluk-awur-jepara,2026-01-02T02:41:21.025000Z,,,,,,,,,,,,BLOCKED_NO_CDSE_OAUTH,Awaiting CDSE Statistical API; no scene-cloud substitution
teluk-awur-jepara,2026-01-04T02:41:51.024000Z,,,,,,,,,,,,BLOCKED_NO_CDSE_OAUTH,Awaiting CDSE Statistical API; no scene-cloud substitution
teluk-awur-jepara,2026-01-07T02:40:09.024000Z,,,,,,,,,,,,BLOCKED_NO_CDSE_OAUTH,Awaiting CDSE Statistical API; no scene-cloud substitution
teluk-awur-jepara,2026-01-12T02:41:01.025000Z,,,,,,,,,,,,BLOCKED_NO_CDSE_OAUTH,Awaiting CDSE Statistical API; no scene-cloud substitution
teluk-awur-jepara,2026-01-17T02:39:39.024000Z,,,,,,,,,,,,BLOCKED_NO_CDSE_OAUTH,Awaiting CDSE Statistical API; no scene-cloud substitution
teluk-awur-jepara,2026-01-22T02:40:21.024000Z,,,,,,,,,,,,BLOCKED_NO_CDSE_OAUTH,Awaiting CDSE Statistical API; no scene-cloud substitution
teluk-awur-jepara,2026-01-27T02:38:59.024000Z,,,,,,,,,,,,BLOCKED_NO_CDSE_OAUTH,Awaiting CDSE Statistical API; no scene-cloud substitution
teluk-awur-jepara,2026-02-01T02:39:31.025000Z,,,,,,,,,,,,BLOCKED_NO_CDSE_OAUTH,Awaiting CDSE Statistical API; no scene-cloud substitution
teluk-awur-jepara,2026-02-06T02:37:59.024000Z,,,,,,,,,,,,BLOCKED_NO_CDSE_OAUTH,Awaiting CDSE Statistical API; no scene-cloud substitution
teluk-awur-jepara,2026-02-06T03:00:01.024000Z,,,,,,,,,,,,BLOCKED_NO_CDSE_OAUTH,Awaiting CDSE Statistical API; no scene-cloud substitution
teluk-awur-jepara,2026-02-11T02:38:31.025000Z,,,,,,,,,,,,BLOCKED_NO_CDSE_OAUTH,Awaiting CDSE Statistical API; no scene-cloud substitution
teluk-awur-jepara,2026-02-16T02:36:59.024000Z,,,,,,,,,,,,BLOCKED_NO_CDSE_OAUTH,Awaiting CDSE Statistical API; no scene-cloud substitution
teluk-awur-jepara,2026-02-16T03:00:01.024000Z,,,,,,,,,,,,BLOCKED_NO_CDSE_OAUTH,Awaiting CDSE Statistical API; no scene-cloud substitution
teluk-awur-jepara,2026-02-21T02:37:31.025000Z,,,,,,,,,,,,BLOCKED_NO_CDSE_OAUTH,Awaiting CDSE Statistical API; no scene-cloud substitution
teluk-awur-jepara,2026-02-26T02:35:59.024000Z,,,,,,,,,,,,BLOCKED_NO_CDSE_OAUTH,Awaiting CDSE Statistical API; no scene-cloud substitution
teluk-awur-jepara,2026-03-03T02:36:21.025000Z,,,,,,,,,,,,BLOCKED_NO_CDSE_OAUTH,Awaiting CDSE Statistical API; no scene-cloud substitution
teluk-awur-jepara,2026-03-08T02:35:49.024000Z,,,,,,,,,,,,BLOCKED_NO_CDSE_OAUTH,Awaiting CDSE Statistical API; no scene-cloud substitution
teluk-awur-jepara,2026-03-13T02:35:31.025000Z,,,,,,,,,,,,BLOCKED_NO_CDSE_OAUTH,Awaiting CDSE Statistical API; no scene-cloud substitution
teluk-awur-jepara,2026-03-15T02:41:51.024000Z,,,,,,,,,,,,BLOCKED_NO_CDSE_OAUTH,Awaiting CDSE Statistical API; no scene-cloud substitution
teluk-awur-jepara,2026-03-18T02:35:49.024000Z,,,,,,,,,,,,BLOCKED_NO_CDSE_OAUTH,Awaiting CDSE Statistical API; no scene-cloud substitution
teluk-awur-jepara,2026-03-23T02:35:51.025000Z,,,,,,,,,,,,BLOCKED_NO_CDSE_OAUTH,Awaiting CDSE Statistical API; no scene-cloud substitution
teluk-awur-jepara,2026-03-28T02:35:49.024000Z,,,,,,,,,,,,BLOCKED_NO_CDSE_OAUTH,Awaiting CDSE Statistical API; no scene-cloud substitution
teluk-awur-jepara,2026-04-02T02:35:51.025000Z,,,,,,,,,,,,BLOCKED_NO_CDSE_OAUTH,Awaiting CDSE Statistical API; no scene-cloud substitution
teluk-awur-jepara,2026-04-04T02:41:51.024000Z,,,,,,,,,,,,BLOCKED_NO_CDSE_OAUTH,Awaiting CDSE Statistical API; no scene-cloud substitution
teluk-awur-jepara,2026-04-07T02:35:49.024000Z,,,,,,,,,,,,BLOCKED_NO_CDSE_OAUTH,Awaiting CDSE Statistical API; no scene-cloud substitution
teluk-awur-jepara,2026-04-12T02:35:51.025000Z,,,,,,,,,,,,BLOCKED_NO_CDSE_OAUTH,Awaiting CDSE Statistical API; no scene-cloud substitution
teluk-awur-jepara,2026-04-17T02:35:29.024000Z,,,,,,,,,,,,BLOCKED_NO_CDSE_OAUTH,Awaiting CDSE Statistical API; no scene-cloud substitution
teluk-awur-jepara,2026-04-22T02:35:51.025000Z,,,,,,,,,,,,BLOCKED_NO_CDSE_OAUTH,Awaiting CDSE Statistical API; no scene-cloud substitution
teluk-awur-jepara,2026-04-24T02:41:51.024000Z,,,,,,,,,,,,BLOCKED_NO_CDSE_OAUTH,Awaiting CDSE Statistical API; no scene-cloud substitution
teluk-awur-jepara,2026-04-27T02:35:29.024000Z,,,,,,,,,,,,BLOCKED_NO_CDSE_OAUTH,Awaiting CDSE Statistical API; no scene-cloud substitution
teluk-awur-jepara,2026-05-02T02:35:51.025000Z,,,,,,,,,,,,BLOCKED_NO_CDSE_OAUTH,Awaiting CDSE Statistical API; no scene-cloud substitution
teluk-awur-jepara,2026-05-07T02:35:29.024000Z,,,,,,,,,,,,BLOCKED_NO_CDSE_OAUTH,Awaiting CDSE Statistical API; no scene-cloud substitution
teluk-awur-jepara,2026-05-12T02:35:51.025000Z,,,,,,,,,,,,BLOCKED_NO_CDSE_OAUTH,Awaiting CDSE Statistical API; no scene-cloud substitution
teluk-awur-jepara,2026-05-14T02:41:41.024000Z,,,,,,,,,,,,BLOCKED_NO_CDSE_OAUTH,Awaiting CDSE Statistical API; no scene-cloud substitution
teluk-awur-jepara,2026-05-17T02:35:29.024000Z,,,,,,,,,,,,BLOCKED_NO_CDSE_OAUTH,Awaiting CDSE Statistical API; no scene-cloud substitution
teluk-awur-jepara,2026-05-22T02:35:51.025000Z,,,,,,,,,,,,BLOCKED_NO_CDSE_OAUTH,Awaiting CDSE Statistical API; no scene-cloud substitution
teluk-awur-jepara,2026-05-27T02:35:19.024000Z,,,,,,,,,,,,BLOCKED_NO_CDSE_OAUTH,Awaiting CDSE Statistical API; no scene-cloud substitution
teluk-awur-jepara,2026-06-01T02:35:31.025000Z,,,,,,,,,,,,BLOCKED_NO_CDSE_OAUTH,Awaiting CDSE Statistical API; no scene-cloud substitution
teluk-awur-jepara,2026-06-03T02:41:41.024000Z,,,,,,,,,,,,BLOCKED_NO_CDSE_OAUTH,Awaiting CDSE Statistical API; no scene-cloud substitution
teluk-awur-jepara,2026-06-06T02:35:29.024000Z,,,,,,,,,,,,BLOCKED_NO_CDSE_OAUTH,Awaiting CDSE Statistical API; no scene-cloud substitution
teluk-awur-jepara,2026-06-11T02:35:31.025000Z,,,,,,,,,,,,BLOCKED_NO_CDSE_OAUTH,Awaiting CDSE Statistical API; no scene-cloud substitution
teluk-awur-jepara,2026-06-16T02:35:29.024000Z,,,,,,,,,,,,BLOCKED_NO_CDSE_OAUTH,Awaiting CDSE Statistical API; no scene-cloud substitution
teluk-awur-jepara,2026-06-21T02:35:31.025000Z,,,,,,,,,,,,BLOCKED_NO_CDSE_OAUTH,Awaiting CDSE Statistical API; no scene-cloud substitution
teluk-awur-jepara,2026-06-23T02:41:41.024000Z,,,,,,,,,,,,BLOCKED_NO_CDSE_OAUTH,Awaiting CDSE Statistical API; no scene-cloud substitution
teluk-awur-jepara,2026-06-26T02:35:29.024000Z,,,,,,,,,,,,BLOCKED_NO_CDSE_OAUTH,Awaiting CDSE Statistical API; no scene-cloud substitution
teluk-awur-jepara,2026-07-01T02:35:31.025000Z,,,,,,,,,,,,BLOCKED_NO_CDSE_OAUTH,Awaiting CDSE Statistical API; no scene-cloud substitution
teluk-awur-jepara,2026-07-06T02:35:29.024000Z,,,,,,,,,,,,BLOCKED_NO_CDSE_OAUTH,Awaiting CDSE Statistical API; no scene-cloud substitution
teluk-awur-jepara,2026-07-11T02:35:31.025000Z,,,,,,,,,,,,BLOCKED_NO_CDSE_OAUTH,Awaiting CDSE Statistical API; no scene-cloud substitution
teluk-awur-jepara,2026-07-13T02:41:41.024000Z,,,,,,,,,,,,BLOCKED_NO_CDSE_OAUTH,Awaiting CDSE Statistical API; no scene-cloud substitution
teluk-awur-jepara,2026-07-16T02:35:29.024000Z,,,,,,,,,,,,BLOCKED_NO_CDSE_OAUTH,Awaiting CDSE Statistical API; no scene-cloud substitution
teluk-awur-jepara,2026-07-21T02:35:31.025000Z,,,,,,,,,,,,BLOCKED_NO_CDSE_OAUTH,Awaiting CDSE Statistical API; no scene-cloud substitution
