{
  "type": "FeatureCollection",
  "features": [
    {
      "type": "Feature",
      "id": 1985,
      "geometry": {
        "type": "MultiLineString",
        "coordinates": [
          [
            [
              105.927943,
              -6.007269
            ],
            [
              105.92805,
              -6.007355
            ]
          ],
          [
            [
              105.92805,
              -6.007355
            ],
            [
              105.928235,
              -6.007423
            ]
          ],
          [
            [
              105.928235,
              -6.007423
            ],
            [
              105.928457,
              -6.007582
            ]
          ],
          [
            [
              105.928457,
              -6.007582
            ],
            [
              105.928558,
              -6.007736
            ]
          ],
          [
            [
              105.928558,
              -6.007736
            ],
            [
              105.928544,
              -6.007821
            ]
          ],
          [
            [
              105.928544,
              -6.007821
            ],
            [
              105.928457,
              -6.007954
            ]
          ],
          [
            [
              105.928457,
              -6.007954
            ],
            [
              105.928122,
              -6.008282
            ]
          ],
          [
            [
              105.928122,
              -6.008282
            ],
            [
              105.927997,
              -6.008336
            ]
          ],
          [
            [
              105.927997,
              -6.008336
            ],
            [
              105.927908,
              -6.008315
            ]
          ],
          [
            [
              105.927908,
              -6.008315
            ],
            [
              105.927851,
              -6.008276
            ]
          ],
          [
            [
              105.927851,
              -6.008276
            ],
            [
              105.927854,
              -6.008185
            ]
          ],
          [
            [
              105.927854,
              -6.008185
            ],
            [
              105.927836,
              -6.008132
            ]
          ],
          [
            [
              105.927836,
              -6.008132
            ],
            [
              105.927712,
              -6.008028
            ]
          ],
          [
            [
              105.927712,
              -6.008028
            ],
            [
              105.927516,
              -6.007972
            ]
          ],
          [
            [
              105.927516,
              -6.007972
            ],
            [
              105.927465,
              -6.007934
            ]
          ],
          [
            [
              105.927465,
              -6.007934
            ],
            [
              105.927432,
              -6.00786
            ]
          ],
          [
            [
              105.927432,
              -6.00786
            ],
            [
              105.927423,
              -6.007718
            ]
          ],
          [
            [
              105.927423,
              -6.007718
            ],
            [
              105.927447,
              -6.007618
            ]
          ],
          [
            [
              105.927447,
              -6.007618
            ],
            [
              105.92753,
              -6.007499
            ]
          ],
          [
            [
              105.92753,
              -6.007499
            ],
            [
              105.927536,
              -6.007428
            ]
          ],
          [
            [
              105.927536,
              -6.007428
            ],
            [
              105.927566,
              -6.007358
            ]
          ],
          [
            [
              105.927566,
              -6.007358
            ],
            [
              105.927685,
              -6.007287
            ]
          ],
          [
            [
              105.927685,
              -6.007287
            ],
            [
              105.927877,
              -6.007249
            ]
          ],
          [
            [
              105.927877,
              -6.007249
            ],
            [
              105.927943,
              -6.007269
            ]
          ]
        ]
      },
      "properties": {
        "OBJECTID": 1985,
        "NAMOBJ": "Garis Pantai",
        "REMARK": "P. Ular",
        "METADATA": null,
        "DTMVER": null,
        "KARGPN": 6,
        "TIPGPN": 4,
        "KODGPN": null,
        "THNSBDATA": "2017",
        "SBDATA": 6,
        "SKL": 3,
        "THNPBL": "2022",
        "KET": null
      }
    },
    {
      "type": "Feature",
      "id": 2424,
      "geometry": {
        "type": "MultiLineString",
        "coordinates": [
          [
            [
              105.9,
              -6.060955606741571
            ],
            [
              105.900065,
              -6.060941
            ]
          ],
          [
            [
              105.900065,
              -6.060941
            ],
            [
              105.900212,
              -6.060879
            ]
          ],
          [
            [
              105.900212,
              -6.060879
            ],
            [
              105.900678,
              -6.060605
            ]
          ],
          [
            [
              105.900678,
              -6.060605
            ],
            [
              105.900949,
              -6.060544
            ]
          ],
          [
            [
              105.900949,
              -6.060544
            ],
            [
              105.901129,
              -6.060462
            ]
          ],
          [
            [
              105.901129,
              -6.060462
            ],
            [
              105.901241,
              -6.060388
            ]
          ],
          [
            [
              105.901241,
              -6.060388
            ],
            [
              105.901297,
              -6.060378
            ]
          ],
          [
            [
              105.901297,
              -6.060378
            ],
            [
              105.901301,
              -6.060363
            ]
          ],
          [
            [
              105.901301,
              -6.060363
            ],
            [
              105.901338,
              -6.06037
            ]
          ],
          [
            [
              105.901338,
              -6.06037
            ],
            [
              105.901353,
              -6.060403
            ]
          ],
          [
            [
              105.901353,
              -6.060403
            ],
            [
              105.901379,
              -6.060417
            ]
          ],
          [
            [
              105.901379,
              -6.060417
            ],
            [
              105.901451,
              -6.060413
            ]
          ],
          [
            [
              105.901451,
              -6.060413
            ],
            [
              105.90147,
              -6.060443
            ]
          ],
          [
            [
              105.90147,
              -6.060443
            ],
            [
              105.901508,
              -6.060435
            ]
          ],
          [
            [
              105.901508,
              -6.060435
            ],
            [
              105.901515,
              -6.060462
            ]
          ],
          [
            [
              105.901515,
              -6.060462
            ],
            [
              105.901579,
              -6.060486
            ]
          ],
          [
            [
              105.901579,
              -6.060486
            ],
            [
              105.901616,
              -6.060494
            ]
          ],
          [
            [
              105.901616,
              -6.060494
            ],
            [
              105.901648,
              -6.060461
            ]
          ],
          [
            [
              105.901648,
              -6.060461
            ],
            [
              105.901676,
              -6.060497
            ]
          ],
          [
            [
              105.901676,
              -6.060497
            ],
            [
              105.901666,
              -6.060506
            ]
          ],
          [
            [
              105.901666,
              -6.060506
            ],
            [
              105.901686,
              -6.060516
            ]
          ],
          [
            [
              105.901686,
              -6.060516
            ],
            [
              105.901714,
              -6.060496
            ]
          ],
          [
            [
              105.901714,
              -6.060496
            ],
            [
              105.901727,
              -6.060514
            ]
          ],
          [
            [
              105.901727,
              -6.060514
            ],
            [
              105.901825,
              -6.060503
            ]
          ],
          [
            [
              105.901825,
              -6.060503
            ],
            [
              105.90198,
              -6.060416
            ]
          ],
          [
            [
              105.90198,
              -6.060416
            ],
            [
              105.902041,
              -6.06042
            ]
          ],
          [
            [
              105.902041,
              -6.06042
            ],
            [
              105.902149,
              -6.060364
            ]
          ],
          [
            [
              105.902149,
              -6.060364
            ],
            [
              105.902235,
              -6.060381
            ]
          ],
          [
            [
              105.902235,
              -6.060381
            ],
            [
              105.902312,
              -6.060426
            ]
          ],
          [
            [
              105.902312,
              -6.060426
            ],
            [
              105.902307,
              -6.060443
            ]
          ],
          [
            [
              105.902307,
              -6.060443
            ],
            [
              105.902341,
              -6.0605
            ]
          ],
          [
            [
              105.902341,
              -6.0605
            ],
            [
              105.902395,
              -6.060535
            ]
          ],
          [
            [
              105.902395,
              -6.060535
            ],
            [
              105.902427,
              -6.060594
            ]
          ],
          [
            [
              105.902427,
              -6.060594
            ],
            [
              105.902469,
              -6.060591
            ]
          ],
          [
            [
              105.902469,
              -6.060591
            ],
            [
              105.902476,
              -6.060644
            ]
          ],
          [
            [
              105.902476,
              -6.060644
            ],
            [
              105.902458,
              -6.060659
            ]
          ],
          [
            [
              105.902458,
              -6.060659
            ],
            [
              105.902488,
              -6.060722
            ]
          ],
          [
            [
              105.902488,
              -6.060722
            ],
            [
              105.902518,
              -6.060717
            ]
          ],
          [
            [
              105.902518,
              -6.060717
            ],
            [
              105.902529,
              -6.060761
            ]
          ],
          [
            [
              105.902529,
              -6.060761
            ],
            [
              105.902616,
              -6.060859
            ]
          ],
          [
            [
              105.902616,
              -6.060859
            ],
            [
              105.902756,
              -6.060888
            ]
          ],
          [
            [
              105.902756,
              -6.060888
            ],
            [
              105.902872,
              -6.060871
            ]
          ],
          [
            [
              105.902872,
              -6.060871
            ],
            [
              105.902917,
              -6.060888
            ]
          ],
          [
            [
              105.902917,
              -6.060888
            ],
            [
              105.902917,
              -6.060865
            ]
          ],
          [
            [
              105.902917,
              -6.060865
            ],
            [
              105.902993,
              -6.060755
            ]
          ],
          [
            [
              105.902993,
              -6.060755
            ],
            [
              105.903055,
              -6.060726
            ]
          ],
          [
            [
              105.903055,
              -6.060726
            ],
            [
              105.903096,
              -6.060726
            ]
          ],
          [
            [
              105.903096,
              -6.060726
            ],
            [
              105.903115,
              -6.060655
            ]
          ],
          [
            [
              105.903115,
              -6.060655
            ],
            [
              105.903131,
              -6.060643
            ]
          ],
          [
            [
              105.903131,
              -6.060643
            ],
            [
              105.903082,
              -6.060556
            ]
          ],
          [
            [
              105.903082,
              -6.060556
            ],
            [
              105.903037,
              -6.060531
            ]
          ],
          [
            [
              105.903037,
              -6.060531
            ],
            [
              105.903044,
              -6.060505
            ]
          ],
          [
            [
              105.903044,
              -6.060505
            ],
            [
              105.902979,
              -6.060465
            ]
          ],
          [
            [
              105.902979,
              -6.060465
            ],
            [
              105.902958,
              -6.060415
            ]
          ],
          [
            [
              105.902958,
              -6.060415
            ],
            [
              105.902912,
              -6.060383
            ]
          ],
          [
            [
              105.902912,
              -6.060383
            ],
            [
              105.902882,
              -6.060309
            ]
          ],
          [
            [
              105.902882,
              -6.060309
            ],
            [
              105.902887,
              -6.060277
            ]
          ],
          [
            [
              105.902887,
              -6.060277
            ],
            [
              105.902854,
              -6.060266
            ]
          ],
          [
            [
              105.902854,
              -6.060266
            ],
            [
              105.902835,
              -6.060222
            ]
          ],
          [
            [
              105.902835,
              -6.060222
            ],
            [
              105.90279,
              -6.060212
            ]
          ],
          [
            [
              105.90279,
              -6.060212
            ],
            [
              105.902776,
              -6.06017
            ]
          ],
          [
            [
              105.902776,
              -6.06017
            ],
            [
              105.902724,
              -6.060123
            ]
          ],
          [
            [
              105.902724,
              -6.060123
            ],
            [
              105.902738,
              -6.060082
            ]
          ],
          [
            [
              105.902738,
              -6.060082
            ],
            [
              105.90276,
              -6.060067
            ]
          ],
          [
            [
              105.90276,
              -6.060067
            ],
            [
              105.902684,
              -6.060039
            ]
          ],
          [
            [
              105.902684,
              -6.060039
            ],
            [
              105.902711,
              -6.059993
            ]
          ],
          [
            [
              105.902711,
              -6.059993
            ],
            [
              105.902638,
              -6.059942
            ]
          ],
          [
            [
              105.902638,
              -6.059942
            ],
            [
              105.902646,
              -6.059905
            ]
          ],
          [
            [
              105.902646,
              -6.059905
            ],
            [
              105.902564,
              -6.059781
            ]
          ],
          [
            [
              105.902564,
              -6.059781
            ],
            [
              105.902571,
              -6.059723
            ]
          ],
          [
            [
              105.902571,
              -6.059723
            ],
            [
              105.902608,
              -6.05968
            ]
          ],
          [
            [
              105.902608,
              -6.05968
            ],
            [
              105.902737,
              -6.059606
            ]
          ],
          [
            [
              105.902737,
              -6.059606
            ],
            [
              105.902921,
              -6.059547
            ]
          ],
          [
            [
              105.902921,
              -6.059547
            ],
            [
              105.903002,
              -6.059641
            ]
          ],
          [
            [
              105.903002,
              -6.059641
            ],
            [
              105.903206,
              -6.059982
            ]
          ],
          [
            [
              105.903206,
              -6.059982
            ],
            [
              105.903265,
              -6.060034
            ]
          ],
          [
            [
              105.903265,
              -6.060034
            ],
            [
              105.903426,
              -6.060335
            ]
          ],
          [
            [
              105.903426,
              -6.060335
            ],
            [
              105.903458,
              -6.060364
            ]
          ],
          [
            [
              105.903458,
              -6.060364
            ],
            [
              105.903521,
              -6.060389
            ]
          ],
          [
            [
              105.903521,
              -6.060389
            ],
            [
              105.90357,
              -6.060389
            ]
          ],
          [
            [
              105.90357,
              -6.060389
            ],
            [
              105.903684,
              -6.060275
            ]
          ],
          [
            [
              105.903684,
              -6.060275
            ],
            [
              105.903747,
              -6.060249
            ]
          ],
          [
            [
              105.903747,
              -6.060249
            ],
            [
              105.903777,
              -6.060249
            ]
          ],
          [
            [
              105.903777,
              -6.060249
            ],
            [
              105.903791,
              -6.060265
            ]
          ],
          [
            [
              105.903791,
              -6.060265
            ],
            [
              105.903818,
              -6.060245
            ]
          ],
          [
            [
              105.903818,
              -6.060245
            ],
            [
              105.903844,
              -6.060254
            ]
          ],
          [
            [
              105.903844,
              -6.060254
            ],
            [
              105.903841,
              -6.060199
            ]
          ],
          [
            [
              105.903841,
              -6.060199
            ],
            [
              105.903887,
              -6.060177
            ]
          ],
          [
            [
              105.903887,
              -6.060177
            ],
            [
              105.903885,
              -6.060155
            ]
          ],
          [
            [
              105.903885,
              -6.060155
            ],
            [
              105.903911,
              -6.060139
            ]
          ],
          [
            [
              105.903911,
              -6.060139
            ],
            [
              105.903917,
              -6.06008
            ]
          ],
          [
            [
              105.903917,
              -6.06008
            ],
            [
              105.903791,
              -6.059857
            ]
          ],
          [
            [
              105.903791,
              -6.059857
            ],
            [
              105.903758,
              -6.059829
            ]
          ],
          [
            [
              105.903758,
              -6.059829
            ],
            [
              105.903713,
              -6.059672
            ]
          ],
          [
            [
              105.903713,
              -6.059672
            ],
            [
              105.903764,
              -6.059588
            ]
          ],
          [
            [
              105.903764,
              -6.059588
            ],
            [
              105.903755,
              -6.059551
            ]
          ],
          [
            [
              105.903755,
              -6.059551
            ],
            [
              105.903806,
              -6.059544
            ]
          ],
          [
            [
              105.903806,
              -6.059544
            ],
            [
              105.903832,
              -6.059513
            ]
          ],
          [
            [
              105.903832,
              -6.059513
            ],
            [
              105.903894,
              -6.059352
            ]
          ],
          [
            [
              105.903894,
              -6.059352
            ],
            [
              105.90392,
              -6.059342
            ]
          ],
          [
            [
              105.90392,
              -6.059342
            ],
            [
              105.90398,
              -6.05922
            ]
          ],
          [
            [
              105.90398,
              -6.05922
            ],
            [
              105.90402,
              -6.059211
            ]
          ],
          [
            [
              105.90402,
              -6.059211
            ],
            [
              105.904026,
              -6.059247
            ]
          ],
          [
            [
              105.904026,
              -6.059247
            ],
            [
              105.904044,
              -6.059256
            ]
          ],
          [
            [
              105.904044,
              -6.059256
            ],
            [
              105.904074,
              -6.059231
            ]
          ],
          [
            [
              105.904074,
              -6.059231
            ],
            [
              105.904067,
              -6.059199
            ]
          ],
          [
            [
              105.904067,
              -6.059199
            ],
            [
              105.904031,
              -6.0592
            ]
          ],
          [
            [
              105.904031,
              -6.0592
            ],
            [
              105.90403,
              -6.059167
            ]
          ],
          [
            [
              105.90403,
              -6.059167
            ],
            [
              105.904086,
              -6.059047
            ]
          ],
          [
            [
              105.904086,
              -6.059047
            ],
            [
              105.904066,
              -6.059036
            ]
          ],
          [
            [
              105.904066,
              -6.059036
            ],
            [
              105.904067,
              -6.059059
            ]
          ],
          [
            [
              105.904067,
              -6.059059
            ],
            [
              105.90402,
              -6.059124
            ]
          ],
          [
            [
              105.90402,
              -6.059124
            ],
            [
              105.903975,
              -6.059135
            ]
          ],
          [
            [
              105.903975,
              -6.059135
            ],
            [
              105.903959,
              -6.059114
            ]
          ],
          [
            [
              105.903959,
              -6.059114
            ],
            [
              105.904009,
              -6.059086
            ]
          ],
          [
            [
              105.904009,
              -6.059086
            ],
            [
              105.904024,
              -6.059008
            ]
          ],
          [
            [
              105.904024,
              -6.059008
            ],
            [
              105.904097,
              -6.058956
            ]
          ],
          [
            [
              105.904097,
              -6.058956
            ],
            [
              105.904124,
              -6.058961
            ]
          ],
          [
            [
              105.904124,
              -6.058961
            ],
            [
              105.904112,
              -6.058938
            ]
          ],
          [
            [
              105.904112,
              -6.058938
            ],
            [
              105.90413,
              -6.058927
            ]
          ],
          [
            [
              105.90413,
              -6.058927
            ],
            [
              105.904171,
              -6.058933
            ]
          ],
          [
            [
              105.904171,
              -6.058933
            ],
            [
              105.904244,
              -6.059006
            ]
          ],
          [
            [
              105.904244,
              -6.059006
            ],
            [
              105.904284,
              -6.059001
            ]
          ],
          [
            [
              105.904284,
              -6.059001
            ],
            [
              105.904288,
              -6.059027
            ]
          ],
          [
            [
              105.904288,
              -6.059027
            ],
            [
              105.904271,
              -6.059056
            ]
          ],
          [
            [
              105.904271,
              -6.059056
            ],
            [
              105.904405,
              -6.059247
            ]
          ],
          [
            [
              105.904405,
              -6.059247
            ],
            [
              105.904454,
              -6.05938
            ]
          ],
          [
            [
              105.904454,
              -6.05938
            ],
            [
              105.904483,
              -6.059404
            ]
          ],
          [
            [
              105.904483,
              -6.059404
            ],
            [
              105.904563,
              -6.059419
            ]
          ],
          [
            [
              105.904563,
              -6.059419
            ],
            [
              105.904763,
              -6.059268
            ]
          ],
          [
            [
              105.904763,
              -6.059268
            ],
            [
              105.90476,
              -6.059221
            ]
          ],
          [
            [
              105.90476,
              -6.059221
            ],
            [
              105.904849,
              -6.059131
            ]
          ],
          [
            [
              105.904849,
              -6.059131
            ],
            [
              105.904846,
              -6.059095
            ]
          ],
          [
            [
              105.904846,
              -6.059095
            ],
            [
              105.904865,
              -6.059049
            ]
          ],
          [
            [
              105.904865,
              -6.059049
            ],
            [
              105.904878,
              -6.059044
            ]
          ],
          [
            [
              105.904878,
              -6.059044
            ],
            [
              105.904898,
              -6.059075
            ]
          ],
          [
            [
              105.904898,
              -6.059075
            ],
            [
              105.904919,
              -6.059066
            ]
          ],
          [
            [
              105.904919,
              -6.059066
            ],
            [
              105.904801,
              -6.058822
            ]
          ],
          [
            [
              105.904801,
              -6.058822
            ],
            [
              105.904677,
              -6.058629
            ]
          ],
          [
            [
              105.904677,
              -6.058629
            ],
            [
              105.90466,
              -6.058576
            ]
          ],
          [
            [
              105.90466,
              -6.058576
            ],
            [
              105.904672,
              -6.058553
            ]
          ],
          [
            [
              105.904672,
              -6.058553
            ],
            [
              105.904716,
              -6.058575
            ]
          ],
          [
            [
              105.904716,
              -6.058575
            ],
            [
              105.904806,
              -6.058506
            ]
          ],
          [
            [
              105.904806,
              -6.058506
            ],
            [
              105.904946,
              -6.058362
            ]
          ],
          [
            [
              105.904946,
              -6.058362
            ],
            [
              105.905041,
              -6.058314
            ]
          ],
          [
            [
              105.905041,
              -6.058314
            ],
            [
              105.90512,
              -6.058251
            ]
          ],
          [
            [
              105.90512,
              -6.058251
            ],
            [
              105.905179,
              -6.058236
            ]
          ],
          [
            [
              105.905179,
              -6.058236
            ],
            [
              105.905221,
              -6.05818
            ]
          ],
          [
            [
              105.905221,
              -6.05818
            ],
            [
              105.905353,
              -6.058092
            ]
          ],
          [
            [
              105.905353,
              -6.058092
            ],
            [
              105.905417,
              -6.058017
            ]
          ],
          [
            [
              105.905417,
              -6.058017
            ],
            [
              105.905536,
              -6.057963
            ]
          ],
          [
            [
              105.905536,
              -6.057963
            ],
            [
              105.905566,
              -6.057916
            ]
          ],
          [
            [
              105.905566,
              -6.057916
            ],
            [
              105.905548,
              -6.057868
            ]
          ],
          [
            [
              105.905548,
              -6.057868
            ],
            [
              105.905579,
              -6.057863
            ]
          ],
          [
            [
              105.905579,
              -6.057863
            ],
            [
              105.905627,
              -6.057894
            ]
          ],
          [
            [
              105.905627,
              -6.057894
            ],
            [
              105.905831,
              -6.058195
            ]
          ],
          [
            [
              105.905831,
              -6.058195
            ],
            [
              105.905887,
              -6.058198
            ]
          ],
          [
            [
              105.905887,
              -6.058198
            ],
            [
              105.905959,
              -6.05817
            ]
          ],
          [
            [
              105.905959,
              -6.05817
            ],
            [
              105.905998,
              -6.05818
            ]
          ],
          [
            [
              105.905998,
              -6.05818
            ],
            [
              105.906166,
              -6.058111
            ]
          ],
          [
            [
              105.906166,
              -6.058111
            ],
            [
              105.906189,
              -6.058095
            ]
          ],
          [
            [
              105.906189,
              -6.058095
            ],
            [
              105.906189,
              -6.058069
            ]
          ],
          [
            [
              105.906189,
              -6.058069
            ],
            [
              105.906235,
              -6.058052
            ]
          ],
          [
            [
              105.906235,
              -6.058052
            ],
            [
              105.906326,
              -6.057984
            ]
          ],
          [
            [
              105.906326,
              -6.057984
            ],
            [
              105.906539,
              -6.057772
            ]
          ],
          [
            [
              105.906539,
              -6.057772
            ],
            [
              105.90656,
              -6.057737
            ]
          ],
          [
            [
              105.90656,
              -6.057737
            ],
            [
              105.906547,
              -6.057702
            ]
          ],
          [
            [
              105.906547,
              -6.057702
            ],
            [
              105.90659,
              -6.057666
            ]
          ],
          [
            [
              105.90659,
              -6.057666
            ],
            [
              105.906645,
              -6.057663
            ]
          ],
          [
            [
              105.906645,
              -6.057663
            ],
            [
              105.906665,
              -6.057695
            ]
          ],
          [
            [
              105.906665,
              -6.057695
            ],
            [
              105.906843,
              -6.05764
            ]
          ],
          [
            [
              105.906843,
              -6.05764
            ],
            [
              105.90691,
              -6.057639
            ]
          ],
          [
            [
              105.90691,
              -6.057639
            ],
            [
              105.906974,
              -6.057561
            ]
          ],
          [
            [
              105.906974,
              -6.057561
            ],
            [
              105.907077,
              -6.057544
            ]
          ],
          [
            [
              105.907077,
              -6.057544
            ],
            [
              105.907093,
              -6.057477
            ]
          ],
          [
            [
              105.907093,
              -6.057477
            ],
            [
              105.907187,
              -6.057412
            ]
          ],
          [
            [
              105.907187,
              -6.057412
            ],
            [
              105.907209,
              -6.05741
            ]
          ],
          [
            [
              105.907209,
              -6.05741
            ],
            [
              105.907215,
              -6.057438
            ]
          ],
          [
            [
              105.907215,
              -6.057438
            ],
            [
              105.907234,
              -6.057442
            ]
          ],
          [
            [
              105.907234,
              -6.057442
            ],
            [
              105.907323,
              -6.057408
            ]
          ],
          [
            [
              105.907323,
              -6.057408
            ],
            [
              105.907342,
              -6.057355
            ]
          ],
          [
            [
              105.907342,
              -6.057355
            ],
            [
              105.90734,
              -6.057303
            ]
          ],
          [
            [
              105.90734,
              -6.057303
            ],
            [
              105.907385,
              -6.057265
            ]
          ],
          [
            [
              105.907385,
              -6.057265
            ],
            [
              105.907375,
              -6.057192
            ]
          ],
          [
            [
              105.907375,
              -6.057192
            ],
            [
              105.907394,
              -6.057158
            ]
          ],
          [
            [
              105.907394,
              -6.057158
            ],
            [
              105.907436,
              -6.057144
            ]
          ],
          [
            [
              105.907436,
              -6.057144
            ],
            [
              105.907482,
              -6.057152
            ]
          ],
          [
            [
              105.907482,
              -6.057152
            ],
            [
              105.90757,
              -6.057053
            ]
          ],
          [
            [
              105.90757,
              -6.057053
            ],
            [
              105.907573,
              -6.057062
            ]
          ],
          [
            [
              105.907573,
              -6.057062
            ],
            [
              105.907629,
              -6.057046
            ]
          ],
          [
            [
              105.907629,
              -6.057046
            ],
            [
              105.907647,
              -6.056981
            ]
          ],
          [
            [
              105.907647,
              -6.056981
            ],
            [
              105.907702,
              -6.056961
            ]
          ],
          [
            [
              105.907702,
              -6.056961
            ],
            [
              105.907721,
              -6.056937
            ]
          ],
          [
            [
              105.907721,
              -6.056937
            ],
            [
              105.907711,
              -6.056915
            ]
          ],
          [
            [
              105.907711,
              -6.056915
            ],
            [
              105.907721,
              -6.056904
            ]
          ],
          [
            [
              105.907721,
              -6.056904
            ],
            [
              105.907754,
              -6.056909
            ]
          ],
          [
            [
              105.907754,
              -6.056909
            ],
            [
              105.90778,
              -6.056893
            ]
          ],
          [
            [
              105.90778,
              -6.056893
            ],
            [
              105.907784,
              -6.056839
            ]
          ],
          [
            [
              105.907784,
              -6.056839
            ],
            [
              105.907843,
              -6.056754
            ]
          ],
          [
            [
              105.907843,
              -6.056754
            ],
            [
              105.907909,
              -6.056693
            ]
          ],
          [
            [
              105.907909,
              -6.056693
            ],
            [
              105.907966,
              -6.056649
            ]
          ],
          [
            [
              105.907966,
              -6.056649
            ],
            [
              105.908068,
              -6.056616
            ]
          ],
          [
            [
              105.908068,
              -6.056616
            ],
            [
              105.908112,
              -6.056574
            ]
          ],
          [
            [
              105.908112,
              -6.056574
            ],
            [
              105.908212,
              -6.05652
            ]
          ],
          [
            [
              105.908212,
              -6.05652
            ],
            [
              105.908266,
              -6.056445
            ]
          ],
          [
            [
              105.908266,
              -6.056445
            ],
            [
              105.908309,
              -6.056425
            ]
          ],
          [
            [
              105.908309,
              -6.056425
            ],
            [
              105.908328,
              -6.056437
            ]
          ],
          [
            [
              105.908328,
              -6.056437
            ],
            [
              105.908618,
              -6.056242
            ]
          ],
          [
            [
              105.908618,
              -6.056242
            ],
            [
              105.908619,
              -6.056217
            ]
          ],
          [
            [
              105.908619,
              -6.056217
            ],
            [
              105.908484,
              -6.055982
            ]
          ],
          [
            [
              105.908484,
              -6.055982
            ],
            [
              105.908395,
              -6.055791
            ]
          ],
          [
            [
              105.908395,
              -6.055791
            ],
            [
              105.90832,
              -6.055747
            ]
          ],
          [
            [
              105.90832,
              -6.055747
            ],
            [
              105.908311,
              -6.055654
            ]
          ],
          [
            [
              105.908311,
              -6.055654
            ],
            [
              105.908345,
              -6.055614
            ]
          ],
          [
            [
              105.908345,
              -6.055614
            ],
            [
              105.908859,
              -6.055377
            ]
          ],
          [
            [
              105.908859,
              -6.055377
            ],
            [
              105.908902,
              -6.05539
            ]
          ],
          [
            [
              105.908902,
              -6.05539
            ],
            [
              105.909037,
              -6.055518
            ]
          ],
          [
            [
              105.909037,
              -6.055518
            ],
            [
              105.909059,
              -6.055593
            ]
          ],
          [
            [
              105.909059,
              -6.055593
            ],
            [
              105.909045,
              -6.055653
            ]
          ],
          [
            [
              105.909045,
              -6.055653
            ],
            [
              105.908959,
              -6.055627
            ]
          ],
          [
            [
              105.908959,
              -6.055627
            ],
            [
              105.908897,
              -6.055657
            ]
          ],
          [
            [
              105.908897,
              -6.055657
            ],
            [
              105.908906,
              -6.055687
            ]
          ],
          [
            [
              105.908906,
              -6.055687
            ],
            [
              105.908871,
              -6.055666
            ]
          ],
          [
            [
              105.908871,
              -6.055666
            ],
            [
              105.908817,
              -6.055691
            ]
          ],
          [
            [
              105.908817,
              -6.055691
            ],
            [
              105.908802,
              -6.055715
            ]
          ],
          [
            [
              105.908802,
              -6.055715
            ],
            [
              105.908509,
              -6.05585
            ]
          ],
          [
            [
              105.908509,
              -6.05585
            ],
            [
              105.908526,
              -6.055869
            ]
          ],
          [
            [
              105.908526,
              -6.055869
            ],
            [
              105.908516,
              -6.055895
            ]
          ],
          [
            [
              105.908516,
              -6.055895
            ],
            [
              105.908527,
              -6.05589
            ]
          ],
          [
            [
              105.908527,
              -6.05589
            ],
            [
              105.908719,
              -6.05629
            ]
          ],
          [
            [
              105.908719,
              -6.05629
            ],
            [
              105.908897,
              -6.056188
            ]
          ],
          [
            [
              105.908897,
              -6.056188
            ],
            [
              105.908939,
              -6.056148
            ]
          ],
          [
            [
              105.908939,
              -6.056148
            ],
            [
              105.909009,
              -6.056141
            ]
          ],
          [
            [
              105.909009,
              -6.056141
            ],
            [
              105.909048,
              -6.05609
            ]
          ],
          [
            [
              105.909048,
              -6.05609
            ],
            [
              105.90917,
              -6.056056
            ]
          ],
          [
            [
              105.90917,
              -6.056056
            ],
            [
              105.909362,
              -6.055962
            ]
          ],
          [
            [
              105.909362,
              -6.055962
            ],
            [
              105.909373,
              -6.055936
            ]
          ],
          [
            [
              105.909373,
              -6.055936
            ],
            [
              105.909362,
              -6.055896
            ]
          ],
          [
            [
              105.909362,
              -6.055896
            ],
            [
              105.909288,
              -6.055684
            ]
          ],
          [
            [
              105.909288,
              -6.055684
            ],
            [
              105.909236,
              -6.055586
            ]
          ],
          [
            [
              105.909236,
              -6.055586
            ],
            [
              105.909199,
              -6.05542
            ]
          ],
          [
            [
              105.909199,
              -6.05542
            ],
            [
              105.90924,
              -6.055399
            ]
          ],
          [
            [
              105.90924,
              -6.055399
            ],
            [
              105.909259,
              -6.055495
            ]
          ],
          [
            [
              105.909259,
              -6.055495
            ],
            [
              105.909287,
              -6.055507
            ]
          ],
          [
            [
              105.909287,
              -6.055507
            ],
            [
              105.909286,
              -6.055578
            ]
          ],
          [
            [
              105.909286,
              -6.055578
            ],
            [
              105.909433,
              -6.056009
            ]
          ],
          [
            [
              105.909433,
              -6.056009
            ],
            [
              105.909468,
              -6.055977
            ]
          ],
          [
            [
              105.909468,
              -6.055977
            ],
            [
              105.909505,
              -6.055981
            ]
          ],
          [
            [
              105.909505,
              -6.055981
            ],
            [
              105.910033,
              -6.055786
            ]
          ],
          [
            [
              105.910033,
              -6.055786
            ],
            [
              105.910055,
              -6.055774
            ]
          ],
          [
            [
              105.910055,
              -6.055774
            ],
            [
              105.91006,
              -6.055736
            ]
          ],
          [
            [
              105.91006,
              -6.055736
            ],
            [
              105.910185,
              -6.055709
            ]
          ],
          [
            [
              105.910185,
              -6.055709
            ],
            [
              105.910457,
              -6.055571
            ]
          ],
          [
            [
              105.910457,
              -6.055571
            ],
            [
              105.910477,
              -6.055524
            ]
          ],
          [
            [
              105.910477,
              -6.055524
            ],
            [
              105.91088,
              -6.055547
            ]
          ],
          [
            [
              105.91088,
              -6.055547
            ],
            [
              105.910908,
              -6.055524
            ]
          ],
          [
            [
              105.910908,
              -6.055524
            ],
            [
              105.910999,
              -6.055546
            ]
          ],
          [
            [
              105.910999,
              -6.055546
            ],
            [
              105.911083,
              -6.055339
            ]
          ],
          [
            [
              105.911083,
              -6.055339
            ],
            [
              105.911081,
              -6.055278
            ]
          ],
          [
            [
              105.911081,
              -6.055278
            ],
            [
              105.91112,
              -6.055222
            ]
          ],
          [
            [
              105.91112,
              -6.055222
            ],
            [
              105.91113,
              -6.055168
            ]
          ],
          [
            [
              105.91113,
              -6.055168
            ],
            [
              105.911162,
              -6.055141
            ]
          ],
          [
            [
              105.911162,
              -6.055141
            ],
            [
              105.91119,
              -6.055147
            ]
          ],
          [
            [
              105.91119,
              -6.055147
            ],
            [
              105.911193,
              -6.055198
            ]
          ],
          [
            [
              105.911193,
              -6.055198
            ],
            [
              105.911136,
              -6.055295
            ]
          ],
          [
            [
              105.911136,
              -6.055295
            ],
            [
              105.911143,
              -6.055345
            ]
          ],
          [
            [
              105.911143,
              -6.055345
            ],
            [
              105.911103,
              -6.055374
            ]
          ],
          [
            [
              105.911103,
              -6.055374
            ],
            [
              105.911041,
              -6.055536
            ]
          ],
          [
            [
              105.911041,
              -6.055536
            ],
            [
              105.911095,
              -6.055545
            ]
          ],
          [
            [
              105.911095,
              -6.055545
            ],
            [
              105.911148,
              -6.055516
            ]
          ],
          [
            [
              105.911148,
              -6.055516
            ],
            [
              105.911136,
              -6.055509
            ]
          ],
          [
            [
              105.911136,
              -6.055509
            ],
            [
              105.91116,
              -6.055521
            ]
          ],
          [
            [
              105.91116,
              -6.055521
            ],
            [
              105.911154,
              -6.055548
            ]
          ],
          [
            [
              105.911154,
              -6.055548
            ],
            [
              105.911106,
              -6.055559
            ]
          ],
          [
            [
              105.911106,
              -6.055559
            ],
            [
              105.911116,
              -6.055607
            ]
          ],
          [
            [
              105.911116,
              -6.055607
            ],
            [
              105.911149,
              -6.055649
            ]
          ],
          [
            [
              105.911149,
              -6.055649
            ],
            [
              105.911124,
              -6.055711
            ]
          ],
          [
            [
              105.911124,
              -6.055711
            ],
            [
              105.911162,
              -6.055767
            ]
          ],
          [
            [
              105.911162,
              -6.055767
            ],
            [
              105.911198,
              -6.055768
            ]
          ],
          [
            [
              105.911198,
              -6.055768
            ],
            [
              105.911242,
              -6.055734
            ]
          ],
          [
            [
              105.911242,
              -6.055734
            ],
            [
              105.911296,
              -6.055749
            ]
          ],
          [
            [
              105.911296,
              -6.055749
            ],
            [
              105.911302,
              -6.055702
            ]
          ],
          [
            [
              105.911302,
              -6.055702
            ],
            [
              105.911321,
              -6.055694
            ]
          ],
          [
            [
              105.911321,
              -6.055694
            ],
            [
              105.911355,
              -6.055777
            ]
          ],
          [
            [
              105.911355,
              -6.055777
            ],
            [
              105.911392,
              -6.055799
            ]
          ],
          [
            [
              105.911392,
              -6.055799
            ],
            [
              105.911417,
              -6.055795
            ]
          ],
          [
            [
              105.911417,
              -6.055795
            ],
            [
              105.911432,
              -6.055775
            ]
          ],
          [
            [
              105.911432,
              -6.055775
            ],
            [
              105.911399,
              -6.055768
            ]
          ],
          [
            [
              105.911399,
              -6.055768
            ],
            [
              105.911391,
              -6.055723
            ]
          ],
          [
            [
              105.911391,
              -6.055723
            ],
            [
              105.911445,
              -6.055673
            ]
          ],
          [
            [
              105.911445,
              -6.055673
            ],
            [
              105.911528,
              -6.055642
            ]
          ],
          [
            [
              105.911528,
              -6.055642
            ],
            [
              105.91158,
              -6.055672
            ]
          ],
          [
            [
              105.91158,
              -6.055672
            ],
            [
              105.911593,
              -6.055702
            ]
          ],
          [
            [
              105.911593,
              -6.055702
            ],
            [
              105.91161,
              -6.055658
            ]
          ],
          [
            [
              105.91161,
              -6.055658
            ],
            [
              105.911633,
              -6.055648
            ]
          ],
          [
            [
              105.911633,
              -6.055648
            ],
            [
              105.911687,
              -6.055694
            ]
          ],
          [
            [
              105.911687,
              -6.055694
            ],
            [
              105.911725,
              -6.055685
            ]
          ],
          [
            [
              105.911725,
              -6.055685
            ],
            [
              105.911761,
              -6.055639
            ]
          ],
          [
            [
              105.911761,
              -6.055639
            ],
            [
              105.9118,
              -6.055532
            ]
          ],
          [
            [
              105.9118,
              -6.055532
            ],
            [
              105.911838,
              -6.05551
            ]
          ],
          [
            [
              105.911838,
              -6.05551
            ],
            [
              105.911839,
              -6.055493
            ]
          ],
          [
            [
              105.911839,
              -6.055493
            ],
            [
              105.911859,
              -6.055488
            ]
          ],
          [
            [
              105.911859,
              -6.055488
            ],
            [
              105.911895,
              -6.055511
            ]
          ],
          [
            [
              105.911895,
              -6.055511
            ],
            [
              105.911933,
              -6.05549
            ]
          ],
          [
            [
              105.911933,
              -6.05549
            ],
            [
              105.911952,
              -6.055538
            ]
          ],
          [
            [
              105.911952,
              -6.055538
            ],
            [
              105.912009,
              -6.05551
            ]
          ],
          [
            [
              105.912009,
              -6.05551
            ],
            [
              105.912084,
              -6.055502
            ]
          ],
          [
            [
              105.912084,
              -6.055502
            ],
            [
              105.91216,
              -6.055402
            ]
          ],
          [
            [
              105.91216,
              -6.055402
            ],
            [
              105.9122,
              -6.055388
            ]
          ],
          [
            [
              105.9122,
              -6.055388
            ],
            [
              105.912212,
              -6.05534
            ]
          ],
          [
            [
              105.912212,
              -6.05534
            ],
            [
              105.91224,
              -6.055331
            ]
          ],
          [
            [
              105.91224,
              -6.055331
            ],
            [
              105.912258,
              -6.055267
            ]
          ],
          [
            [
              105.912258,
              -6.055267
            ],
            [
              105.912331,
              -6.055222
            ]
          ],
          [
            [
              105.912331,
              -6.055222
            ],
            [
              105.912355,
              -6.055235
            ]
          ],
          [
            [
              105.912355,
              -6.055235
            ],
            [
              105.912357,
              -6.055263
            ]
          ],
          [
            [
              105.912357,
              -6.055263
            ],
            [
              105.912402,
              -6.055243
            ]
          ],
          [
            [
              105.912402,
              -6.055243
            ],
            [
              105.912427,
              -6.055192
            ]
          ],
          [
            [
              105.912427,
              -6.055192
            ],
            [
              105.912412,
              -6.055125
            ]
          ],
          [
            [
              105.912412,
              -6.055125
            ],
            [
              105.912427,
              -6.055109
            ]
          ],
          [
            [
              105.912427,
              -6.055109
            ],
            [
              105.912343,
              -6.05492
            ]
          ],
          [
            [
              105.912343,
              -6.05492
            ],
            [
              105.912384,
              -6.054952
            ]
          ],
          [
            [
              105.912384,
              -6.054952
            ],
            [
              105.912409,
              -6.054949
            ]
          ],
          [
            [
              105.912409,
              -6.054949
            ],
            [
              105.912476,
              -6.054931
            ]
          ],
          [
            [
              105.912476,
              -6.054931
            ],
            [
              105.912464,
              -6.054907
            ]
          ],
          [
            [
              105.912464,
              -6.054907
            ],
            [
              105.912485,
              -6.054882
            ]
          ],
          [
            [
              105.912485,
              -6.054882
            ],
            [
              105.912514,
              -6.054903
            ]
          ],
          [
            [
              105.912514,
              -6.054903
            ],
            [
              105.912523,
              -6.054889
            ]
          ],
          [
            [
              105.912523,
              -6.054889
            ],
            [
              105.91259,
              -6.054883
            ]
          ],
          [
            [
              105.91259,
              -6.054883
            ],
            [
              105.912698,
              -6.054787
            ]
          ],
          [
            [
              105.912698,
              -6.054787
            ],
            [
              105.912729,
              -6.054783
            ]
          ],
          [
            [
              105.912729,
              -6.054783
            ],
            [
              105.912877,
              -6.054637
            ]
          ],
          [
            [
              105.912877,
              -6.054637
            ],
            [
              105.912952,
              -6.054531
            ]
          ],
          [
            [
              105.912952,
              -6.054531
            ],
            [
              105.912947,
              -6.0545
            ]
          ],
          [
            [
              105.912947,
              -6.0545
            ],
            [
              105.913004,
              -6.054422
            ]
          ],
          [
            [
              105.913004,
              -6.054422
            ],
            [
              105.913058,
              -6.054298
            ]
          ],
          [
            [
              105.913058,
              -6.054298
            ],
            [
              105.913056,
              -6.054267
            ]
          ],
          [
            [
              105.913056,
              -6.054267
            ],
            [
              105.913027,
              -6.054157
            ]
          ],
          [
            [
              105.913027,
              -6.054157
            ],
            [
              105.912974,
              -6.054133
            ]
          ],
          [
            [
              105.912974,
              -6.054133
            ],
            [
              105.912944,
              -6.054142
            ]
          ],
          [
            [
              105.912944,
              -6.054142
            ],
            [
              105.912925,
              -6.05412
            ]
          ],
          [
            [
              105.912925,
              -6.05412
            ],
            [
              105.912894,
              -6.054049
            ]
          ],
          [
            [
              105.912894,
              -6.054049
            ],
            [
              105.912895,
              -6.054003
            ]
          ],
          [
            [
              105.912895,
              -6.054003
            ],
            [
              105.91286,
              -6.053974
            ]
          ],
          [
            [
              105.91286,
              -6.053974
            ],
            [
              105.912865,
              -6.053951
            ]
          ],
          [
            [
              105.912865,
              -6.053951
            ],
            [
              105.912881,
              -6.053956
            ]
          ],
          [
            [
              105.912881,
              -6.053956
            ],
            [
              105.912959,
              -6.05411
            ]
          ],
          [
            [
              105.912959,
              -6.05411
            ],
            [
              105.913018,
              -6.054103
            ]
          ],
          [
            [
              105.913018,
              -6.054103
            ],
            [
              105.91323,
              -6.053998
            ]
          ],
          [
            [
              105.91323,
              -6.053998
            ],
            [
              105.913276,
              -6.054008
            ]
          ],
          [
            [
              105.913276,
              -6.054008
            ],
            [
              105.913404,
              -6.053943
            ]
          ],
          [
            [
              105.913404,
              -6.053943
            ],
            [
              105.91342,
              -6.053912
            ]
          ],
          [
            [
              105.91342,
              -6.053912
            ],
            [
              105.913393,
              -6.053899
            ]
          ],
          [
            [
              105.913393,
              -6.053899
            ],
            [
              105.913489,
              -6.053845
            ]
          ],
          [
            [
              105.913489,
              -6.053845
            ],
            [
              105.91349,
              -6.053812
            ]
          ],
          [
            [
              105.91349,
              -6.053812
            ],
            [
              105.913461,
              -6.05376
            ]
          ],
          [
            [
              105.913461,
              -6.05376
            ],
            [
              105.913486,
              -6.053718
            ]
          ],
          [
            [
              105.913486,
              -6.053718
            ],
            [
              105.913509,
              -6.053811
            ]
          ],
          [
            [
              105.913509,
              -6.053811
            ],
            [
              105.913545,
              -6.053839
            ]
          ],
          [
            [
              105.913545,
              -6.053839
            ],
            [
              105.913511,
              -6.053896
            ]
          ],
          [
            [
              105.913511,
              -6.053896
            ],
            [
              105.913576,
              -6.053882
            ]
          ],
          [
            [
              105.913576,
              -6.053882
            ],
            [
              105.91363,
              -6.053908
            ]
          ],
          [
            [
              105.91363,
              -6.053908
            ],
            [
              105.913706,
              -6.053906
            ]
          ],
          [
            [
              105.913706,
              -6.053906
            ],
            [
              105.913812,
              -6.053871
            ]
          ],
          [
            [
              105.913812,
              -6.053871
            ],
            [
              105.913974,
              -6.053756
            ]
          ],
          [
            [
              105.913974,
              -6.053756
            ],
            [
              105.91411,
              -6.05362
            ]
          ],
          [
            [
              105.91411,
              -6.05362
            ],
            [
              105.914123,
              -6.053527
            ]
          ],
          [
            [
              105.914123,
              -6.053527
            ],
            [
              105.914107,
              -6.053482
            ]
          ],
          [
            [
              105.914107,
              -6.053482
            ],
            [
              105.914078,
              -6.053469
            ]
          ],
          [
            [
              105.914078,
              -6.053469
            ],
            [
              105.914085,
              -6.05341
            ]
          ],
          [
            [
              105.914085,
              -6.05341
            ],
            [
              105.914071,
              -6.053391
            ]
          ],
          [
            [
              105.914071,
              -6.053391
            ],
            [
              105.914093,
              -6.053364
            ]
          ],
          [
            [
              105.914093,
              -6.053364
            ],
            [
              105.914097,
              -6.053292
            ]
          ],
          [
            [
              105.914097,
              -6.053292
            ],
            [
              105.914069,
              -6.053291
            ]
          ],
          [
            [
              105.914069,
              -6.053291
            ],
            [
              105.914056,
              -6.053241
            ]
          ],
          [
            [
              105.914056,
              -6.053241
            ],
            [
              105.914497,
              -6.053056
            ]
          ],
          [
            [
              105.914497,
              -6.053056
            ],
            [
              105.914537,
              -6.053022
            ]
          ],
          [
            [
              105.914537,
              -6.053022
            ],
            [
              105.914575,
              -6.053046
            ]
          ],
          [
            [
              105.914575,
              -6.053046
            ],
            [
              105.915018,
              -6.052894
            ]
          ],
          [
            [
              105.915018,
              -6.052894
            ],
            [
              105.915032,
              -6.052872
            ]
          ],
          [
            [
              105.915032,
              -6.052872
            ],
            [
              105.915058,
              -6.052881
            ]
          ],
          [
            [
              105.915058,
              -6.052881
            ],
            [
              105.915068,
              -6.052816
            ]
          ],
          [
            [
              105.915068,
              -6.052816
            ],
            [
              105.915083,
              -6.052914
            ]
          ],
          [
            [
              105.915083,
              -6.052914
            ],
            [
              105.915104,
              -6.052926
            ]
          ],
          [
            [
              105.915104,
              -6.052926
            ],
            [
              105.915541,
              -6.052874
            ]
          ],
          [
            [
              105.915541,
              -6.052874
            ],
            [
              105.915572,
              -6.05285
            ]
          ],
          [
            [
              105.915572,
              -6.05285
            ],
            [
              105.915572,
              -6.053052
            ]
          ],
          [
            [
              105.915572,
              -6.053052
            ],
            [
              105.915591,
              -6.053095
            ]
          ],
          [
            [
              105.915591,
              -6.053095
            ],
            [
              105.915619,
              -6.053112
            ]
          ],
          [
            [
              105.915619,
              -6.053112
            ],
            [
              105.915844,
              -6.053141
            ]
          ],
          [
            [
              105.915844,
              -6.053141
            ],
            [
              105.916051,
              -6.05312
            ]
          ],
          [
            [
              105.916051,
              -6.05312
            ],
            [
              105.916092,
              -6.053084
            ]
          ],
          [
            [
              105.916092,
              -6.053084
            ],
            [
              105.916094,
              -6.05301
            ]
          ],
          [
            [
              105.916094,
              -6.05301
            ],
            [
              105.916138,
              -6.053173
            ]
          ],
          [
            [
              105.916138,
              -6.053173
            ],
            [
              105.916234,
              -6.053174
            ]
          ],
          [
            [
              105.916234,
              -6.053174
            ],
            [
              105.916285,
              -6.053199
            ]
          ],
          [
            [
              105.916285,
              -6.053199
            ],
            [
              105.916309,
              -6.053185
            ]
          ],
          [
            [
              105.916309,
              -6.053185
            ],
            [
              105.916364,
              -6.053222
            ]
          ],
          [
            [
              105.916364,
              -6.053222
            ],
            [
              105.916394,
              -6.053205
            ]
          ],
          [
            [
              105.916394,
              -6.053205
            ],
            [
              105.91638,
              -6.053244
            ]
          ],
          [
            [
              105.91638,
              -6.053244
            ],
            [
              105.916418,
              -6.053228
            ]
          ],
          [
            [
              105.916418,
              -6.053228
            ],
            [
              105.916421,
              -6.053264
            ]
          ],
          [
            [
              105.916421,
              -6.053264
            ],
            [
              105.916443,
              -6.053284
            ]
          ],
          [
            [
              105.916443,
              -6.053284
            ],
            [
              105.916478,
              -6.053261
            ]
          ],
          [
            [
              105.916478,
              -6.053261
            ],
            [
              105.916542,
              -6.053277
            ]
          ],
          [
            [
              105.916542,
              -6.053277
            ],
            [
              105.916694,
              -6.053254
            ]
          ],
          [
            [
              105.916694,
              -6.053254
            ],
            [
              105.916803,
              -6.053178
            ]
          ],
          [
            [
              105.916803,
              -6.053178
            ],
            [
              105.916869,
              -6.053207
            ]
          ],
          [
            [
              105.916869,
              -6.053207
            ],
            [
              105.916864,
              -6.053219
            ]
          ],
          [
            [
              105.916864,
              -6.053219
            ],
            [
              105.916918,
              -6.053222
            ]
          ],
          [
            [
              105.916918,
              -6.053222
            ],
            [
              105.917072,
              -6.053273
            ]
          ],
          [
            [
              105.917072,
              -6.053273
            ],
            [
              105.917135,
              -6.053321
            ]
          ],
          [
            [
              105.917135,
              -6.053321
            ],
            [
              105.917238,
              -6.053439
            ]
          ],
          [
            [
              105.917238,
              -6.053439
            ],
            [
              105.917371,
              -6.053536
            ]
          ],
          [
            [
              105.917371,
              -6.053536
            ],
            [
              105.917592,
              -6.053535
            ]
          ],
          [
            [
              105.917592,
              -6.053535
            ],
            [
              105.917708,
              -6.053571
            ]
          ],
          [
            [
              105.917708,
              -6.053571
            ],
            [
              105.917946,
              -6.053509
            ]
          ],
          [
            [
              105.917946,
              -6.053509
            ],
            [
              105.917957,
              -6.053474
            ]
          ],
          [
            [
              105.917957,
              -6.053474
            ],
            [
              105.917972,
              -6.05354
            ]
          ],
          [
            [
              105.917972,
              -6.05354
            ],
            [
              105.918033,
              -6.053586
            ]
          ],
          [
            [
              105.918033,
              -6.053586
            ],
            [
              105.918029,
              -6.053621
            ]
          ],
          [
            [
              105.918029,
              -6.053621
            ],
            [
              105.918044,
              -6.053649
            ]
          ],
          [
            [
              105.918044,
              -6.053649
            ],
            [
              105.918117,
              -6.053695
            ]
          ],
          [
            [
              105.918117,
              -6.053695
            ],
            [
              105.918246,
              -6.053693
            ]
          ],
          [
            [
              105.918246,
              -6.053693
            ],
            [
              105.91826,
              -6.053707
            ]
          ],
          [
            [
              105.91826,
              -6.053707
            ],
            [
              105.918291,
              -6.053682
            ]
          ],
          [
            [
              105.918291,
              -6.053682
            ],
            [
              105.918382,
              -6.053672
            ]
          ],
          [
            [
              105.918382,
              -6.053672
            ],
            [
              105.918582,
              -6.053594
            ]
          ],
          [
            [
              105.918582,
              -6.053594
            ],
            [
              105.918721,
              -6.05349
            ]
          ],
          [
            [
              105.918721,
              -6.05349
            ],
            [
              105.91892,
              -6.0534
            ]
          ],
          [
            [
              105.91892,
              -6.0534
            ],
            [
              105.919019,
              -6.053315
            ]
          ],
          [
            [
              105.919019,
              -6.053315
            ],
            [
              105.919107,
              -6.053271
            ]
          ],
          [
            [
              105.919107,
              -6.053271
            ],
            [
              105.919243,
              -6.053152
            ]
          ],
          [
            [
              105.919243,
              -6.053152
            ],
            [
              105.919306,
              -6.053075
            ]
          ],
          [
            [
              105.919306,
              -6.053075
            ],
            [
              105.919307,
              -6.05306
            ]
          ],
          [
            [
              105.919307,
              -6.05306
            ],
            [
              105.919227,
              -6.053009
            ]
          ],
          [
            [
              105.919227,
              -6.053009
            ],
            [
              105.919257,
              -6.052994
            ]
          ],
          [
            [
              105.919257,
              -6.052994
            ],
            [
              105.919598,
              -6.053186
            ]
          ],
          [
            [
              105.919598,
              -6.053186
            ],
            [
              105.919641,
              -6.05326
            ]
          ],
          [
            [
              105.919641,
              -6.05326
            ],
            [
              105.919643,
              -6.053302
            ]
          ],
          [
            [
              105.919643,
              -6.053302
            ],
            [
              105.919772,
              -6.053357
            ]
          ],
          [
            [
              105.919772,
              -6.053357
            ],
            [
              105.919784,
              -6.053424
            ]
          ],
          [
            [
              105.919784,
              -6.053424
            ],
            [
              105.919768,
              -6.053495
            ]
          ],
          [
            [
              105.919768,
              -6.053495
            ],
            [
              105.919809,
              -6.053573
            ]
          ],
          [
            [
              105.919809,
              -6.053573
            ],
            [
              105.919824,
              -6.053555
            ]
          ],
          [
            [
              105.919824,
              -6.053555
            ],
            [
              105.919854,
              -6.053576
            ]
          ],
          [
            [
              105.919854,
              -6.053576
            ],
            [
              105.919901,
              -6.053542
            ]
          ],
          [
            [
              105.919901,
              -6.053542
            ],
            [
              105.919861,
              -6.053508
            ]
          ],
          [
            [
              105.919861,
              -6.053508
            ],
            [
              105.919885,
              -6.053394
            ]
          ],
          [
            [
              105.919885,
              -6.053394
            ],
            [
              105.919869,
              -6.053372
            ]
          ],
          [
            [
              105.919869,
              -6.053372
            ],
            [
              105.91988,
              -6.053364
            ]
          ],
          [
            [
              105.91988,
              -6.053364
            ],
            [
              105.919895,
              -6.053381
            ]
          ],
          [
            [
              105.919895,
              -6.053381
            ],
            [
              105.919898,
              -6.053351
            ]
          ],
          [
            [
              105.919898,
              -6.053351
            ],
            [
              105.919868,
              -6.053347
            ]
          ],
          [
            [
              105.919868,
              -6.053347
            ],
            [
              105.919811,
              -6.053284
            ]
          ],
          [
            [
              105.919811,
              -6.053284
            ],
            [
              105.919811,
              -6.053241
            ]
          ],
          [
            [
              105.919811,
              -6.053241
            ],
            [
              105.919837,
              -6.053205
            ]
          ],
          [
            [
              105.919837,
              -6.053205
            ],
            [
              105.919788,
              -6.053126
            ]
          ],
          [
            [
              105.919788,
              -6.053126
            ],
            [
              105.919775,
              -6.053067
            ]
          ],
          [
            [
              105.919775,
              -6.053067
            ],
            [
              105.919681,
              -6.052992
            ]
          ],
          [
            [
              105.919681,
              -6.052992
            ],
            [
              105.91963,
              -6.052981
            ]
          ],
          [
            [
              105.91963,
              -6.052981
            ],
            [
              105.919532,
              -6.052926
            ]
          ],
          [
            [
              105.919532,
              -6.052926
            ],
            [
              105.919346,
              -6.052853
            ]
          ],
          [
            [
              105.919346,
              -6.052853
            ],
            [
              105.919309,
              -6.052813
            ]
          ],
          [
            [
              105.919309,
              -6.052813
            ],
            [
              105.919399,
              -6.05274
            ]
          ],
          [
            [
              105.919399,
              -6.05274
            ],
            [
              105.919454,
              -6.05266
            ]
          ],
          [
            [
              105.919454,
              -6.05266
            ],
            [
              105.919485,
              -6.052649
            ]
          ],
          [
            [
              105.919485,
              -6.052649
            ],
            [
              105.919472,
              -6.052636
            ]
          ],
          [
            [
              105.919472,
              -6.052636
            ],
            [
              105.919476,
              -6.052597
            ]
          ],
          [
            [
              105.919476,
              -6.052597
            ],
            [
              105.919491,
              -6.052564
            ]
          ],
          [
            [
              105.919491,
              -6.052564
            ],
            [
              105.919519,
              -6.052557
            ]
          ],
          [
            [
              105.919519,
              -6.052557
            ],
            [
              105.919582,
              -6.052582
            ]
          ],
          [
            [
              105.919582,
              -6.052582
            ],
            [
              105.91961,
              -6.052612
            ]
          ],
          [
            [
              105.91961,
              -6.052612
            ],
            [
              105.919741,
              -6.052813
            ]
          ],
          [
            [
              105.919741,
              -6.052813
            ],
            [
              105.919911,
              -6.052764
            ]
          ],
          [
            [
              105.919911,
              -6.052764
            ],
            [
              105.919949,
              -6.052766
            ]
          ],
          [
            [
              105.919949,
              -6.052766
            ],
            [
              105.920024,
              -6.052733
            ]
          ],
          [
            [
              105.920024,
              -6.052733
            ],
            [
              105.920227,
              -6.052512
            ]
          ],
          [
            [
              105.920227,
              -6.052512
            ],
            [
              105.920252,
              -6.052454
            ]
          ],
          [
            [
              105.920252,
              -6.052454
            ],
            [
              105.920278,
              -6.052446
            ]
          ],
          [
            [
              105.920278,
              -6.052446
            ],
            [
              105.920295,
              -6.0524
            ]
          ],
          [
            [
              105.920295,
              -6.0524
            ],
            [
              105.920421,
              -6.052237
            ]
          ],
          [
            [
              105.920421,
              -6.052237
            ],
            [
              105.920546,
              -6.051988
            ]
          ],
          [
            [
              105.920546,
              -6.051988
            ],
            [
              105.920566,
              -6.051918
            ]
          ],
          [
            [
              105.920566,
              -6.051918
            ],
            [
              105.920559,
              -6.051864
            ]
          ],
          [
            [
              105.920559,
              -6.051864
            ],
            [
              105.920492,
              -6.051838
            ]
          ],
          [
            [
              105.920492,
              -6.051838
            ],
            [
              105.920477,
              -6.051818
            ]
          ],
          [
            [
              105.920477,
              -6.051818
            ],
            [
              105.920495,
              -6.051729
            ]
          ],
          [
            [
              105.920495,
              -6.051729
            ],
            [
              105.920558,
              -6.051565
            ]
          ],
          [
            [
              105.920558,
              -6.051565
            ],
            [
              105.920626,
              -6.051115
            ]
          ],
          [
            [
              105.920626,
              -6.051115
            ],
            [
              105.920623,
              -6.051101
            ]
          ],
          [
            [
              105.920623,
              -6.051101
            ],
            [
              105.920607,
              -6.051115
            ]
          ],
          [
            [
              105.920607,
              -6.051115
            ],
            [
              105.920559,
              -6.051096
            ]
          ],
          [
            [
              105.920559,
              -6.051096
            ],
            [
              105.920531,
              -6.051027
            ]
          ],
          [
            [
              105.920531,
              -6.051027
            ],
            [
              105.920556,
              -6.050951
            ]
          ],
          [
            [
              105.920556,
              -6.050951
            ],
            [
              105.920641,
              -6.050912
            ]
          ],
          [
            [
              105.920641,
              -6.050912
            ],
            [
              105.920678,
              -6.050575
            ]
          ],
          [
            [
              105.920678,
              -6.050575
            ],
            [
              105.920735,
              -6.050432
            ]
          ],
          [
            [
              105.920735,
              -6.050432
            ],
            [
              105.920742,
              -6.050124
            ]
          ],
          [
            [
              105.920742,
              -6.050124
            ],
            [
              105.920719,
              -6.05007
            ]
          ],
          [
            [
              105.920719,
              -6.05007
            ],
            [
              105.920745,
              -6.050062
            ]
          ],
          [
            [
              105.920745,
              -6.050062
            ],
            [
              105.920738,
              -6.050022
            ]
          ],
          [
            [
              105.920738,
              -6.050022
            ],
            [
              105.920761,
              -6.050013
            ]
          ],
          [
            [
              105.920761,
              -6.050013
            ],
            [
              105.920769,
              -6.049903
            ]
          ],
          [
            [
              105.920769,
              -6.049903
            ],
            [
              105.920744,
              -6.049828
            ]
          ],
          [
            [
              105.920744,
              -6.049828
            ],
            [
              105.920764,
              -6.049792
            ]
          ],
          [
            [
              105.920764,
              -6.049792
            ],
            [
              105.92073,
              -6.049767
            ]
          ],
          [
            [
              105.92073,
              -6.049767
            ],
            [
              105.920783,
              -6.049731
            ]
          ],
          [
            [
              105.920783,
              -6.049731
            ],
            [
              105.920746,
              -6.049687
            ]
          ],
          [
            [
              105.920746,
              -6.049687
            ],
            [
              105.920772,
              -6.049653
            ]
          ],
          [
            [
              105.920772,
              -6.049653
            ],
            [
              105.920779,
              -6.049604
            ]
          ],
          [
            [
              105.920779,
              -6.049604
            ],
            [
              105.920761,
              -6.049543
            ]
          ],
          [
            [
              105.920761,
              -6.049543
            ],
            [
              105.920793,
              -6.04947
            ]
          ],
          [
            [
              105.920793,
              -6.04947
            ],
            [
              105.920829,
              -6.049456
            ]
          ],
          [
            [
              105.920829,
              -6.049456
            ],
            [
              105.920811,
              -6.049389
            ]
          ],
          [
            [
              105.920811,
              -6.049389
            ],
            [
              105.920817,
              -6.049373
            ]
          ],
          [
            [
              105.920817,
              -6.049373
            ],
            [
              105.920856,
              -6.049362
            ]
          ],
          [
            [
              105.920856,
              -6.049362
            ],
            [
              105.920839,
              -6.049319
            ]
          ],
          [
            [
              105.920839,
              -6.049319
            ],
            [
              105.920874,
              -6.049301
            ]
          ],
          [
            [
              105.920874,
              -6.049301
            ],
            [
              105.920915,
              -6.049168
            ]
          ],
          [
            [
              105.920915,
              -6.049168
            ],
            [
              105.920846,
              -6.049069
            ]
          ],
          [
            [
              105.920846,
              -6.049069
            ],
            [
              105.920845,
              -6.049045
            ]
          ],
          [
            [
              105.920845,
              -6.049045
            ],
            [
              105.920887,
              -6.049036
            ]
          ],
          [
            [
              105.920887,
              -6.049036
            ],
            [
              105.920848,
              -6.048985
            ]
          ],
          [
            [
              105.920848,
              -6.048985
            ],
            [
              105.92087,
              -6.048989
            ]
          ],
          [
            [
              105.92087,
              -6.048989
            ],
            [
              105.920997,
              -6.048903
            ]
          ],
          [
            [
              105.920997,
              -6.048903
            ],
            [
              105.921,
              -6.048867
            ]
          ],
          [
            [
              105.921,
              -6.048867
            ],
            [
              105.920973,
              -6.048856
            ]
          ],
          [
            [
              105.920973,
              -6.048856
            ],
            [
              105.920952,
              -6.048819
            ]
          ],
          [
            [
              105.920952,
              -6.048819
            ],
            [
              105.921013,
              -6.048792
            ]
          ],
          [
            [
              105.921013,
              -6.048792
            ],
            [
              105.920974,
              -6.048747
            ]
          ],
          [
            [
              105.920974,
              -6.048747
            ],
            [
              105.921026,
              -6.048697
            ]
          ],
          [
            [
              105.921026,
              -6.048697
            ],
            [
              105.921007,
              -6.048674
            ]
          ],
          [
            [
              105.921007,
              -6.048674
            ],
            [
              105.921037,
              -6.04868
            ]
          ],
          [
            [
              105.921037,
              -6.04868
            ],
            [
              105.921039,
              -6.048645
            ]
          ],
          [
            [
              105.921039,
              -6.048645
            ],
            [
              105.92107,
              -6.048627
            ]
          ],
          [
            [
              105.92107,
              -6.048627
            ],
            [
              105.921018,
              -6.048568
            ]
          ],
          [
            [
              105.921018,
              -6.048568
            ],
            [
              105.921098,
              -6.048552
            ]
          ],
          [
            [
              105.921098,
              -6.048552
            ],
            [
              105.921111,
              -6.048521
            ]
          ],
          [
            [
              105.921111,
              -6.048521
            ],
            [
              105.921078,
              -6.048468
            ]
          ],
          [
            [
              105.921078,
              -6.048468
            ],
            [
              105.921147,
              -6.04843
            ]
          ],
          [
            [
              105.921147,
              -6.04843
            ],
            [
              105.921136,
              -6.048398
            ]
          ],
          [
            [
              105.921136,
              -6.048398
            ],
            [
              105.921084,
              -6.048365
            ]
          ],
          [
            [
              105.921084,
              -6.048365
            ],
            [
              105.921093,
              -6.048344
            ]
          ],
          [
            [
              105.921093,
              -6.048344
            ],
            [
              105.921124,
              -6.048359
            ]
          ],
          [
            [
              105.921124,
              -6.048359
            ],
            [
              105.921105,
              -6.048321
            ]
          ],
          [
            [
              105.921105,
              -6.048321
            ],
            [
              105.921109,
              -6.048282
            ]
          ],
          [
            [
              105.921109,
              -6.048282
            ],
            [
              105.921185,
              -6.048279
            ]
          ],
          [
            [
              105.921185,
              -6.048279
            ],
            [
              105.921193,
              -6.048245
            ]
          ],
          [
            [
              105.921193,
              -6.048245
            ],
            [
              105.921153,
              -6.048239
            ]
          ],
          [
            [
              105.921153,
              -6.048239
            ],
            [
              105.921142,
              -6.048206
            ]
          ],
          [
            [
              105.921142,
              -6.048206
            ],
            [
              105.921165,
              -6.048199
            ]
          ],
          [
            [
              105.921165,
              -6.048199
            ],
            [
              105.921175,
              -6.048149
            ]
          ],
          [
            [
              105.921175,
              -6.048149
            ],
            [
              105.921202,
              -6.048132
            ]
          ],
          [
            [
              105.921202,
              -6.048132
            ],
            [
              105.921236,
              -6.048062
            ]
          ],
          [
            [
              105.921236,
              -6.048062
            ],
            [
              105.921303,
              -6.048008
            ]
          ],
          [
            [
              105.921303,
              -6.048008
            ],
            [
              105.921328,
              -6.047967
            ]
          ],
          [
            [
              105.921328,
              -6.047967
            ],
            [
              105.921325,
              -6.04794
            ]
          ],
          [
            [
              105.921325,
              -6.04794
            ],
            [
              105.921354,
              -6.047942
            ]
          ],
          [
            [
              105.921354,
              -6.047942
            ],
            [
              105.921552,
              -6.047698
            ]
          ],
          [
            [
              105.921552,
              -6.047698
            ],
            [
              105.921562,
              -6.047676
            ]
          ],
          [
            [
              105.921562,
              -6.047676
            ],
            [
              105.92156,
              -6.047653
            ]
          ],
          [
            [
              105.92156,
              -6.047653
            ],
            [
              105.921541,
              -6.047644
            ]
          ],
          [
            [
              105.921541,
              -6.047644
            ],
            [
              105.921549,
              -6.04762
            ]
          ],
          [
            [
              105.921549,
              -6.04762
            ],
            [
              105.921614,
              -6.047592
            ]
          ],
          [
            [
              105.921614,
              -6.047592
            ],
            [
              105.921672,
              -6.047511
            ]
          ],
          [
            [
              105.921672,
              -6.047511
            ],
            [
              105.921679,
              -6.047409
            ]
          ],
          [
            [
              105.921679,
              -6.047409
            ],
            [
              105.921705,
              -6.047414
            ]
          ],
          [
            [
              105.921705,
              -6.047414
            ],
            [
              105.9217,
              -6.047429
            ]
          ],
          [
            [
              105.9217,
              -6.047429
            ],
            [
              105.921734,
              -6.047431
            ]
          ],
          [
            [
              105.921734,
              -6.047431
            ],
            [
              105.921735,
              -6.0474
            ]
          ],
          [
            [
              105.921735,
              -6.0474
            ],
            [
              105.921765,
              -6.047355
            ]
          ],
          [
            [
              105.921765,
              -6.047355
            ],
            [
              105.92179,
              -6.047336
            ]
          ],
          [
            [
              105.92179,
              -6.047336
            ],
            [
              105.921817,
              -6.047349
            ]
          ],
          [
            [
              105.921817,
              -6.047349
            ],
            [
              105.92186,
              -6.047341
            ]
          ],
          [
            [
              105.92186,
              -6.047341
            ],
            [
              105.921915,
              -6.047279
            ]
          ],
          [
            [
              105.921915,
              -6.047279
            ],
            [
              105.921939,
              -6.047186
            ]
          ],
          [
            [
              105.921939,
              -6.047186
            ],
            [
              105.9219,
              -6.047133
            ]
          ],
          [
            [
              105.9219,
              -6.047133
            ],
            [
              105.921974,
              -6.047029
            ]
          ],
          [
            [
              105.921974,
              -6.047029
            ],
            [
              105.922012,
              -6.047015
            ]
          ],
          [
            [
              105.922012,
              -6.047015
            ],
            [
              105.922102,
              -6.047047
            ]
          ],
          [
            [
              105.922102,
              -6.047047
            ],
            [
              105.922204,
              -6.047042
            ]
          ],
          [
            [
              105.922204,
              -6.047042
            ],
            [
              105.922231,
              -6.047018
            ]
          ],
          [
            [
              105.922231,
              -6.047018
            ],
            [
              105.922253,
              -6.04694
            ]
          ],
          [
            [
              105.922253,
              -6.04694
            ],
            [
              105.922278,
              -6.046932
            ]
          ],
          [
            [
              105.922278,
              -6.046932
            ],
            [
              105.922348,
              -6.046851
            ]
          ],
          [
            [
              105.922348,
              -6.046851
            ],
            [
              105.922339,
              -6.046885
            ]
          ],
          [
            [
              105.922339,
              -6.046885
            ],
            [
              105.922287,
              -6.046942
            ]
          ],
          [
            [
              105.922287,
              -6.046942
            ],
            [
              105.922244,
              -6.047022
            ]
          ],
          [
            [
              105.922244,
              -6.047022
            ],
            [
              105.922271,
              -6.047025
            ]
          ],
          [
            [
              105.922271,
              -6.047025
            ],
            [
              105.922501,
              -6.046671
            ]
          ],
          [
            [
              105.922501,
              -6.046671
            ],
            [
              105.922621,
              -6.046723
            ]
          ],
          [
            [
              105.922621,
              -6.046723
            ],
            [
              105.922808,
              -6.046843
            ]
          ],
          [
            [
              105.922808,
              -6.046843
            ],
            [
              105.922838,
              -6.046843
            ]
          ],
          [
            [
              105.922838,
              -6.046843
            ],
            [
              105.923157,
              -6.047034
            ]
          ],
          [
            [
              105.923157,
              -6.047034
            ],
            [
              105.92328,
              -6.047085
            ]
          ],
          [
            [
              105.92328,
              -6.047085
            ],
            [
              105.923283,
              -6.047105
            ]
          ],
          [
            [
              105.923283,
              -6.047105
            ],
            [
              105.923199,
              -6.047082
            ]
          ],
          [
            [
              105.923199,
              -6.047082
            ],
            [
              105.923179,
              -6.047118
            ]
          ],
          [
            [
              105.923179,
              -6.047118
            ],
            [
              105.923211,
              -6.047139
            ]
          ],
          [
            [
              105.923211,
              -6.047139
            ],
            [
              105.923184,
              -6.047154
            ]
          ],
          [
            [
              105.923184,
              -6.047154
            ],
            [
              105.923234,
              -6.047172
            ]
          ],
          [
            [
              105.923234,
              -6.047172
            ],
            [
              105.923242,
              -6.047191
            ]
          ],
          [
            [
              105.923242,
              -6.047191
            ],
            [
              105.923261,
              -6.047177
            ]
          ],
          [
            [
              105.923261,
              -6.047177
            ],
            [
              105.923311,
              -6.047213
            ]
          ],
          [
            [
              105.923311,
              -6.047213
            ],
            [
              105.923341,
              -6.047217
            ]
          ],
          [
            [
              105.923341,
              -6.047217
            ],
            [
              105.923367,
              -6.047252
            ]
          ],
          [
            [
              105.923367,
              -6.047252
            ],
            [
              105.923401,
              -6.047242
            ]
          ],
          [
            [
              105.923401,
              -6.047242
            ],
            [
              105.923421,
              -6.047266
            ]
          ],
          [
            [
              105.923421,
              -6.047266
            ],
            [
              105.923453,
              -6.047261
            ]
          ],
          [
            [
              105.923453,
              -6.047261
            ],
            [
              105.923479,
              -6.047296
            ]
          ],
          [
            [
              105.923479,
              -6.047296
            ],
            [
              105.923569,
              -6.047293
            ]
          ],
          [
            [
              105.923569,
              -6.047293
            ],
            [
              105.923609,
              -6.047321
            ]
          ],
          [
            [
              105.923609,
              -6.047321
            ],
            [
              105.923746,
              -6.047489
            ]
          ],
          [
            [
              105.923746,
              -6.047489
            ],
            [
              105.923741,
              -6.047632
            ]
          ],
          [
            [
              105.923741,
              -6.047632
            ],
            [
              105.923655,
              -6.047857
            ]
          ],
          [
            [
              105.923655,
              -6.047857
            ],
            [
              105.923592,
              -6.047954
            ]
          ],
          [
            [
              105.923592,
              -6.047954
            ],
            [
              105.923352,
              -6.048231
            ]
          ],
          [
            [
              105.923352,
              -6.048231
            ],
            [
              105.923335,
              -6.04838
            ]
          ],
          [
            [
              105.923335,
              -6.04838
            ],
            [
              105.923364,
              -6.048477
            ]
          ],
          [
            [
              105.923364,
              -6.048477
            ],
            [
              105.923467,
              -6.048523
            ]
          ],
          [
            [
              105.923467,
              -6.048523
            ],
            [
              105.923587,
              -6.048454
            ]
          ],
          [
            [
              105.923587,
              -6.048454
            ],
            [
              105.923753,
              -6.048172
            ]
          ],
          [
            [
              105.923753,
              -6.048172
            ],
            [
              105.9242,
              -6.047488
            ]
          ],
          [
            [
              105.9242,
              -6.047488
            ],
            [
              105.924216,
              -6.047434
            ]
          ],
          [
            [
              105.924216,
              -6.047434
            ],
            [
              105.924263,
              -6.047392
            ]
          ],
          [
            [
              105.924263,
              -6.047392
            ],
            [
              105.924265,
              -6.047364
            ]
          ],
          [
            [
              105.924265,
              -6.047364
            ],
            [
              105.924234,
              -6.047315
            ]
          ],
          [
            [
              105.924234,
              -6.047315
            ],
            [
              105.924234,
              -6.04727
            ]
          ],
          [
            [
              105.924234,
              -6.04727
            ],
            [
              105.924165,
              -6.047161
            ]
          ],
          [
            [
              105.924165,
              -6.047161
            ],
            [
              105.923966,
              -6.046988
            ]
          ],
          [
            [
              105.923966,
              -6.046988
            ],
            [
              105.923969,
              -6.046975
            ]
          ],
          [
            [
              105.923969,
              -6.046975
            ],
            [
              105.923989,
              -6.046963
            ]
          ],
          [
            [
              105.923989,
              -6.046963
            ],
            [
              105.924085,
              -6.04698
            ]
          ],
          [
            [
              105.924085,
              -6.04698
            ],
            [
              105.924118,
              -6.046946
            ]
          ],
          [
            [
              105.924118,
              -6.046946
            ],
            [
              105.924155,
              -6.046946
            ]
          ],
          [
            [
              105.924155,
              -6.046946
            ],
            [
              105.924201,
              -6.046972
            ]
          ],
          [
            [
              105.924201,
              -6.046972
            ],
            [
              105.924212,
              -6.046996
            ]
          ],
          [
            [
              105.924212,
              -6.046996
            ],
            [
              105.924181,
              -6.047086
            ]
          ],
          [
            [
              105.924181,
              -6.047086
            ],
            [
              105.924235,
              -6.047079
            ]
          ],
          [
            [
              105.924235,
              -6.047079
            ],
            [
              105.924255,
              -6.047104
            ]
          ],
          [
            [
              105.924255,
              -6.047104
            ],
            [
              105.924286,
              -6.047084
            ]
          ],
          [
            [
              105.924286,
              -6.047084
            ],
            [
              105.924319,
              -6.047127
            ]
          ],
          [
            [
              105.924319,
              -6.047127
            ],
            [
              105.924358,
              -6.047125
            ]
          ],
          [
            [
              105.924358,
              -6.047125
            ],
            [
              105.924429,
              -6.047292
            ]
          ],
          [
            [
              105.924429,
              -6.047292
            ],
            [
              105.9244,
              -6.047361
            ]
          ],
          [
            [
              105.9244,
              -6.047361
            ],
            [
              105.92424,
              -6.04766
            ]
          ],
          [
            [
              105.92424,
              -6.04766
            ],
            [
              105.923954,
              -6.048132
            ]
          ],
          [
            [
              105.923954,
              -6.048132
            ],
            [
              105.923794,
              -6.048304
            ]
          ],
          [
            [
              105.923794,
              -6.048304
            ],
            [
              105.923759,
              -6.048385
            ]
          ],
          [
            [
              105.923759,
              -6.048385
            ],
            [
              105.923759,
              -6.048448
            ]
          ],
          [
            [
              105.923759,
              -6.048448
            ],
            [
              105.923846,
              -6.048678
            ]
          ],
          [
            [
              105.923846,
              -6.048678
            ],
            [
              105.923857,
              -6.048747
            ]
          ],
          [
            [
              105.923857,
              -6.048747
            ],
            [
              105.9238,
              -6.048862
            ]
          ],
          [
            [
              105.9238,
              -6.048862
            ],
            [
              105.92368,
              -6.048977
            ]
          ],
          [
            [
              105.92368,
              -6.048977
            ],
            [
              105.923651,
              -6.049023
            ]
          ],
          [
            [
              105.923651,
              -6.049023
            ],
            [
              105.923709,
              -6.049063
            ]
          ],
          [
            [
              105.923709,
              -6.049063
            ],
            [
              105.923886,
              -6.048936
            ]
          ],
          [
            [
              105.923886,
              -6.048936
            ],
            [
              105.924024,
              -6.048861
            ]
          ],
          [
            [
              105.924024,
              -6.048861
            ],
            [
              105.924465,
              -6.048504
            ]
          ],
          [
            [
              105.924465,
              -6.048504
            ],
            [
              105.924585,
              -6.048378
            ]
          ],
          [
            [
              105.924585,
              -6.048378
            ],
            [
              105.924723,
              -6.048282
            ]
          ],
          [
            [
              105.924723,
              -6.048282
            ],
            [
              105.924741,
              -6.048291
            ]
          ],
          [
            [
              105.924741,
              -6.048291
            ],
            [
              105.924789,
              -6.048216
            ]
          ],
          [
            [
              105.924789,
              -6.048216
            ],
            [
              105.924793,
              -6.048151
            ]
          ],
          [
            [
              105.924793,
              -6.048151
            ],
            [
              105.92486,
              -6.048121
            ]
          ],
          [
            [
              105.92486,
              -6.048121
            ],
            [
              105.924872,
              -6.048046
            ]
          ],
          [
            [
              105.924872,
              -6.048046
            ],
            [
              105.924918,
              -6.048011
            ]
          ],
          [
            [
              105.924918,
              -6.048011
            ],
            [
              105.924963,
              -6.047913
            ]
          ],
          [
            [
              105.924963,
              -6.047913
            ],
            [
              105.924996,
              -6.047897
            ]
          ],
          [
            [
              105.924996,
              -6.047897
            ],
            [
              105.924992,
              -6.047864
            ]
          ],
          [
            [
              105.924992,
              -6.047864
            ],
            [
              105.925018,
              -6.047854
            ]
          ],
          [
            [
              105.925018,
              -6.047854
            ],
            [
              105.925023,
              -6.0478
            ]
          ],
          [
            [
              105.925023,
              -6.0478
            ],
            [
              105.92506,
              -6.047741
            ]
          ],
          [
            [
              105.92506,
              -6.047741
            ],
            [
              105.925055,
              -6.04771
            ]
          ],
          [
            [
              105.925055,
              -6.04771
            ],
            [
              105.925079,
              -6.047695
            ]
          ],
          [
            [
              105.925079,
              -6.047695
            ],
            [
              105.925077,
              -6.047676
            ]
          ],
          [
            [
              105.925077,
              -6.047676
            ],
            [
              105.925061,
              -6.047693
            ]
          ],
          [
            [
              105.925061,
              -6.047693
            ],
            [
              105.925055,
              -6.047681
            ]
          ],
          [
            [
              105.925055,
              -6.047681
            ],
            [
              105.925071,
              -6.047658
            ]
          ],
          [
            [
              105.925071,
              -6.047658
            ],
            [
              105.925055,
              -6.047638
            ]
          ],
          [
            [
              105.925055,
              -6.047638
            ],
            [
              105.925081,
              -6.04762
            ]
          ],
          [
            [
              105.925081,
              -6.04762
            ],
            [
              105.925071,
              -6.047578
            ]
          ],
          [
            [
              105.925071,
              -6.047578
            ],
            [
              105.925087,
              -6.047573
            ]
          ],
          [
            [
              105.925087,
              -6.047573
            ],
            [
              105.925087,
              -6.047592
            ]
          ],
          [
            [
              105.925087,
              -6.047592
            ],
            [
              105.9251,
              -6.047592
            ]
          ],
          [
            [
              105.9251,
              -6.047592
            ],
            [
              105.925089,
              -6.047395
            ]
          ],
          [
            [
              105.925089,
              -6.047395
            ],
            [
              105.925145,
              -6.047258
            ]
          ],
          [
            [
              105.925145,
              -6.047258
            ],
            [
              105.925312,
              -6.047262
            ]
          ],
          [
            [
              105.925312,
              -6.047262
            ],
            [
              105.925754,
              -6.047399
            ]
          ],
          [
            [
              105.925754,
              -6.047399
            ],
            [
              105.926162,
              -6.047565
            ]
          ],
          [
            [
              105.926162,
              -6.047565
            ],
            [
              105.926219,
              -6.047559
            ]
          ],
          [
            [
              105.926219,
              -6.047559
            ],
            [
              105.926185,
              -6.047485
            ]
          ],
          [
            [
              105.926185,
              -6.047485
            ],
            [
              105.926104,
              -6.04741
            ]
          ],
          [
            [
              105.926104,
              -6.04741
            ],
            [
              105.926075,
              -6.047313
            ]
          ],
          [
            [
              105.926075,
              -6.047313
            ],
            [
              105.926001,
              -6.047238
            ]
          ],
          [
            [
              105.926001,
              -6.047238
            ],
            [
              105.925467,
              -6.047026
            ]
          ],
          [
            [
              105.925467,
              -6.047026
            ],
            [
              105.925254,
              -6.047033
            ]
          ],
          [
            [
              105.925254,
              -6.047033
            ],
            [
              105.925149,
              -6.047111
            ]
          ],
          [
            [
              105.925149,
              -6.047111
            ],
            [
              105.925078,
              -6.047126
            ]
          ],
          [
            [
              105.925078,
              -6.047126
            ],
            [
              105.924112,
              -6.046788
            ]
          ],
          [
            [
              105.924112,
              -6.046788
            ],
            [
              105.92398,
              -6.046799
            ]
          ],
          [
            [
              105.92398,
              -6.046799
            ],
            [
              105.923877,
              -6.046845
            ]
          ],
          [
            [
              105.923877,
              -6.046845
            ],
            [
              105.923808,
              -6.046851
            ]
          ],
          [
            [
              105.923808,
              -6.046851
            ],
            [
              105.923643,
              -6.046815
            ]
          ],
          [
            [
              105.923643,
              -6.046815
            ],
            [
              105.923634,
              -6.046795
            ]
          ],
          [
            [
              105.923634,
              -6.046795
            ],
            [
              105.923598,
              -6.046789
            ]
          ],
          [
            [
              105.923598,
              -6.046789
            ],
            [
              105.923558,
              -6.04673
            ]
          ],
          [
            [
              105.923558,
              -6.04673
            ],
            [
              105.923465,
              -6.046687
            ]
          ],
          [
            [
              105.923465,
              -6.046687
            ],
            [
              105.923451,
              -6.046625
            ]
          ],
          [
            [
              105.923451,
              -6.046625
            ],
            [
              105.92341,
              -6.046627
            ]
          ],
          [
            [
              105.92341,
              -6.046627
            ],
            [
              105.923392,
              -6.046587
            ]
          ],
          [
            [
              105.923392,
              -6.046587
            ],
            [
              105.923348,
              -6.046572
            ]
          ],
          [
            [
              105.923348,
              -6.046572
            ],
            [
              105.923322,
              -6.046486
            ]
          ],
          [
            [
              105.923322,
              -6.046486
            ],
            [
              105.923185,
              -6.046426
            ]
          ],
          [
            [
              105.923185,
              -6.046426
            ],
            [
              105.923154,
              -6.046385
            ]
          ],
          [
            [
              105.923154,
              -6.046385
            ],
            [
              105.922949,
              -6.046241
            ]
          ],
          [
            [
              105.922949,
              -6.046241
            ],
            [
              105.922685,
              -6.046094
            ]
          ],
          [
            [
              105.922685,
              -6.046094
            ],
            [
              105.922542,
              -6.046087
            ]
          ],
          [
            [
              105.922542,
              -6.046087
            ],
            [
              105.922375,
              -6.046046
            ]
          ],
          [
            [
              105.922375,
              -6.046046
            ],
            [
              105.922226,
              -6.04598
            ]
          ],
          [
            [
              105.922226,
              -6.04598
            ],
            [
              105.92214,
              -6.045917
            ]
          ],
          [
            [
              105.92214,
              -6.045917
            ],
            [
              105.922089,
              -6.045903
            ]
          ],
          [
            [
              105.922089,
              -6.045903
            ],
            [
              105.921948,
              -6.045761
            ]
          ],
          [
            [
              105.921948,
              -6.045761
            ],
            [
              105.921947,
              -6.045721
            ]
          ],
          [
            [
              105.921947,
              -6.045721
            ],
            [
              105.921911,
              -6.045677
            ]
          ],
          [
            [
              105.921911,
              -6.045677
            ],
            [
              105.921867,
              -6.045542
            ]
          ],
          [
            [
              105.921867,
              -6.045542
            ],
            [
              105.921778,
              -6.045406
            ]
          ],
          [
            [
              105.921778,
              -6.045406
            ],
            [
              105.921737,
              -6.045219
            ]
          ],
          [
            [
              105.921737,
              -6.045219
            ],
            [
              105.921707,
              -6.045178
            ]
          ],
          [
            [
              105.921707,
              -6.045178
            ],
            [
              105.921688,
              -6.045024
            ]
          ],
          [
            [
              105.921688,
              -6.045024
            ],
            [
              105.921715,
              -6.044996
            ]
          ],
          [
            [
              105.921715,
              -6.044996
            ],
            [
              105.921715,
              -6.044956
            ]
          ],
          [
            [
              105.921715,
              -6.044956
            ],
            [
              105.921668,
              -6.044932
            ]
          ],
          [
            [
              105.921668,
              -6.044932
            ],
            [
              105.921688,
              -6.044907
            ]
          ],
          [
            [
              105.921688,
              -6.044907
            ],
            [
              105.921701,
              -6.044833
            ]
          ],
          [
            [
              105.921701,
              -6.044833
            ],
            [
              105.921686,
              -6.044804
            ]
          ],
          [
            [
              105.921686,
              -6.044804
            ],
            [
              105.921685,
              -6.044676
            ]
          ],
          [
            [
              105.921685,
              -6.044676
            ],
            [
              105.921714,
              -6.044656
            ]
          ],
          [
            [
              105.921714,
              -6.044656
            ],
            [
              105.921712,
              -6.044586
            ]
          ],
          [
            [
              105.921712,
              -6.044586
            ],
            [
              105.921767,
              -6.044539
            ]
          ],
          [
            [
              105.921767,
              -6.044539
            ],
            [
              105.921754,
              -6.044493
            ]
          ],
          [
            [
              105.921754,
              -6.044493
            ],
            [
              105.9218,
              -6.044414
            ]
          ],
          [
            [
              105.9218,
              -6.044414
            ],
            [
              105.921804,
              -6.044367
            ]
          ],
          [
            [
              105.921804,
              -6.044367
            ],
            [
              105.921873,
              -6.04431
            ]
          ],
          [
            [
              105.921873,
              -6.04431
            ],
            [
              105.921908,
              -6.044246
            ]
          ],
          [
            [
              105.921908,
              -6.044246
            ],
            [
              105.921998,
              -6.044161
            ]
          ],
          [
            [
              105.921998,
              -6.044161
            ],
            [
              105.922055,
              -6.044048
            ]
          ],
          [
            [
              105.922055,
              -6.044048
            ],
            [
              105.922148,
              -6.043953
            ]
          ],
          [
            [
              105.922148,
              -6.043953
            ],
            [
              105.922154,
              -6.04391
            ]
          ],
          [
            [
              105.922154,
              -6.04391
            ],
            [
              105.922182,
              -6.043894
            ]
          ],
          [
            [
              105.922182,
              -6.043894
            ],
            [
              105.922233,
              -6.043775
            ]
          ],
          [
            [
              105.922233,
              -6.043775
            ],
            [
              105.922275,
              -6.043749
            ]
          ],
          [
            [
              105.922275,
              -6.043749
            ],
            [
              105.922285,
              -6.043704
            ]
          ],
          [
            [
              105.922285,
              -6.043704
            ],
            [
              105.922357,
              -6.043654
            ]
          ],
          [
            [
              105.922357,
              -6.043654
            ],
            [
              105.922353,
              -6.043615
            ]
          ],
          [
            [
              105.922353,
              -6.043615
            ],
            [
              105.922432,
              -6.04356
            ]
          ],
          [
            [
              105.922432,
              -6.04356
            ],
            [
              105.922436,
              -6.043537
            ]
          ],
          [
            [
              105.922436,
              -6.043537
            ],
            [
              105.922473,
              -6.043516
            ]
          ],
          [
            [
              105.922473,
              -6.043516
            ],
            [
              105.922484,
              -6.043487
            ]
          ],
          [
            [
              105.922484,
              -6.043487
            ],
            [
              105.922553,
              -6.043426
            ]
          ],
          [
            [
              105.922553,
              -6.043426
            ],
            [
              105.922649,
              -6.043353
            ]
          ],
          [
            [
              105.922649,
              -6.043353
            ],
            [
              105.922689,
              -6.043341
            ]
          ],
          [
            [
              105.922689,
              -6.043341
            ],
            [
              105.922736,
              -6.043272
            ]
          ],
          [
            [
              105.922736,
              -6.043272
            ],
            [
              105.92282,
              -6.043208
            ]
          ],
          [
            [
              105.92282,
              -6.043208
            ],
            [
              105.922831,
              -6.043177
            ]
          ],
          [
            [
              105.922831,
              -6.043177
            ],
            [
              105.922882,
              -6.043189
            ]
          ],
          [
            [
              105.922882,
              -6.043189
            ],
            [
              105.922903,
              -6.043141
            ]
          ],
          [
            [
              105.922903,
              -6.043141
            ],
            [
              105.92295,
              -6.043129
            ]
          ],
          [
            [
              105.92295,
              -6.043129
            ],
            [
              105.923063,
              -6.043057
            ]
          ],
          [
            [
              105.923063,
              -6.043057
            ],
            [
              105.923218,
              -6.043018
            ]
          ],
          [
            [
              105.923218,
              -6.043018
            ],
            [
              105.92324,
              -6.043032
            ]
          ],
          [
            [
              105.92324,
              -6.043032
            ],
            [
              105.923279,
              -6.042996
            ]
          ],
          [
            [
              105.923279,
              -6.042996
            ],
            [
              105.923344,
              -6.042995
            ]
          ],
          [
            [
              105.923344,
              -6.042995
            ],
            [
              105.923489,
              -6.042917
            ]
          ],
          [
            [
              105.923489,
              -6.042917
            ],
            [
              105.923574,
              -6.042908
            ]
          ],
          [
            [
              105.923574,
              -6.042908
            ],
            [
              105.923593,
              -6.042876
            ]
          ],
          [
            [
              105.923593,
              -6.042876
            ],
            [
              105.923677,
              -6.042848
            ]
          ],
          [
            [
              105.923677,
              -6.042848
            ],
            [
              105.923773,
              -6.04277
            ]
          ],
          [
            [
              105.923773,
              -6.04277
            ],
            [
              105.923829,
              -6.042764
            ]
          ],
          [
            [
              105.923829,
              -6.042764
            ],
            [
              105.923865,
              -6.042722
            ]
          ],
          [
            [
              105.923865,
              -6.042722
            ],
            [
              105.923933,
              -6.042693
            ]
          ],
          [
            [
              105.923933,
              -6.042693
            ],
            [
              105.923991,
              -6.042644
            ]
          ],
          [
            [
              105.923991,
              -6.042644
            ],
            [
              105.924019,
              -6.04265
            ]
          ],
          [
            [
              105.924019,
              -6.04265
            ],
            [
              105.924147,
              -6.042554
            ]
          ],
          [
            [
              105.924147,
              -6.042554
            ],
            [
              105.924219,
              -6.042538
            ]
          ],
          [
            [
              105.924219,
              -6.042538
            ],
            [
              105.924271,
              -6.042482
            ]
          ],
          [
            [
              105.924271,
              -6.042482
            ],
            [
              105.92428,
              -6.042453
            ]
          ],
          [
            [
              105.92428,
              -6.042453
            ],
            [
              105.92432,
              -6.042441
            ]
          ],
          [
            [
              105.92432,
              -6.042441
            ],
            [
              105.924367,
              -6.042397
            ]
          ],
          [
            [
              105.924367,
              -6.042397
            ],
            [
              105.924494,
              -6.042183
            ]
          ],
          [
            [
              105.924494,
              -6.042183
            ],
            [
              105.924523,
              -6.042121
            ]
          ],
          [
            [
              105.924523,
              -6.042121
            ],
            [
              105.924482,
              -6.042075
            ]
          ],
          [
            [
              105.924482,
              -6.042075
            ],
            [
              105.924485,
              -6.042041
            ]
          ],
          [
            [
              105.924485,
              -6.042041
            ],
            [
              105.924517,
              -6.042023
            ]
          ],
          [
            [
              105.924517,
              -6.042023
            ],
            [
              105.924561,
              -6.042046
            ]
          ],
          [
            [
              105.924561,
              -6.042046
            ],
            [
              105.924669,
              -6.042049
            ]
          ],
          [
            [
              105.924669,
              -6.042049
            ],
            [
              105.924729,
              -6.041885
            ]
          ],
          [
            [
              105.924729,
              -6.041885
            ],
            [
              105.924764,
              -6.041852
            ]
          ],
          [
            [
              105.924764,
              -6.041852
            ],
            [
              105.924808,
              -6.041876
            ]
          ],
          [
            [
              105.924808,
              -6.041876
            ],
            [
              105.924806,
              -6.041902
            ]
          ],
          [
            [
              105.924806,
              -6.041902
            ],
            [
              105.924726,
              -6.041933
            ]
          ],
          [
            [
              105.924726,
              -6.041933
            ],
            [
              105.92472,
              -6.042007
            ]
          ],
          [
            [
              105.92472,
              -6.042007
            ],
            [
              105.924743,
              -6.042041
            ]
          ],
          [
            [
              105.924743,
              -6.042041
            ],
            [
              105.924822,
              -6.042045
            ]
          ],
          [
            [
              105.924822,
              -6.042045
            ],
            [
              105.924855,
              -6.042076
            ]
          ],
          [
            [
              105.924855,
              -6.042076
            ],
            [
              105.924878,
              -6.042065
            ]
          ],
          [
            [
              105.924878,
              -6.042065
            ],
            [
              105.92489,
              -6.042077
            ]
          ],
          [
            [
              105.92489,
              -6.042077
            ],
            [
              105.924917,
              -6.042036
            ]
          ],
          [
            [
              105.924917,
              -6.042036
            ],
            [
              105.924997,
              -6.041837
            ]
          ],
          [
            [
              105.924997,
              -6.041837
            ],
            [
              105.925052,
              -6.04183
            ]
          ],
          [
            [
              105.925052,
              -6.04183
            ],
            [
              105.925068,
              -6.04188
            ]
          ],
          [
            [
              105.925068,
              -6.04188
            ],
            [
              105.925099,
              -6.041884
            ]
          ],
          [
            [
              105.925099,
              -6.041884
            ],
            [
              105.92512,
              -6.041865
            ]
          ],
          [
            [
              105.92512,
              -6.041865
            ],
            [
              105.925117,
              -6.041831
            ]
          ],
          [
            [
              105.925117,
              -6.041831
            ],
            [
              105.92514,
              -6.041818
            ]
          ],
          [
            [
              105.92514,
              -6.041818
            ],
            [
              105.925149,
              -6.041749
            ]
          ],
          [
            [
              105.925149,
              -6.041749
            ],
            [
              105.92518,
              -6.041692
            ]
          ],
          [
            [
              105.92518,
              -6.041692
            ],
            [
              105.925173,
              -6.041669
            ]
          ],
          [
            [
              105.925173,
              -6.041669
            ],
            [
              105.925205,
              -6.041631
            ]
          ],
          [
            [
              105.925205,
              -6.041631
            ],
            [
              105.925232,
              -6.041515
            ]
          ],
          [
            [
              105.925232,
              -6.041515
            ],
            [
              105.925271,
              -6.041494
            ]
          ],
          [
            [
              105.925271,
              -6.041494
            ],
            [
              105.925295,
              -6.041445
            ]
          ],
          [
            [
              105.925295,
              -6.041445
            ],
            [
              105.925292,
              -6.041396
            ]
          ],
          [
            [
              105.925292,
              -6.041396
            ],
            [
              105.925312,
              -6.04137
            ]
          ],
          [
            [
              105.925312,
              -6.04137
            ],
            [
              105.925302,
              -6.041346
            ]
          ],
          [
            [
              105.925302,
              -6.041346
            ],
            [
              105.92532,
              -6.04134
            ]
          ],
          [
            [
              105.92532,
              -6.04134
            ],
            [
              105.925363,
              -6.041248
            ]
          ],
          [
            [
              105.925363,
              -6.041248
            ],
            [
              105.925396,
              -6.041138
            ]
          ],
          [
            [
              105.925396,
              -6.041138
            ],
            [
              105.925491,
              -6.041004
            ]
          ],
          [
            [
              105.925491,
              -6.041004
            ],
            [
              105.925551,
              -6.040861
            ]
          ],
          [
            [
              105.925551,
              -6.040861
            ],
            [
              105.925545,
              -6.040835
            ]
          ],
          [
            [
              105.925545,
              -6.040835
            ],
            [
              105.925589,
              -6.040754
            ]
          ],
          [
            [
              105.925589,
              -6.040754
            ],
            [
              105.925584,
              -6.040721
            ]
          ],
          [
            [
              105.925584,
              -6.040721
            ],
            [
              105.92562,
              -6.040692
            ]
          ],
          [
            [
              105.92562,
              -6.040692
            ],
            [
              105.925614,
              -6.040646
            ]
          ],
          [
            [
              105.925614,
              -6.040646
            ],
            [
              105.925548,
              -6.040615
            ]
          ],
          [
            [
              105.925548,
              -6.040615
            ],
            [
              105.92553,
              -6.040635
            ]
          ],
          [
            [
              105.92553,
              -6.040635
            ],
            [
              105.925506,
              -6.04063
            ]
          ],
          [
            [
              105.925506,
              -6.04063
            ],
            [
              105.925488,
              -6.0406
            ]
          ],
          [
            [
              105.925488,
              -6.0406
            ],
            [
              105.925503,
              -6.040555
            ]
          ],
          [
            [
              105.925503,
              -6.040555
            ],
            [
              105.925535,
              -6.040548
            ]
          ],
          [
            [
              105.925535,
              -6.040548
            ],
            [
              105.925536,
              -6.040496
            ]
          ],
          [
            [
              105.925536,
              -6.040496
            ],
            [
              105.925577,
              -6.040463
            ]
          ],
          [
            [
              105.925577,
              -6.040463
            ],
            [
              105.925578,
              -6.04042
            ]
          ],
          [
            [
              105.925578,
              -6.04042
            ],
            [
              105.925601,
              -6.040374
            ]
          ],
          [
            [
              105.925601,
              -6.040374
            ],
            [
              105.925683,
              -6.040257
            ]
          ],
          [
            [
              105.925683,
              -6.040257
            ],
            [
              105.925714,
              -6.040249
            ]
          ],
          [
            [
              105.925714,
              -6.040249
            ],
            [
              105.92573,
              -6.040267
            ]
          ],
          [
            [
              105.92573,
              -6.040267
            ],
            [
              105.925778,
              -6.040234
            ]
          ],
          [
            [
              105.925778,
              -6.040234
            ],
            [
              105.925828,
              -6.040229
            ]
          ],
          [
            [
              105.925828,
              -6.040229
            ],
            [
              105.925872,
              -6.04019
            ]
          ],
          [
            [
              105.925872,
              -6.04019
            ],
            [
              105.925868,
              -6.040115
            ]
          ],
          [
            [
              105.925868,
              -6.040115
            ],
            [
              105.92591,
              -6.04008
            ]
          ],
          [
            [
              105.92591,
              -6.04008
            ],
            [
              105.925927,
              -6.039977
            ]
          ],
          [
            [
              105.925927,
              -6.039977
            ],
            [
              105.925988,
              -6.039924
            ]
          ],
          [
            [
              105.925988,
              -6.039924
            ],
            [
              105.925994,
              -6.039877
            ]
          ],
          [
            [
              105.925994,
              -6.039877
            ],
            [
              105.926016,
              -6.039847
            ]
          ],
          [
            [
              105.926016,
              -6.039847
            ],
            [
              105.926006,
              -6.039818
            ]
          ],
          [
            [
              105.926006,
              -6.039818
            ],
            [
              105.926051,
              -6.039766
            ]
          ],
          [
            [
              105.926051,
              -6.039766
            ],
            [
              105.92605,
              -6.039705
            ]
          ],
          [
            [
              105.92605,
              -6.039705
            ],
            [
              105.926107,
              -6.039659
            ]
          ],
          [
            [
              105.926107,
              -6.039659
            ],
            [
              105.926078,
              -6.039632
            ]
          ],
          [
            [
              105.926078,
              -6.039632
            ],
            [
              105.926106,
              -6.039617
            ]
          ],
          [
            [
              105.926106,
              -6.039617
            ],
            [
              105.926116,
              -6.03959
            ]
          ],
          [
            [
              105.926116,
              -6.03959
            ],
            [
              105.926146,
              -6.039599
            ]
          ],
          [
            [
              105.926146,
              -6.039599
            ],
            [
              105.926159,
              -6.039578
            ]
          ],
          [
            [
              105.926159,
              -6.039578
            ],
            [
              105.926138,
              -6.039516
            ]
          ],
          [
            [
              105.926138,
              -6.039516
            ],
            [
              105.926218,
              -6.039459
            ]
          ],
          [
            [
              105.926218,
              -6.039459
            ],
            [
              105.926293,
              -6.039337
            ]
          ],
          [
            [
              105.926293,
              -6.039337
            ],
            [
              105.926464,
              -6.039129
            ]
          ],
          [
            [
              105.926464,
              -6.039129
            ],
            [
              105.926878,
              -6.038712
            ]
          ],
          [
            [
              105.926878,
              -6.038712
            ],
            [
              105.926962,
              -6.03865
            ]
          ],
          [
            [
              105.926962,
              -6.03865
            ],
            [
              105.926987,
              -6.0386
            ]
          ],
          [
            [
              105.926987,
              -6.0386
            ],
            [
              105.927021,
              -6.038572
            ]
          ],
          [
            [
              105.927021,
              -6.038572
            ],
            [
              105.927049,
              -6.038491
            ]
          ],
          [
            [
              105.927049,
              -6.038491
            ],
            [
              105.927013,
              -6.038427
            ]
          ],
          [
            [
              105.927013,
              -6.038427
            ],
            [
              105.926949,
              -6.038382
            ]
          ],
          [
            [
              105.926949,
              -6.038382
            ],
            [
              105.926942,
              -6.03835
            ]
          ],
          [
            [
              105.926942,
              -6.03835
            ],
            [
              105.926931,
              -6.038359
            ]
          ],
          [
            [
              105.926931,
              -6.038359
            ],
            [
              105.926933,
              -6.038332
            ]
          ],
          [
            [
              105.926933,
              -6.038332
            ],
            [
              105.927549,
              -6.037663
            ]
          ],
          [
            [
              105.927549,
              -6.037663
            ],
            [
              105.927775,
              -6.037401
            ]
          ],
          [
            [
              105.927775,
              -6.037401
            ],
            [
              105.927908,
              -6.037212
            ]
          ],
          [
            [
              105.927908,
              -6.037212
            ],
            [
              105.927946,
              -6.037185
            ]
          ],
          [
            [
              105.927946,
              -6.037185
            ],
            [
              105.927944,
              -6.037166
            ]
          ],
          [
            [
              105.927944,
              -6.037166
            ],
            [
              105.927965,
              -6.037166
            ]
          ],
          [
            [
              105.927965,
              -6.037166
            ],
            [
              105.928063,
              -6.037037
            ]
          ],
          [
            [
              105.928063,
              -6.037037
            ],
            [
              105.928086,
              -6.037029
            ]
          ],
          [
            [
              105.928086,
              -6.037029
            ],
            [
              105.928098,
              -6.036995
            ]
          ],
          [
            [
              105.928098,
              -6.036995
            ],
            [
              105.928133,
              -6.036974
            ]
          ],
          [
            [
              105.928133,
              -6.036974
            ],
            [
              105.928163,
              -6.036921
            ]
          ],
          [
            [
              105.928163,
              -6.036921
            ],
            [
              105.928172,
              -6.036837
            ]
          ],
          [
            [
              105.928172,
              -6.036837
            ],
            [
              105.928041,
              -6.036713
            ]
          ],
          [
            [
              105.928041,
              -6.036713
            ],
            [
              105.928035,
              -6.036686
            ]
          ],
          [
            [
              105.928035,
              -6.036686
            ],
            [
              105.928066,
              -6.036646
            ]
          ],
          [
            [
              105.928066,
              -6.036646
            ],
            [
              105.928058,
              -6.036632
            ]
          ],
          [
            [
              105.928058,
              -6.036632
            ],
            [
              105.928127,
              -6.036579
            ]
          ],
          [
            [
              105.928127,
              -6.036579
            ],
            [
              105.928441,
              -6.036211
            ]
          ],
          [
            [
              105.928441,
              -6.036211
            ],
            [
              105.928477,
              -6.036227
            ]
          ],
          [
            [
              105.928477,
              -6.036227
            ],
            [
              105.928579,
              -6.036332
            ]
          ],
          [
            [
              105.928579,
              -6.036332
            ],
            [
              105.928687,
              -6.036324
            ]
          ],
          [
            [
              105.928687,
              -6.036324
            ],
            [
              105.928878,
              -6.036118
            ]
          ],
          [
            [
              105.928878,
              -6.036118
            ],
            [
              105.928991,
              -6.036039
            ]
          ],
          [
            [
              105.928991,
              -6.036039
            ],
            [
              105.929015,
              -6.036048
            ]
          ],
          [
            [
              105.929015,
              -6.036048
            ],
            [
              105.929194,
              -6.035328
            ]
          ],
          [
            [
              105.929194,
              -6.035328
            ],
            [
              105.929158,
              -6.035286
            ]
          ],
          [
            [
              105.929158,
              -6.035286
            ],
            [
              105.929192,
              -6.035222
            ]
          ],
          [
            [
              105.929192,
              -6.035222
            ],
            [
              105.929189,
              -6.035177
            ]
          ],
          [
            [
              105.929189,
              -6.035177
            ],
            [
              105.929273,
              -6.035098
            ]
          ],
          [
            [
              105.929273,
              -6.035098
            ],
            [
              105.929359,
              -6.03507
            ]
          ],
          [
            [
              105.929359,
              -6.03507
            ],
            [
              105.929678,
              -6.034855
            ]
          ],
          [
            [
              105.929678,
              -6.034855
            ],
            [
              105.929754,
              -6.034789
            ]
          ],
          [
            [
              105.929754,
              -6.034789
            ],
            [
              105.929854,
              -6.03466
            ]
          ],
          [
            [
              105.929854,
              -6.03466
            ],
            [
              105.93004,
              -6.034494
            ]
          ],
          [
            [
              105.93004,
              -6.034494
            ],
            [
              105.930197,
              -6.034299
            ]
          ],
          [
            [
              105.930197,
              -6.034299
            ],
            [
              105.930301,
              -6.034065
            ]
          ],
          [
            [
              105.930301,
              -6.034065
            ],
            [
              105.93032,
              -6.03388
            ]
          ],
          [
            [
              105.93032,
              -6.03388
            ],
            [
              105.930201,
              -6.033708
            ]
          ],
          [
            [
              105.930201,
              -6.033708
            ],
            [
              105.93013,
              -6.033566
            ]
          ],
          [
            [
              105.93013,
              -6.033566
            ],
            [
              105.930218,
              -6.033458
            ]
          ],
          [
            [
              105.930218,
              -6.033458
            ],
            [
              105.930324,
              -6.033474
            ]
          ],
          [
            [
              105.930324,
              -6.033474
            ],
            [
              105.930427,
              -6.033594
            ]
          ],
          [
            [
              105.930427,
              -6.033594
            ],
            [
              105.930472,
              -6.033598
            ]
          ],
          [
            [
              105.930472,
              -6.033598
            ],
            [
              105.9305,
              -6.033625
            ]
          ],
          [
            [
              105.9305,
              -6.033625
            ],
            [
              105.930564,
              -6.033639
            ]
          ],
          [
            [
              105.930564,
              -6.033639
            ],
            [
              105.930616,
              -6.033676
            ]
          ],
          [
            [
              105.930616,
              -6.033676
            ],
            [
              105.93076,
              -6.033629
            ]
          ],
          [
            [
              105.93076,
              -6.033629
            ],
            [
              105.930916,
              -6.033522
            ]
          ],
          [
            [
              105.930916,
              -6.033522
            ],
            [
              105.930968,
              -6.033437
            ]
          ],
          [
            [
              105.930968,
              -6.033437
            ],
            [
              105.931394,
              -6.032956
            ]
          ],
          [
            [
              105.931394,
              -6.032956
            ],
            [
              105.931478,
              -6.032841
            ]
          ],
          [
            [
              105.931478,
              -6.032841
            ],
            [
              105.931519,
              -6.032838
            ]
          ],
          [
            [
              105.931519,
              -6.032838
            ],
            [
              105.931547,
              -6.032761
            ]
          ],
          [
            [
              105.931547,
              -6.032761
            ],
            [
              105.931689,
              -6.032574
            ]
          ],
          [
            [
              105.931689,
              -6.032574
            ],
            [
              105.931726,
              -6.032577
            ]
          ],
          [
            [
              105.931726,
              -6.032577
            ],
            [
              105.93176,
              -6.032533
            ]
          ],
          [
            [
              105.93176,
              -6.032533
            ],
            [
              105.931778,
              -6.032492
            ]
          ],
          [
            [
              105.931778,
              -6.032492
            ],
            [
              105.931774,
              -6.032456
            ]
          ],
          [
            [
              105.931774,
              -6.032456
            ],
            [
              105.931808,
              -6.032456
            ]
          ],
          [
            [
              105.931808,
              -6.032456
            ],
            [
              105.931915,
              -6.032394
            ]
          ],
          [
            [
              105.931915,
              -6.032394
            ],
            [
              105.931905,
              -6.032357
            ]
          ],
          [
            [
              105.931905,
              -6.032357
            ],
            [
              105.931942,
              -6.032294
            ]
          ],
          [
            [
              105.931942,
              -6.032294
            ],
            [
              105.932079,
              -6.032187
            ]
          ],
          [
            [
              105.932079,
              -6.032187
            ],
            [
              105.9322,
              -6.03205
            ]
          ],
          [
            [
              105.9322,
              -6.03205
            ],
            [
              105.932817,
              -6.031555
            ]
          ],
          [
            [
              105.932817,
              -6.031555
            ],
            [
              105.933053,
              -6.031312
            ]
          ],
          [
            [
              105.933053,
              -6.031312
            ],
            [
              105.93331,
              -6.031117
            ]
          ],
          [
            [
              105.93331,
              -6.031117
            ],
            [
              105.933349,
              -6.031106
            ]
          ],
          [
            [
              105.933349,
              -6.031106
            ],
            [
              105.933399,
              -6.031028
            ]
          ],
          [
            [
              105.933399,
              -6.031028
            ],
            [
              105.933591,
              -6.030885
            ]
          ],
          [
            [
              105.933591,
              -6.030885
            ],
            [
              105.933697,
              -6.030764
            ]
          ],
          [
            [
              105.933697,
              -6.030764
            ],
            [
              105.933706,
              -6.030741
            ]
          ],
          [
            [
              105.933706,
              -6.030741
            ],
            [
              105.933685,
              -6.030697
            ]
          ],
          [
            [
              105.933685,
              -6.030697
            ],
            [
              105.93347,
              -6.030476
            ]
          ],
          [
            [
              105.93347,
              -6.030476
            ],
            [
              105.93346,
              -6.030407
            ]
          ],
          [
            [
              105.93346,
              -6.030407
            ],
            [
              105.933487,
              -6.030318
            ]
          ],
          [
            [
              105.933487,
              -6.030318
            ],
            [
              105.933538,
              -6.030301
            ]
          ],
          [
            [
              105.933538,
              -6.030301
            ],
            [
              105.933578,
              -6.030309
            ]
          ],
          [
            [
              105.933578,
              -6.030309
            ],
            [
              105.933736,
              -6.030446
            ]
          ],
          [
            [
              105.933736,
              -6.030446
            ],
            [
              105.933809,
              -6.030544
            ]
          ],
          [
            [
              105.933809,
              -6.030544
            ],
            [
              105.933871,
              -6.030575
            ]
          ],
          [
            [
              105.933871,
              -6.030575
            ],
            [
              105.933932,
              -6.030554
            ]
          ],
          [
            [
              105.933932,
              -6.030554
            ],
            [
              105.934132,
              -6.030405
            ]
          ],
          [
            [
              105.934132,
              -6.030405
            ],
            [
              105.934131,
              -6.030358
            ]
          ],
          [
            [
              105.934131,
              -6.030358
            ],
            [
              105.934056,
              -6.030193
            ]
          ],
          [
            [
              105.934056,
              -6.030193
            ],
            [
              105.93407,
              -6.03014
            ]
          ],
          [
            [
              105.93407,
              -6.03014
            ],
            [
              105.934126,
              -6.03006
            ]
          ],
          [
            [
              105.934126,
              -6.03006
            ],
            [
              105.934238,
              -6.030011
            ]
          ],
          [
            [
              105.934238,
              -6.030011
            ],
            [
              105.934253,
              -6.029983
            ]
          ],
          [
            [
              105.934253,
              -6.029983
            ],
            [
              105.934326,
              -6.029958
            ]
          ],
          [
            [
              105.934326,
              -6.029958
            ],
            [
              105.934415,
              -6.029959
            ]
          ],
          [
            [
              105.934415,
              -6.029959
            ],
            [
              105.934515,
              -6.030049
            ]
          ],
          [
            [
              105.934515,
              -6.030049
            ],
            [
              105.934554,
              -6.030033
            ]
          ],
          [
            [
              105.934554,
              -6.030033
            ],
            [
              105.934588,
              -6.030004
            ]
          ],
          [
            [
              105.934588,
              -6.030004
            ],
            [
              105.934635,
              -6.029916
            ]
          ],
          [
            [
              105.934635,
              -6.029916
            ],
            [
              105.93491,
              -6.029678
            ]
          ],
          [
            [
              105.93491,
              -6.029678
            ],
            [
              105.935096,
              -6.029548
            ]
          ],
          [
            [
              105.935096,
              -6.029548
            ],
            [
              105.935211,
              -6.029507
            ]
          ],
          [
            [
              105.935211,
              -6.029507
            ],
            [
              105.935256,
              -6.029507
            ]
          ],
          [
            [
              105.935256,
              -6.029507
            ],
            [
              105.935649,
              -6.029138
            ]
          ],
          [
            [
              105.935649,
              -6.029138
            ],
            [
              105.935746,
              -6.02907
            ]
          ],
          [
            [
              105.935746,
              -6.02907
            ],
            [
              105.936075,
              -6.02874
            ]
          ],
          [
            [
              105.936075,
              -6.02874
            ],
            [
              105.936123,
              -6.028713
            ]
          ],
          [
            [
              105.936123,
              -6.028713
            ],
            [
              105.936315,
              -6.028526
            ]
          ],
          [
            [
              105.936315,
              -6.028526
            ],
            [
              105.936358,
              -6.028516
            ]
          ],
          [
            [
              105.936358,
              -6.028516
            ],
            [
              105.936423,
              -6.028419
            ]
          ],
          [
            [
              105.936423,
              -6.028419
            ],
            [
              105.936431,
              -6.028375
            ]
          ],
          [
            [
              105.936431,
              -6.028375
            ],
            [
              105.93641,
              -6.028322
            ]
          ],
          [
            [
              105.93641,
              -6.028322
            ],
            [
              105.936547,
              -6.02822
            ]
          ],
          [
            [
              105.936547,
              -6.02822
            ],
            [
              105.936647,
              -6.028083
            ]
          ],
          [
            [
              105.936647,
              -6.028083
            ],
            [
              105.936746,
              -6.028021
            ]
          ],
          [
            [
              105.936746,
              -6.028021
            ],
            [
              105.936829,
              -6.027929
            ]
          ],
          [
            [
              105.936829,
              -6.027929
            ],
            [
              105.936978,
              -6.027807
            ]
          ],
          [
            [
              105.936978,
              -6.027807
            ],
            [
              105.937,
              -6.027795
            ]
          ],
          [
            [
              105.937,
              -6.027795
            ],
            [
              105.937061,
              -6.027807
            ]
          ],
          [
            [
              105.937061,
              -6.027807
            ],
            [
              105.937147,
              -6.027759
            ]
          ],
          [
            [
              105.937147,
              -6.027759
            ],
            [
              105.937166,
              -6.027706
            ]
          ],
          [
            [
              105.937166,
              -6.027706
            ],
            [
              105.937195,
              -6.027701
            ]
          ],
          [
            [
              105.937195,
              -6.027701
            ],
            [
              105.937376,
              -6.027533
            ]
          ],
          [
            [
              105.937376,
              -6.027533
            ],
            [
              105.937423,
              -6.027514
            ]
          ],
          [
            [
              105.937423,
              -6.027514
            ],
            [
              105.937473,
              -6.027555
            ]
          ],
          [
            [
              105.937473,
              -6.027555
            ],
            [
              105.937442,
              -6.027484
            ]
          ],
          [
            [
              105.937442,
              -6.027484
            ],
            [
              105.937541,
              -6.027372
            ]
          ],
          [
            [
              105.937541,
              -6.027372
            ],
            [
              105.937669,
              -6.027271
            ]
          ],
          [
            [
              105.937669,
              -6.027271
            ],
            [
              105.937803,
              -6.027129
            ]
          ],
          [
            [
              105.937803,
              -6.027129
            ],
            [
              105.937922,
              -6.027049
            ]
          ],
          [
            [
              105.937922,
              -6.027049
            ],
            [
              105.937939,
              -6.027015
            ]
          ],
          [
            [
              105.937939,
              -6.027015
            ],
            [
              105.938022,
              -6.026955
            ]
          ],
          [
            [
              105.938022,
              -6.026955
            ],
            [
              105.938097,
              -6.026874
            ]
          ],
          [
            [
              105.938097,
              -6.026874
            ],
            [
              105.938192,
              -6.026812
            ]
          ],
          [
            [
              105.938192,
              -6.026812
            ],
            [
              105.938245,
              -6.026814
            ]
          ],
          [
            [
              105.938245,
              -6.026814
            ],
            [
              105.93825,
              -6.02675
            ]
          ],
          [
            [
              105.93825,
              -6.02675
            ],
            [
              105.938332,
              -6.026663
            ]
          ],
          [
            [
              105.938332,
              -6.026663
            ],
            [
              105.938374,
              -6.026641
            ]
          ],
          [
            [
              105.938374,
              -6.026641
            ],
            [
              105.938619,
              -6.026403
            ]
          ],
          [
            [
              105.938619,
              -6.026403
            ],
            [
              105.938693,
              -6.026359
            ]
          ],
          [
            [
              105.938693,
              -6.026359
            ],
            [
              105.938972,
              -6.026073
            ]
          ],
          [
            [
              105.938972,
              -6.026073
            ],
            [
              105.939057,
              -6.026068
            ]
          ],
          [
            [
              105.939057,
              -6.026068
            ],
            [
              105.939106,
              -6.026114
            ]
          ],
          [
            [
              105.939106,
              -6.026114
            ],
            [
              105.939133,
              -6.026089
            ]
          ],
          [
            [
              105.939133,
              -6.026089
            ],
            [
              105.939087,
              -6.026011
            ]
          ],
          [
            [
              105.939087,
              -6.026011
            ],
            [
              105.939097,
              -6.025968
            ]
          ],
          [
            [
              105.939097,
              -6.025968
            ],
            [
              105.939384,
              -6.025709
            ]
          ],
          [
            [
              105.939384,
              -6.025709
            ],
            [
              105.939389,
              -6.025688
            ]
          ],
          [
            [
              105.939389,
              -6.025688
            ],
            [
              105.939599,
              -6.025525
            ]
          ],
          [
            [
              105.939599,
              -6.025525
            ],
            [
              105.939599,
              -6.025433
            ]
          ],
          [
            [
              105.939599,
              -6.025433
            ],
            [
              105.939576,
              -6.025357
            ]
          ],
          [
            [
              105.939576,
              -6.025357
            ],
            [
              105.939603,
              -6.025243
            ]
          ],
          [
            [
              105.939603,
              -6.025243
            ],
            [
              105.939609,
              -6.025029
            ]
          ],
          [
            [
              105.939609,
              -6.025029
            ],
            [
              105.939622,
              -6.025018
            ]
          ],
          [
            [
              105.939622,
              -6.025018
            ],
            [
              105.93961,
              -6.024994
            ]
          ],
          [
            [
              105.93961,
              -6.024994
            ],
            [
              105.939625,
              -6.024861
            ]
          ],
          [
            [
              105.939625,
              -6.024861
            ],
            [
              105.939614,
              -6.024718
            ]
          ],
          [
            [
              105.939614,
              -6.024718
            ],
            [
              105.939628,
              -6.024687
            ]
          ],
          [
            [
              105.939628,
              -6.024687
            ],
            [
              105.939616,
              -6.0246
            ]
          ],
          [
            [
              105.939616,
              -6.0246
            ],
            [
              105.939636,
              -6.024502
            ]
          ],
          [
            [
              105.939636,
              -6.024502
            ],
            [
              105.939606,
              -6.024472
            ]
          ],
          [
            [
              105.939606,
              -6.024472
            ],
            [
              105.93962,
              -6.024468
            ]
          ],
          [
            [
              105.93962,
              -6.024468
            ],
            [
              105.939632,
              -6.024423
            ]
          ],
          [
            [
              105.939632,
              -6.024423
            ],
            [
              105.939634,
              -6.024359
            ]
          ],
          [
            [
              105.939634,
              -6.024359
            ],
            [
              105.939617,
              -6.024297
            ]
          ],
          [
            [
              105.939617,
              -6.024297
            ],
            [
              105.939631,
              -6.024285
            ]
          ],
          [
            [
              105.939631,
              -6.024285
            ],
            [
              105.939631,
              -6.0242
            ]
          ],
          [
            [
              105.939631,
              -6.0242
            ],
            [
              105.939681,
              -6.024188
            ]
          ],
          [
            [
              105.939681,
              -6.024188
            ],
            [
              105.939693,
              -6.024142
            ]
          ],
          [
            [
              105.939693,
              -6.024142
            ],
            [
              105.939733,
              -6.024097
            ]
          ],
          [
            [
              105.939733,
              -6.024097
            ],
            [
              105.94029,
              -6.0236
            ]
          ],
          [
            [
              105.94029,
              -6.0236
            ],
            [
              105.940315,
              -6.023558
            ]
          ],
          [
            [
              105.940315,
              -6.023558
            ],
            [
              105.940345,
              -6.023545
            ]
          ],
          [
            [
              105.940345,
              -6.023545
            ],
            [
              105.940407,
              -6.023555
            ]
          ],
          [
            [
              105.940407,
              -6.023555
            ],
            [
              105.940587,
              -6.023632
            ]
          ],
          [
            [
              105.940587,
              -6.023632
            ],
            [
              105.940623,
              -6.023667
            ]
          ],
          [
            [
              105.940623,
              -6.023667
            ],
            [
              105.940838,
              -6.023774
            ]
          ],
          [
            [
              105.940838,
              -6.023774
            ],
            [
              105.940937,
              -6.02379
            ]
          ],
          [
            [
              105.940937,
              -6.02379
            ],
            [
              105.941021,
              -6.023717
            ]
          ],
          [
            [
              105.941021,
              -6.023717
            ],
            [
              105.941102,
              -6.023617
            ]
          ],
          [
            [
              105.941102,
              -6.023617
            ],
            [
              105.941367,
              -6.023153
            ]
          ],
          [
            [
              105.941367,
              -6.023153
            ],
            [
              105.941439,
              -6.02308
            ]
          ],
          [
            [
              105.941439,
              -6.02308
            ],
            [
              105.941484,
              -6.023081
            ]
          ],
          [
            [
              105.941484,
              -6.023081
            ],
            [
              105.941598,
              -6.02298
            ]
          ],
          [
            [
              105.941598,
              -6.02298
            ],
            [
              105.941613,
              -6.022916
            ]
          ],
          [
            [
              105.941613,
              -6.022916
            ],
            [
              105.941563,
              -6.022821
            ]
          ],
          [
            [
              105.941563,
              -6.022821
            ],
            [
              105.941549,
              -6.02277
            ]
          ],
          [
            [
              105.941549,
              -6.02277
            ],
            [
              105.941555,
              -6.022726
            ]
          ],
          [
            [
              105.941555,
              -6.022726
            ],
            [
              105.941534,
              -6.022702
            ]
          ],
          [
            [
              105.941534,
              -6.022702
            ],
            [
              105.94155,
              -6.022708
            ]
          ],
          [
            [
              105.94155,
              -6.022708
            ],
            [
              105.941528,
              -6.022605
            ]
          ],
          [
            [
              105.941528,
              -6.022605
            ],
            [
              105.941543,
              -6.022505
            ]
          ],
          [
            [
              105.941543,
              -6.022505
            ],
            [
              105.941505,
              -6.022345
            ]
          ],
          [
            [
              105.941505,
              -6.022345
            ],
            [
              105.941502,
              -6.022185
            ]
          ],
          [
            [
              105.941502,
              -6.022185
            ],
            [
              105.941558,
              -6.022092
            ]
          ],
          [
            [
              105.941558,
              -6.022092
            ],
            [
              105.941593,
              -6.022071
            ]
          ],
          [
            [
              105.941593,
              -6.022071
            ],
            [
              105.941642,
              -6.021965
            ]
          ],
          [
            [
              105.941642,
              -6.021965
            ],
            [
              105.941685,
              -6.021911
            ]
          ],
          [
            [
              105.941685,
              -6.021911
            ],
            [
              105.941743,
              -6.021739
            ]
          ],
          [
            [
              105.941743,
              -6.021739
            ],
            [
              105.941751,
              -6.021658
            ]
          ],
          [
            [
              105.941751,
              -6.021658
            ],
            [
              105.941825,
              -6.021551
            ]
          ],
          [
            [
              105.941825,
              -6.021551
            ],
            [
              105.941843,
              -6.021443
            ]
          ],
          [
            [
              105.941843,
              -6.021443
            ],
            [
              105.941945,
              -6.02129
            ]
          ],
          [
            [
              105.941945,
              -6.02129
            ],
            [
              105.941983,
              -6.021272
            ]
          ],
          [
            [
              105.941983,
              -6.021272
            ],
            [
              105.941978,
              -6.021259
            ]
          ],
          [
            [
              105.941978,
              -6.021259
            ],
            [
              105.942201,
              -6.021107
            ]
          ],
          [
            [
              105.942201,
              -6.021107
            ],
            [
              105.942226,
              -6.021067
            ]
          ],
          [
            [
              105.942226,
              -6.021067
            ],
            [
              105.942364,
              -6.020999
            ]
          ],
          [
            [
              105.942364,
              -6.020999
            ],
            [
              105.942537,
              -6.020983
            ]
          ],
          [
            [
              105.942537,
              -6.020983
            ],
            [
              105.942707,
              -6.021002
            ]
          ],
          [
            [
              105.942707,
              -6.021002
            ],
            [
              105.942791,
              -6.020967
            ]
          ],
          [
            [
              105.942791,
              -6.020967
            ],
            [
              105.942837,
              -6.020971
            ]
          ],
          [
            [
              105.942837,
              -6.020971
            ],
            [
              105.942892,
              -6.020931
            ]
          ],
          [
            [
              105.942892,
              -6.020931
            ],
            [
              105.943364,
              -6.02075
            ]
          ],
          [
            [
              105.943364,
              -6.02075
            ],
            [
              105.943552,
              -6.020636
            ]
          ],
          [
            [
              105.943552,
              -6.020636
            ],
            [
              105.943578,
              -6.020646
            ]
          ],
          [
            [
              105.943578,
              -6.020646
            ],
            [
              105.943638,
              -6.020621
            ]
          ],
          [
            [
              105.943638,
              -6.020621
            ],
            [
              105.943837,
              -6.020605
            ]
          ],
          [
            [
              105.943837,
              -6.020605
            ],
            [
              105.94386,
              -6.020586
            ]
          ],
          [
            [
              105.94386,
              -6.020586
            ],
            [
              105.944068,
              -6.020542
            ]
          ],
          [
            [
              105.944068,
              -6.020542
            ],
            [
              105.944185,
              -6.0205
            ]
          ],
          [
            [
              105.944185,
              -6.0205
            ],
            [
              105.944376,
              -6.020402
            ]
          ],
          [
            [
              105.944376,
              -6.020402
            ],
            [
              105.944549,
              -6.020353
            ]
          ],
          [
            [
              105.944549,
              -6.020353
            ],
            [
              105.944606,
              -6.020321
            ]
          ],
          [
            [
              105.944606,
              -6.020321
            ],
            [
              105.944672,
              -6.020314
            ]
          ],
          [
            [
              105.944672,
              -6.020314
            ],
            [
              105.944669,
              -6.020287
            ]
          ],
          [
            [
              105.944669,
              -6.020287
            ],
            [
              105.944697,
              -6.020265
            ]
          ],
          [
            [
              105.944697,
              -6.020265
            ],
            [
              105.944821,
              -6.020211
            ]
          ],
          [
            [
              105.944821,
              -6.020211
            ],
            [
              105.94493,
              -6.020197
            ]
          ],
          [
            [
              105.94493,
              -6.020197
            ],
            [
              105.944951,
              -6.020212
            ]
          ],
          [
            [
              105.944951,
              -6.020212
            ],
            [
              105.944976,
              -6.02019
            ]
          ],
          [
            [
              105.944976,
              -6.02019
            ],
            [
              105.945106,
              -6.02018
            ]
          ],
          [
            [
              105.945106,
              -6.02018
            ],
            [
              105.945475,
              -6.020175
            ]
          ],
          [
            [
              105.945475,
              -6.020175
            ],
            [
              105.945561,
              -6.020186
            ]
          ],
          [
            [
              105.945561,
              -6.020186
            ],
            [
              105.945573,
              -6.020203
            ]
          ],
          [
            [
              105.945573,
              -6.020203
            ],
            [
              105.945588,
              -6.020187
            ]
          ],
          [
            [
              105.945588,
              -6.020187
            ],
            [
              105.945674,
              -6.020175
            ]
          ],
          [
            [
              105.945674,
              -6.020175
            ],
            [
              105.945797,
              -6.020176
            ]
          ],
          [
            [
              105.945797,
              -6.020176
            ],
            [
              105.945817,
              -6.020164
            ]
          ],
          [
            [
              105.945817,
              -6.020164
            ],
            [
              105.945814,
              -6.02012
            ]
          ],
          [
            [
              105.945814,
              -6.02012
            ],
            [
              105.945835,
              -6.020164
            ]
          ],
          [
            [
              105.945835,
              -6.020164
            ],
            [
              105.945888,
              -6.020164
            ]
          ],
          [
            [
              105.945888,
              -6.020164
            ],
            [
              105.946041,
              -6.020145
            ]
          ],
          [
            [
              105.946041,
              -6.020145
            ],
            [
              105.946102,
              -6.020153
            ]
          ],
          [
            [
              105.946102,
              -6.020153
            ],
            [
              105.946186,
              -6.020132
            ]
          ],
          [
            [
              105.946186,
              -6.020132
            ],
            [
              105.94634,
              -6.020141
            ]
          ],
          [
            [
              105.94634,
              -6.020141
            ],
            [
              105.946424,
              -6.020114
            ]
          ],
          [
            [
              105.946424,
              -6.020114
            ],
            [
              105.94653,
              -6.020105
            ]
          ],
          [
            [
              105.94653,
              -6.020105
            ],
            [
              105.946666,
              -6.02011
            ]
          ],
          [
            [
              105.946666,
              -6.02011
            ],
            [
              105.946763,
              -6.020082
            ]
          ],
          [
            [
              105.946763,
              -6.020082
            ],
            [
              105.946917,
              -6.020068
            ]
          ],
          [
            [
              105.946917,
              -6.020068
            ],
            [
              105.947038,
              -6.020007
            ]
          ],
          [
            [
              105.947038,
              -6.020007
            ],
            [
              105.94736,
              -6.019931
            ]
          ],
          [
            [
              105.94736,
              -6.019931
            ],
            [
              105.947388,
              -6.019911
            ]
          ],
          [
            [
              105.947388,
              -6.019911
            ],
            [
              105.947704,
              -6.019864
            ]
          ],
          [
            [
              105.947704,
              -6.019864
            ],
            [
              105.947783,
              -6.01989
            ]
          ],
          [
            [
              105.947783,
              -6.01989
            ],
            [
              105.947807,
              -6.019872
            ]
          ],
          [
            [
              105.947807,
              -6.019872
            ],
            [
              105.9478,
              -6.019906
            ]
          ],
          [
            [
              105.9478,
              -6.019906
            ],
            [
              105.947879,
              -6.019998
            ]
          ],
          [
            [
              105.947879,
              -6.019998
            ],
            [
              105.94789,
              -6.020032
            ]
          ],
          [
            [
              105.94789,
              -6.020032
            ],
            [
              105.947927,
              -6.020056
            ]
          ],
          [
            [
              105.947927,
              -6.020056
            ],
            [
              105.948565,
              -6.020814
            ]
          ],
          [
            [
              105.948565,
              -6.020814
            ],
            [
              105.94863,
              -6.02083
            ]
          ],
          [
            [
              105.94863,
              -6.02083
            ],
            [
              105.948615,
              -6.020867
            ]
          ],
          [
            [
              105.948615,
              -6.020867
            ],
            [
              105.948615,
              -6.021006
            ]
          ],
          [
            [
              105.948615,
              -6.021006
            ],
            [
              105.948646,
              -6.021069
            ]
          ],
          [
            [
              105.948646,
              -6.021069
            ],
            [
              105.948633,
              -6.021082
            ]
          ],
          [
            [
              105.948633,
              -6.021082
            ],
            [
              105.94861,
              -6.021074
            ]
          ],
          [
            [
              105.94861,
              -6.021074
            ],
            [
              105.948616,
              -6.021154
            ]
          ],
          [
            [
              105.948616,
              -6.021154
            ],
            [
              105.948559,
              -6.021157
            ]
          ],
          [
            [
              105.948559,
              -6.021157
            ],
            [
              105.948477,
              -6.021224
            ]
          ],
          [
            [
              105.948477,
              -6.021224
            ],
            [
              105.948457,
              -6.021272
            ]
          ],
          [
            [
              105.948457,
              -6.021272
            ],
            [
              105.948475,
              -6.021301
            ]
          ],
          [
            [
              105.948475,
              -6.021301
            ],
            [
              105.948471,
              -6.021331
            ]
          ],
          [
            [
              105.948471,
              -6.021331
            ],
            [
              105.948433,
              -6.021333
            ]
          ],
          [
            [
              105.948433,
              -6.021333
            ],
            [
              105.948434,
              -6.021395
            ]
          ],
          [
            [
              105.948434,
              -6.021395
            ],
            [
              105.948586,
              -6.021484
            ]
          ],
          [
            [
              105.948586,
              -6.021484
            ],
            [
              105.948716,
              -6.021538
            ]
          ],
          [
            [
              105.948716,
              -6.021538
            ],
            [
              105.948938,
              -6.021564
            ]
          ],
          [
            [
              105.948938,
              -6.021564
            ],
            [
              105.949048,
              -6.021572
            ]
          ],
          [
            [
              105.949048,
              -6.021572
            ],
            [
              105.949248,
              -6.021557
            ]
          ],
          [
            [
              105.949248,
              -6.021557
            ],
            [
              105.949306,
              -6.021549
            ]
          ],
          [
            [
              105.949306,
              -6.021549
            ],
            [
              105.949327,
              -6.021528
            ]
          ],
          [
            [
              105.949327,
              -6.021528
            ],
            [
              105.949349,
              -6.021545
            ]
          ],
          [
            [
              105.949349,
              -6.021545
            ],
            [
              105.949404,
              -6.021548
            ]
          ],
          [
            [
              105.949404,
              -6.021548
            ],
            [
              105.949451,
              -6.021498
            ]
          ],
          [
            [
              105.949451,
              -6.021498
            ],
            [
              105.94947,
              -6.021509
            ]
          ],
          [
            [
              105.94947,
              -6.021509
            ],
            [
              105.949474,
              -6.021551
            ]
          ],
          [
            [
              105.949474,
              -6.021551
            ],
            [
              105.94949,
              -6.021552
            ]
          ],
          [
            [
              105.94949,
              -6.021552
            ],
            [
              105.949519,
              -6.021501
            ]
          ],
          [
            [
              105.949519,
              -6.021501
            ],
            [
              105.94957,
              -6.021495
            ]
          ],
          [
            [
              105.94957,
              -6.021495
            ],
            [
              105.949659,
              -6.021561
            ]
          ],
          [
            [
              105.949659,
              -6.021561
            ],
            [
              105.949821,
              -6.021608
            ]
          ],
          [
            [
              105.949821,
              -6.021608
            ],
            [
              105.949819,
              -6.021641
            ]
          ],
          [
            [
              105.949819,
              -6.021641
            ],
            [
              105.949887,
              -6.021657
            ]
          ],
          [
            [
              105.949887,
              -6.021657
            ],
            [
              105.949894,
              -6.021678
            ]
          ],
          [
            [
              105.949894,
              -6.021678
            ],
            [
              105.949923,
              -6.021672
            ]
          ],
          [
            [
              105.949923,
              -6.021672
            ],
            [
              105.949995,
              -6.021748
            ]
          ],
          [
            [
              105.949995,
              -6.021748
            ],
            [
              105.950036,
              -6.021758
            ]
          ],
          [
            [
              105.950036,
              -6.021758
            ],
            [
              105.950038,
              -6.02181
            ]
          ],
          [
            [
              105.950038,
              -6.02181
            ],
            [
              105.950056,
              -6.021833
            ]
          ],
          [
            [
              105.950056,
              -6.021833
            ],
            [
              105.950133,
              -6.021873
            ]
          ],
          [
            [
              105.950133,
              -6.021873
            ],
            [
              105.95012,
              -6.021911
            ]
          ],
          [
            [
              105.95012,
              -6.021911
            ],
            [
              105.950165,
              -6.021919
            ]
          ],
          [
            [
              105.950165,
              -6.021919
            ],
            [
              105.950162,
              -6.021994
            ]
          ],
          [
            [
              105.950162,
              -6.021994
            ],
            [
              105.950221,
              -6.022019
            ]
          ],
          [
            [
              105.950221,
              -6.022019
            ],
            [
              105.950209,
              -6.022061
            ]
          ],
          [
            [
              105.950209,
              -6.022061
            ],
            [
              105.950228,
              -6.022074
            ]
          ],
          [
            [
              105.950228,
              -6.022074
            ],
            [
              105.950214,
              -6.022086
            ]
          ],
          [
            [
              105.950214,
              -6.022086
            ],
            [
              105.950212,
              -6.022152
            ]
          ],
          [
            [
              105.950212,
              -6.022152
            ],
            [
              105.950171,
              -6.022242
            ]
          ],
          [
            [
              105.950171,
              -6.022242
            ],
            [
              105.950082,
              -6.022257
            ]
          ],
          [
            [
              105.950082,
              -6.022257
            ],
            [
              105.950011,
              -6.022313
            ]
          ],
          [
            [
              105.950011,
              -6.022313
            ],
            [
              105.950003,
              -6.02236
            ]
          ],
          [
            [
              105.950003,
              -6.02236
            ],
            [
              105.950025,
              -6.02241
            ]
          ],
          [
            [
              105.950025,
              -6.02241
            ],
            [
              105.950006,
              -6.022409
            ]
          ],
          [
            [
              105.950006,
              -6.022409
            ],
            [
              105.949991,
              -6.02245
            ]
          ],
          [
            [
              105.949991,
              -6.02245
            ],
            [
              105.949965,
              -6.022437
            ]
          ],
          [
            [
              105.949965,
              -6.022437
            ],
            [
              105.949889,
              -6.022489
            ]
          ],
          [
            [
              105.949889,
              -6.022489
            ],
            [
              105.949916,
              -6.0225
            ]
          ],
          [
            [
              105.949916,
              -6.0225
            ],
            [
              105.949923,
              -6.022527
            ]
          ],
          [
            [
              105.949923,
              -6.022527
            ],
            [
              105.949864,
              -6.022578
            ]
          ],
          [
            [
              105.949864,
              -6.022578
            ],
            [
              105.949872,
              -6.022599
            ]
          ],
          [
            [
              105.949872,
              -6.022599
            ],
            [
              105.950085,
              -6.022467
            ]
          ],
          [
            [
              105.950085,
              -6.022467
            ],
            [
              105.950099,
              -6.022445
            ]
          ],
          [
            [
              105.950099,
              -6.022445
            ],
            [
              105.950093,
              -6.022418
            ]
          ],
          [
            [
              105.950093,
              -6.022418
            ],
            [
              105.950112,
              -6.022405
            ]
          ],
          [
            [
              105.950112,
              -6.022405
            ],
            [
              105.950099,
              -6.02238
            ]
          ],
          [
            [
              105.950099,
              -6.02238
            ],
            [
              105.950175,
              -6.022343
            ]
          ],
          [
            [
              105.950175,
              -6.022343
            ],
            [
              105.950184,
              -6.022273
            ]
          ],
          [
            [
              105.950184,
              -6.022273
            ],
            [
              105.950215,
              -6.022251
            ]
          ],
          [
            [
              105.950215,
              -6.022251
            ],
            [
              105.950236,
              -6.02225
            ]
          ],
          [
            [
              105.950236,
              -6.02225
            ],
            [
              105.950239,
              -6.022271
            ]
          ],
          [
            [
              105.950239,
              -6.022271
            ],
            [
              105.95029,
              -6.022295
            ]
          ],
          [
            [
              105.95029,
              -6.022295
            ],
            [
              105.950311,
              -6.02227
            ]
          ],
          [
            [
              105.950311,
              -6.02227
            ],
            [
              105.950336,
              -6.022268
            ]
          ],
          [
            [
              105.950336,
              -6.022268
            ],
            [
              105.950358,
              -6.0223
            ]
          ],
          [
            [
              105.950358,
              -6.0223
            ],
            [
              105.950377,
              -6.02228
            ]
          ],
          [
            [
              105.950377,
              -6.02228
            ],
            [
              105.950381,
              -6.022241
            ]
          ],
          [
            [
              105.950381,
              -6.022241
            ],
            [
              105.950358,
              -6.022218
            ]
          ],
          [
            [
              105.950358,
              -6.022218
            ],
            [
              105.950373,
              -6.022192
            ]
          ],
          [
            [
              105.950373,
              -6.022192
            ],
            [
              105.950466,
              -6.022184
            ]
          ],
          [
            [
              105.950466,
              -6.022184
            ],
            [
              105.950612,
              -6.022125
            ]
          ],
          [
            [
              105.950612,
              -6.022125
            ],
            [
              105.950669,
              -6.022087
            ]
          ],
          [
            [
              105.950669,
              -6.022087
            ],
            [
              105.950696,
              -6.022087
            ]
          ],
          [
            [
              105.950696,
              -6.022087
            ],
            [
              105.950714,
              -6.022059
            ]
          ],
          [
            [
              105.950714,
              -6.022059
            ],
            [
              105.950737,
              -6.022061
            ]
          ],
          [
            [
              105.950737,
              -6.022061
            ],
            [
              105.950769,
              -6.022018
            ]
          ],
          [
            [
              105.950769,
              -6.022018
            ],
            [
              105.950823,
              -6.022013
            ]
          ],
          [
            [
              105.950823,
              -6.022013
            ],
            [
              105.950867,
              -6.021985
            ]
          ],
          [
            [
              105.950867,
              -6.021985
            ],
            [
              105.950899,
              -6.021932
            ]
          ],
          [
            [
              105.950899,
              -6.021932
            ],
            [
              105.950946,
              -6.021942
            ]
          ],
          [
            [
              105.950946,
              -6.021942
            ],
            [
              105.951131,
              -6.021793
            ]
          ],
          [
            [
              105.951131,
              -6.021793
            ],
            [
              105.951149,
              -6.021771
            ]
          ],
          [
            [
              105.951149,
              -6.021771
            ],
            [
              105.951147,
              -6.021733
            ]
          ],
          [
            [
              105.951147,
              -6.021733
            ],
            [
              105.951169,
              -6.021712
            ]
          ],
          [
            [
              105.951169,
              -6.021712
            ],
            [
              105.951198,
              -6.021741
            ]
          ],
          [
            [
              105.951198,
              -6.021741
            ],
            [
              105.951345,
              -6.021625
            ]
          ],
          [
            [
              105.951345,
              -6.021625
            ],
            [
              105.951378,
              -6.021626
            ]
          ],
          [
            [
              105.951378,
              -6.021626
            ],
            [
              105.951418,
              -6.021593
            ]
          ],
          [
            [
              105.951418,
              -6.021593
            ],
            [
              105.951417,
              -6.021535
            ]
          ],
          [
            [
              105.951417,
              -6.021535
            ],
            [
              105.951457,
              -6.021509
            ]
          ],
          [
            [
              105.951457,
              -6.021509
            ],
            [
              105.95148,
              -6.021519
            ]
          ],
          [
            [
              105.95148,
              -6.021519
            ],
            [
              105.951468,
              -6.021499
            ]
          ],
          [
            [
              105.951468,
              -6.021499
            ],
            [
              105.951484,
              -6.021484
            ]
          ],
          [
            [
              105.951484,
              -6.021484
            ],
            [
              105.95154,
              -6.021494
            ]
          ],
          [
            [
              105.95154,
              -6.021494
            ],
            [
              105.951604,
              -6.021472
            ]
          ],
          [
            [
              105.951604,
              -6.021472
            ],
            [
              105.951692,
              -6.021385
            ]
          ],
          [
            [
              105.951692,
              -6.021385
            ],
            [
              105.951719,
              -6.021379
            ]
          ],
          [
            [
              105.951719,
              -6.021379
            ],
            [
              105.951722,
              -6.021358
            ]
          ],
          [
            [
              105.951722,
              -6.021358
            ],
            [
              105.951793,
              -6.021322
            ]
          ],
          [
            [
              105.951793,
              -6.021322
            ],
            [
              105.951952,
              -6.021173
            ]
          ],
          [
            [
              105.951952,
              -6.021173
            ],
            [
              105.951968,
              -6.021107
            ]
          ],
          [
            [
              105.951968,
              -6.021107
            ],
            [
              105.952049,
              -6.020997
            ]
          ],
          [
            [
              105.952049,
              -6.020997
            ],
            [
              105.952035,
              -6.020957
            ]
          ],
          [
            [
              105.952035,
              -6.020957
            ],
            [
              105.952104,
              -6.020926
            ]
          ],
          [
            [
              105.952104,
              -6.020926
            ],
            [
              105.952094,
              -6.020635
            ]
          ],
          [
            [
              105.952094,
              -6.020635
            ],
            [
              105.952106,
              -6.020588
            ]
          ],
          [
            [
              105.952106,
              -6.020588
            ],
            [
              105.952164,
              -6.020567
            ]
          ],
          [
            [
              105.952164,
              -6.020567
            ],
            [
              105.952169,
              -6.02054
            ]
          ],
          [
            [
              105.952169,
              -6.02054
            ],
            [
              105.952209,
              -6.020497
            ]
          ],
          [
            [
              105.952209,
              -6.020497
            ],
            [
              105.952206,
              -6.020428
            ]
          ],
          [
            [
              105.952206,
              -6.020428
            ],
            [
              105.952175,
              -6.020407
            ]
          ],
          [
            [
              105.952175,
              -6.020407
            ],
            [
              105.952181,
              -6.020382
            ]
          ],
          [
            [
              105.952181,
              -6.020382
            ],
            [
              105.952206,
              -6.020374
            ]
          ],
          [
            [
              105.952206,
              -6.020374
            ],
            [
              105.952161,
              -6.020335
            ]
          ],
          [
            [
              105.952161,
              -6.020335
            ],
            [
              105.952164,
              -6.020289
            ]
          ],
          [
            [
              105.952164,
              -6.020289
            ],
            [
              105.9522,
              -6.020229
            ]
          ],
          [
            [
              105.9522,
              -6.020229
            ],
            [
              105.952278,
              -6.020235
            ]
          ],
          [
            [
              105.952278,
              -6.020235
            ],
            [
              105.952295,
              -6.020259
            ]
          ],
          [
            [
              105.952295,
              -6.020259
            ],
            [
              105.952305,
              -6.020239
            ]
          ],
          [
            [
              105.952305,
              -6.020239
            ],
            [
              105.952282,
              -6.020187
            ]
          ],
          [
            [
              105.952282,
              -6.020187
            ],
            [
              105.952228,
              -6.020188
            ]
          ],
          [
            [
              105.952228,
              -6.020188
            ],
            [
              105.952191,
              -6.020151
            ]
          ],
          [
            [
              105.952191,
              -6.020151
            ],
            [
              105.952204,
              -6.02011
            ]
          ],
          [
            [
              105.952204,
              -6.02011
            ],
            [
              105.952237,
              -6.020089
            ]
          ],
          [
            [
              105.952237,
              -6.020089
            ],
            [
              105.952191,
              -6.02
            ]
          ],
          [
            [
              105.952191,
              -6.02
            ],
            [
              105.95215,
              -6.01998
            ]
          ],
          [
            [
              105.95215,
              -6.01998
            ],
            [
              105.952127,
              -6.019886
            ]
          ],
          [
            [
              105.952127,
              -6.019886
            ],
            [
              105.952107,
              -6.01987
            ]
          ],
          [
            [
              105.952107,
              -6.01987
            ],
            [
              105.952105,
              -6.019814
            ]
          ],
          [
            [
              105.952105,
              -6.019814
            ],
            [
              105.952077,
              -6.019759
            ]
          ],
          [
            [
              105.952077,
              -6.019759
            ],
            [
              105.952053,
              -6.01975
            ]
          ],
          [
            [
              105.952053,
              -6.01975
            ],
            [
              105.952025,
              -6.019707
            ]
          ],
          [
            [
              105.952025,
              -6.019707
            ],
            [
              105.951997,
              -6.019591
            ]
          ],
          [
            [
              105.951997,
              -6.019591
            ],
            [
              105.95191,
              -6.019476
            ]
          ],
          [
            [
              105.95191,
              -6.019476
            ],
            [
              105.951903,
              -6.019423
            ]
          ],
          [
            [
              105.951903,
              -6.019423
            ],
            [
              105.951787,
              -6.019277
            ]
          ],
          [
            [
              105.951787,
              -6.019277
            ],
            [
              105.951772,
              -6.019221
            ]
          ],
          [
            [
              105.951772,
              -6.019221
            ],
            [
              105.951798,
              -6.019146
            ]
          ],
          [
            [
              105.951798,
              -6.019146
            ],
            [
              105.951858,
              -6.019089
            ]
          ],
          [
            [
              105.951858,
              -6.019089
            ],
            [
              105.952034,
              -6.018783
            ]
          ],
          [
            [
              105.952034,
              -6.018783
            ],
            [
              105.952108,
              -6.018559
            ]
          ],
          [
            [
              105.952108,
              -6.018559
            ],
            [
              105.952096,
              -6.018513
            ]
          ],
          [
            [
              105.952096,
              -6.018513
            ],
            [
              105.952159,
              -6.018391
            ]
          ],
          [
            [
              105.952159,
              -6.018391
            ],
            [
              105.95225,
              -6.018296
            ]
          ],
          [
            [
              105.95225,
              -6.018296
            ],
            [
              105.952335,
              -6.018239
            ]
          ],
          [
            [
              105.952335,
              -6.018239
            ],
            [
              105.952473,
              -6.018106
            ]
          ],
          [
            [
              105.952473,
              -6.018106
            ],
            [
              105.952526,
              -6.018077
            ]
          ],
          [
            [
              105.952526,
              -6.018077
            ],
            [
              105.952597,
              -6.018006
            ]
          ],
          [
            [
              105.952597,
              -6.018006
            ],
            [
              105.952626,
              -6.017944
            ]
          ],
          [
            [
              105.952626,
              -6.017944
            ],
            [
              105.952732,
              -6.017904
            ]
          ],
          [
            [
              105.952732,
              -6.017904
            ],
            [
              105.952763,
              -6.017914
            ]
          ],
          [
            [
              105.952763,
              -6.017914
            ],
            [
              105.952884,
              -6.017893
            ]
          ],
          [
            [
              105.952884,
              -6.017893
            ],
            [
              105.953007,
              -6.017838
            ]
          ],
          [
            [
              105.953007,
              -6.017838
            ],
            [
              105.953047,
              -6.017804
            ]
          ],
          [
            [
              105.953047,
              -6.017804
            ],
            [
              105.953137,
              -6.017777
            ]
          ],
          [
            [
              105.953137,
              -6.017777
            ],
            [
              105.95318,
              -6.017737
            ]
          ],
          [
            [
              105.95318,
              -6.017737
            ],
            [
              105.95323,
              -6.017735
            ]
          ],
          [
            [
              105.95323,
              -6.017735
            ],
            [
              105.95332,
              -6.017679
            ]
          ],
          [
            [
              105.95332,
              -6.017679
            ],
            [
              105.953417,
              -6.017656
            ]
          ],
          [
            [
              105.953417,
              -6.017656
            ],
            [
              105.953464,
              -6.017609
            ]
          ],
          [
            [
              105.953464,
              -6.017609
            ],
            [
              105.953561,
              -6.017642
            ]
          ],
          [
            [
              105.953561,
              -6.017642
            ],
            [
              105.953644,
              -6.017727
            ]
          ],
          [
            [
              105.953644,
              -6.017727
            ],
            [
              105.95367,
              -6.017734
            ]
          ],
          [
            [
              105.95367,
              -6.017734
            ],
            [
              105.953698,
              -6.017789
            ]
          ],
          [
            [
              105.953698,
              -6.017789
            ],
            [
              105.953781,
              -6.017857
            ]
          ],
          [
            [
              105.953781,
              -6.017857
            ],
            [
              105.953815,
              -6.017908
            ]
          ],
          [
            [
              105.953815,
              -6.017908
            ],
            [
              105.953878,
              -6.017929
            ]
          ],
          [
            [
              105.953878,
              -6.017929
            ],
            [
              105.953898,
              -6.017983
            ]
          ],
          [
            [
              105.953898,
              -6.017983
            ],
            [
              105.953926,
              -6.017998
            ]
          ],
          [
            [
              105.953926,
              -6.017998
            ],
            [
              105.954401,
              -6.017658
            ]
          ],
          [
            [
              105.954401,
              -6.017658
            ],
            [
              105.954448,
              -6.017701
            ]
          ],
          [
            [
              105.954448,
              -6.017701
            ],
            [
              105.954506,
              -6.01768
            ]
          ],
          [
            [
              105.954506,
              -6.01768
            ],
            [
              105.954555,
              -6.017737
            ]
          ],
          [
            [
              105.954555,
              -6.017737
            ],
            [
              105.954616,
              -6.017753
            ]
          ],
          [
            [
              105.954616,
              -6.017753
            ],
            [
              105.95473,
              -6.017715
            ]
          ],
          [
            [
              105.95473,
              -6.017715
            ],
            [
              105.955203,
              -6.017756
            ]
          ],
          [
            [
              105.955203,
              -6.017756
            ],
            [
              105.955422,
              -6.017966
            ]
          ],
          [
            [
              105.955422,
              -6.017966
            ],
            [
              105.957246,
              -6.019852
            ]
          ],
          [
            [
              105.957246,
              -6.019852
            ],
            [
              105.957163,
              -6.019946
            ]
          ],
          [
            [
              105.957163,
              -6.019946
            ],
            [
              105.957115,
              -6.019953
            ]
          ],
          [
            [
              105.957115,
              -6.019953
            ],
            [
              105.957142,
              -6.020014
            ]
          ],
          [
            [
              105.957142,
              -6.020014
            ],
            [
              105.957045,
              -6.020091
            ]
          ],
          [
            [
              105.957045,
              -6.020091
            ],
            [
              105.95716,
              -6.020038
            ]
          ],
          [
            [
              105.95716,
              -6.020038
            ],
            [
              105.957196,
              -6.020049
            ]
          ],
          [
            [
              105.957196,
              -6.020049
            ],
            [
              105.95731,
              -6.020142
            ]
          ],
          [
            [
              105.95731,
              -6.020142
            ],
            [
              105.957453,
              -6.020085
            ]
          ],
          [
            [
              105.957453,
              -6.020085
            ],
            [
              105.957564,
              -6.020116
            ]
          ],
          [
            [
              105.957564,
              -6.020116
            ],
            [
              105.957585,
              -6.020072
            ]
          ],
          [
            [
              105.957585,
              -6.020072
            ],
            [
              105.957525,
              -6.019962
            ]
          ],
          [
            [
              105.957525,
              -6.019962
            ],
            [
              105.957532,
              -6.019907
            ]
          ],
          [
            [
              105.957532,
              -6.019907
            ],
            [
              105.957516,
              -6.019917
            ]
          ],
          [
            [
              105.957516,
              -6.019917
            ],
            [
              105.95752,
              -6.019894
            ]
          ],
          [
            [
              105.95752,
              -6.019894
            ],
            [
              105.957626,
              -6.019805
            ]
          ],
          [
            [
              105.957626,
              -6.019805
            ],
            [
              105.957718,
              -6.019896
            ]
          ],
          [
            [
              105.957718,
              -6.019896
            ],
            [
              105.957838,
              -6.019837
            ]
          ],
          [
            [
              105.957838,
              -6.019837
            ],
            [
              105.957885,
              -6.019761
            ]
          ],
          [
            [
              105.957885,
              -6.019761
            ],
            [
              105.957885,
              -6.019599
            ]
          ],
          [
            [
              105.957885,
              -6.019599
            ],
            [
              105.957861,
              -6.019485
            ]
          ],
          [
            [
              105.957861,
              -6.019485
            ],
            [
              105.958085,
              -6.01928
            ]
          ],
          [
            [
              105.958085,
              -6.01928
            ],
            [
              105.958214,
              -6.019304
            ]
          ],
          [
            [
              105.958214,
              -6.019304
            ],
            [
              105.958409,
              -6.019233
            ]
          ],
          [
            [
              105.958409,
              -6.019233
            ],
            [
              105.958604,
              -6.01909
            ]
          ],
          [
            [
              105.958604,
              -6.01909
            ],
            [
              105.958709,
              -6.018885
            ]
          ],
          [
            [
              105.958709,
              -6.018885
            ],
            [
              105.958713,
              -6.018824
            ]
          ],
          [
            [
              105.958713,
              -6.018824
            ],
            [
              105.958594,
              -6.018714
            ]
          ],
          [
            [
              105.958594,
              -6.018714
            ],
            [
              105.958647,
              -6.018638
            ]
          ],
          [
            [
              105.958647,
              -6.018638
            ],
            [
              105.958822,
              -6.018501
            ]
          ],
          [
            [
              105.958822,
              -6.018501
            ],
            [
              105.958772,
              -6.018445
            ]
          ],
          [
            [
              105.958772,
              -6.018445
            ],
            [
              105.958705,
              -6.018435
            ]
          ],
          [
            [
              105.958705,
              -6.018435
            ],
            [
              105.958655,
              -6.018385
            ]
          ],
          [
            [
              105.958655,
              -6.018385
            ],
            [
              105.958649,
              -6.018354
            ]
          ],
          [
            [
              105.958649,
              -6.018354
            ],
            [
              105.958621,
              -6.018352
            ]
          ],
          [
            [
              105.958621,
              -6.018352
            ],
            [
              105.958433,
              -6.018149
            ]
          ],
          [
            [
              105.958433,
              -6.018149
            ],
            [
              105.958369,
              -6.018121
            ]
          ],
          [
            [
              105.958369,
              -6.018121
            ],
            [
              105.958302,
              -6.018048
            ]
          ],
          [
            [
              105.958302,
              -6.018048
            ],
            [
              105.958278,
              -6.018046
            ]
          ],
          [
            [
              105.958278,
              -6.018046
            ],
            [
              105.958254,
              -6.018073
            ]
          ],
          [
            [
              105.958254,
              -6.018073
            ],
            [
              105.958193,
              -6.018094
            ]
          ],
          [
            [
              105.958193,
              -6.018094
            ],
            [
              105.958124,
              -6.018021
            ]
          ],
          [
            [
              105.958124,
              -6.018021
            ],
            [
              105.958054,
              -6.017975
            ]
          ],
          [
            [
              105.958054,
              -6.017975
            ],
            [
              105.958026,
              -6.017922
            ]
          ],
          [
            [
              105.958026,
              -6.017922
            ],
            [
              105.957702,
              -6.017527
            ]
          ],
          [
            [
              105.957702,
              -6.017527
            ],
            [
              105.957698,
              -6.017502
            ]
          ],
          [
            [
              105.957698,
              -6.017502
            ],
            [
              105.957633,
              -6.017441
            ]
          ],
          [
            [
              105.957633,
              -6.017441
            ],
            [
              105.957676,
              -6.017387
            ]
          ],
          [
            [
              105.957676,
              -6.017387
            ],
            [
              105.957656,
              -6.017331
            ]
          ],
          [
            [
              105.957656,
              -6.017331
            ],
            [
              105.957527,
              -6.0172
            ]
          ],
          [
            [
              105.957527,
              -6.0172
            ],
            [
              105.957468,
              -6.01725
            ]
          ],
          [
            [
              105.957468,
              -6.01725
            ],
            [
              105.957437,
              -6.017235
            ]
          ],
          [
            [
              105.957437,
              -6.017235
            ],
            [
              105.957365,
              -6.017145
            ]
          ],
          [
            [
              105.957365,
              -6.017145
            ],
            [
              105.957418,
              -6.017075
            ]
          ],
          [
            [
              105.957418,
              -6.017075
            ],
            [
              105.957399,
              -6.017043
            ]
          ],
          [
            [
              105.957399,
              -6.017043
            ],
            [
              105.957382,
              -6.017038
            ]
          ],
          [
            [
              105.957382,
              -6.017038
            ],
            [
              105.957303,
              -6.017085
            ]
          ],
          [
            [
              105.957303,
              -6.017085
            ],
            [
              105.957244,
              -6.017033
            ]
          ],
          [
            [
              105.957244,
              -6.017033
            ],
            [
              105.957034,
              -6.016795
            ]
          ],
          [
            [
              105.957034,
              -6.016795
            ],
            [
              105.957091,
              -6.016728
            ]
          ],
          [
            [
              105.957091,
              -6.016728
            ],
            [
              105.957065,
              -6.016695
            ]
          ],
          [
            [
              105.957065,
              -6.016695
            ],
            [
              105.957046,
              -6.016687
            ]
          ],
          [
            [
              105.957046,
              -6.016687
            ],
            [
              105.956974,
              -6.016732
            ]
          ],
          [
            [
              105.956974,
              -6.016732
            ],
            [
              105.956881,
              -6.016639
            ]
          ],
          [
            [
              105.956881,
              -6.016639
            ],
            [
              105.956876,
              -6.016612
            ]
          ],
          [
            [
              105.956876,
              -6.016612
            ],
            [
              105.956911,
              -6.016586
            ]
          ],
          [
            [
              105.956911,
              -6.016586
            ],
            [
              105.956923,
              -6.016551
            ]
          ],
          [
            [
              105.956923,
              -6.016551
            ],
            [
              105.956803,
              -6.016416
            ]
          ],
          [
            [
              105.956803,
              -6.016416
            ],
            [
              105.956836,
              -6.016369
            ]
          ],
          [
            [
              105.956836,
              -6.016369
            ],
            [
              105.956797,
              -6.016351
            ]
          ],
          [
            [
              105.956797,
              -6.016351
            ],
            [
              105.956769,
              -6.0163
            ]
          ],
          [
            [
              105.956769,
              -6.0163
            ],
            [
              105.956788,
              -6.01618
            ]
          ],
          [
            [
              105.956788,
              -6.01618
            ],
            [
              105.956726,
              -6.016143
            ]
          ],
          [
            [
              105.956726,
              -6.016143
            ],
            [
              105.956443,
              -6.01584
            ]
          ],
          [
            [
              105.956443,
              -6.01584
            ],
            [
              105.956382,
              -6.015827
            ]
          ],
          [
            [
              105.956382,
              -6.015827
            ],
            [
              105.956372,
              -6.015773
            ]
          ],
          [
            [
              105.956372,
              -6.015773
            ],
            [
              105.956342,
              -6.015761
            ]
          ],
          [
            [
              105.956342,
              -6.015761
            ],
            [
              105.956226,
              -6.015647
            ]
          ],
          [
            [
              105.956226,
              -6.015647
            ],
            [
              105.956215,
              -6.01562
            ]
          ],
          [
            [
              105.956215,
              -6.01562
            ],
            [
              105.956186,
              -6.015608
            ]
          ],
          [
            [
              105.956186,
              -6.015608
            ],
            [
              105.956151,
              -6.015539
            ]
          ],
          [
            [
              105.956151,
              -6.015539
            ],
            [
              105.956134,
              -6.015554
            ]
          ],
          [
            [
              105.956134,
              -6.015554
            ],
            [
              105.956099,
              -6.015483
            ]
          ],
          [
            [
              105.956099,
              -6.015483
            ],
            [
              105.955987,
              -6.015402
            ]
          ],
          [
            [
              105.955987,
              -6.015402
            ],
            [
              105.955947,
              -6.01533
            ]
          ],
          [
            [
              105.955947,
              -6.01533
            ],
            [
              105.95585,
              -6.015236
            ]
          ],
          [
            [
              105.95585,
              -6.015236
            ],
            [
              105.955848,
              -6.015206
            ]
          ],
          [
            [
              105.955848,
              -6.015206
            ],
            [
              105.955763,
              -6.015108
            ]
          ],
          [
            [
              105.955763,
              -6.015108
            ],
            [
              105.955728,
              -6.014892
            ]
          ],
          [
            [
              105.955728,
              -6.014892
            ],
            [
              105.955816,
              -6.014663
            ]
          ],
          [
            [
              105.955816,
              -6.014663
            ],
            [
              105.95591,
              -6.014602
            ]
          ],
          [
            [
              105.95591,
              -6.014602
            ],
            [
              105.955932,
              -6.01454
            ]
          ],
          [
            [
              105.955932,
              -6.01454
            ],
            [
              105.95601,
              -6.014454
            ]
          ],
          [
            [
              105.95601,
              -6.014454
            ],
            [
              105.956016,
              -6.014427
            ]
          ],
          [
            [
              105.956016,
              -6.014427
            ],
            [
              105.95606,
              -6.014405
            ]
          ],
          [
            [
              105.95606,
              -6.014405
            ],
            [
              105.956188,
              -6.01428
            ]
          ],
          [
            [
              105.956188,
              -6.01428
            ],
            [
              105.956206,
              -6.014284
            ]
          ],
          [
            [
              105.956206,
              -6.014284
            ],
            [
              105.956202,
              -6.014258
            ]
          ],
          [
            [
              105.956202,
              -6.014258
            ],
            [
              105.956248,
              -6.014203
            ]
          ],
          [
            [
              105.956248,
              -6.014203
            ],
            [
              105.956324,
              -6.014159
            ]
          ],
          [
            [
              105.956324,
              -6.014159
            ],
            [
              105.956342,
              -6.014114
            ]
          ],
          [
            [
              105.956342,
              -6.014114
            ],
            [
              105.956423,
              -6.014063
            ]
          ],
          [
            [
              105.956423,
              -6.014063
            ],
            [
              105.956424,
              -6.014039
            ]
          ],
          [
            [
              105.956424,
              -6.014039
            ],
            [
              105.956463,
              -6.013992
            ]
          ],
          [
            [
              105.956463,
              -6.013992
            ],
            [
              105.95655,
              -6.013949
            ]
          ],
          [
            [
              105.95655,
              -6.013949
            ],
            [
              105.956557,
              -6.013928
            ]
          ],
          [
            [
              105.956557,
              -6.013928
            ],
            [
              105.956664,
              -6.013857
            ]
          ],
          [
            [
              105.956664,
              -6.013857
            ],
            [
              105.95682,
              -6.013695
            ]
          ],
          [
            [
              105.95682,
              -6.013695
            ],
            [
              105.956849,
              -6.013685
            ]
          ],
          [
            [
              105.956849,
              -6.013685
            ],
            [
              105.956958,
              -6.01358
            ]
          ],
          [
            [
              105.956958,
              -6.01358
            ],
            [
              105.956958,
              -6.013549
            ]
          ],
          [
            [
              105.956958,
              -6.013549
            ],
            [
              105.957025,
              -6.013511
            ]
          ],
          [
            [
              105.957025,
              -6.013511
            ],
            [
              105.95716,
              -6.013373
            ]
          ],
          [
            [
              105.95716,
              -6.013373
            ],
            [
              105.957188,
              -6.013281
            ]
          ],
          [
            [
              105.957188,
              -6.013281
            ],
            [
              105.957229,
              -6.013258
            ]
          ],
          [
            [
              105.957229,
              -6.013258
            ],
            [
              105.957237,
              -6.013195
            ]
          ],
          [
            [
              105.957237,
              -6.013195
            ],
            [
              105.957427,
              -6.01286
            ]
          ],
          [
            [
              105.957427,
              -6.01286
            ],
            [
              105.958745,
              -6.011633
            ]
          ],
          [
            [
              105.958745,
              -6.011633
            ],
            [
              105.958813,
              -6.011652
            ]
          ],
          [
            [
              105.958813,
              -6.011652
            ],
            [
              105.959118,
              -6.011871
            ]
          ],
          [
            [
              105.959118,
              -6.011871
            ],
            [
              105.959518,
              -6.012347
            ]
          ],
          [
            [
              105.959518,
              -6.012347
            ],
            [
              105.959727,
              -6.012451
            ]
          ],
          [
            [
              105.959727,
              -6.012451
            ],
            [
              105.960003,
              -6.012385
            ]
          ],
          [
            [
              105.960003,
              -6.012385
            ],
            [
              105.96066,
              -6.01209
            ]
          ],
          [
            [
              105.96066,
              -6.01209
            ],
            [
              105.962582,
              -6.010957
            ]
          ],
          [
            [
              105.962582,
              -6.010957
            ],
            [
              105.96381,
              -6.010186
            ]
          ],
          [
            [
              105.96381,
              -6.010186
            ],
            [
              105.96435,
              -6.009803
            ]
          ],
          [
            [
              105.96435,
              -6.009803
            ],
            [
              105.964509,
              -6.009862
            ]
          ],
          [
            [
              105.964509,
              -6.009862
            ],
            [
              105.964517,
              -6.009917
            ]
          ],
          [
            [
              105.964517,
              -6.009917
            ],
            [
              105.964545,
              -6.009956
            ]
          ],
          [
            [
              105.964545,
              -6.009956
            ],
            [
              105.964525,
              -6.009969
            ]
          ],
          [
            [
              105.964525,
              -6.009969
            ],
            [
              105.964532,
              -6.009984
            ]
          ],
          [
            [
              105.964532,
              -6.009984
            ],
            [
              105.96467,
              -6.01005
            ]
          ],
          [
            [
              105.96467,
              -6.01005
            ],
            [
              105.964952,
              -6.009901
            ]
          ],
          [
            [
              105.964952,
              -6.009901
            ],
            [
              105.965495,
              -6.009558
            ]
          ],
          [
            [
              105.965495,
              -6.009558
            ],
            [
              105.965552,
              -6.009548
            ]
          ],
          [
            [
              105.965552,
              -6.009548
            ],
            [
              105.965647,
              -6.009644
            ]
          ],
          [
            [
              105.965647,
              -6.009644
            ],
            [
              105.965863,
              -6.009965
            ]
          ],
          [
            [
              105.965863,
              -6.009965
            ],
            [
              105.966225,
              -6.010257
            ]
          ],
          [
            [
              105.966225,
              -6.010257
            ],
            [
              105.966419,
              -6.010486
            ]
          ],
          [
            [
              105.966419,
              -6.010486
            ],
            [
              105.966526,
              -6.010579
            ]
          ],
          [
            [
              105.966526,
              -6.010579
            ],
            [
              105.966615,
              -6.010714
            ]
          ],
          [
            [
              105.966615,
              -6.010714
            ],
            [
              105.966637,
              -6.010725
            ]
          ],
          [
            [
              105.966637,
              -6.010725
            ],
            [
              105.966695,
              -6.010708
            ]
          ],
          [
            [
              105.966695,
              -6.010708
            ],
            [
              105.966675,
              -6.010744
            ]
          ],
          [
            [
              105.966675,
              -6.010744
            ],
            [
              105.966654,
              -6.010752
            ]
          ],
          [
            [
              105.966654,
              -6.010752
            ],
            [
              105.966657,
              -6.010767
            ]
          ],
          [
            [
              105.966657,
              -6.010767
            ],
            [
              105.966787,
              -6.010909
            ]
          ],
          [
            [
              105.966787,
              -6.010909
            ],
            [
              105.966901,
              -6.011089
            ]
          ],
          [
            [
              105.966901,
              -6.011089
            ],
            [
              105.966967,
              -6.011165
            ]
          ],
          [
            [
              105.966967,
              -6.011165
            ],
            [
              105.96701,
              -6.01119
            ]
          ],
          [
            [
              105.96701,
              -6.01119
            ],
            [
              105.967022,
              -6.011233
            ]
          ],
          [
            [
              105.967022,
              -6.011233
            ],
            [
              105.967157,
              -6.011359
            ]
          ],
          [
            [
              105.967157,
              -6.011359
            ],
            [
              105.967165,
              -6.011388
            ]
          ],
          [
            [
              105.967165,
              -6.011388
            ],
            [
              105.967444,
              -6.011711
            ]
          ],
          [
            [
              105.967444,
              -6.011711
            ],
            [
              105.967566,
              -6.011809
            ]
          ],
          [
            [
              105.967566,
              -6.011809
            ],
            [
              105.967585,
              -6.011865
            ]
          ],
          [
            [
              105.967585,
              -6.011865
            ],
            [
              105.967643,
              -6.011941
            ]
          ],
          [
            [
              105.967643,
              -6.011941
            ],
            [
              105.967719,
              -6.01196
            ]
          ],
          [
            [
              105.967719,
              -6.01196
            ],
            [
              105.967717,
              -6.011978
            ]
          ],
          [
            [
              105.967717,
              -6.011978
            ],
            [
              105.967774,
              -6.011961
            ]
          ],
          [
            [
              105.967774,
              -6.011961
            ],
            [
              105.967778,
              -6.011943
            ]
          ],
          [
            [
              105.967778,
              -6.011943
            ],
            [
              105.967823,
              -6.011918
            ]
          ],
          [
            [
              105.967823,
              -6.011918
            ],
            [
              105.967854,
              -6.011924
            ]
          ],
          [
            [
              105.967854,
              -6.011924
            ],
            [
              105.967966,
              -6.011824
            ]
          ],
          [
            [
              105.967966,
              -6.011824
            ],
            [
              105.968027,
              -6.011764
            ]
          ],
          [
            [
              105.968027,
              -6.011764
            ],
            [
              105.967991,
              -6.011715
            ]
          ],
          [
            [
              105.967991,
              -6.011715
            ],
            [
              105.96807,
              -6.011714
            ]
          ],
          [
            [
              105.96807,
              -6.011714
            ],
            [
              105.968088,
              -6.011681
            ]
          ],
          [
            [
              105.968088,
              -6.011681
            ],
            [
              105.968138,
              -6.011665
            ]
          ],
          [
            [
              105.968138,
              -6.011665
            ],
            [
              105.968251,
              -6.011566
            ]
          ],
          [
            [
              105.968251,
              -6.011566
            ],
            [
              105.968284,
              -6.011555
            ]
          ],
          [
            [
              105.968284,
              -6.011555
            ],
            [
              105.968393,
              -6.01143
            ]
          ],
          [
            [
              105.968393,
              -6.01143
            ],
            [
              105.968491,
              -6.011355
            ]
          ],
          [
            [
              105.968491,
              -6.011355
            ],
            [
              105.968497,
              -6.011306
            ]
          ],
          [
            [
              105.968497,
              -6.011306
            ],
            [
              105.968555,
              -6.011273
            ]
          ],
          [
            [
              105.968555,
              -6.011273
            ],
            [
              105.968563,
              -6.011249
            ]
          ],
          [
            [
              105.968563,
              -6.011249
            ],
            [
              105.968588,
              -6.011252
            ]
          ],
          [
            [
              105.968588,
              -6.011252
            ],
            [
              105.968633,
              -6.011225
            ]
          ],
          [
            [
              105.968633,
              -6.011225
            ],
            [
              105.968923,
              -6.010909
            ]
          ],
          [
            [
              105.968923,
              -6.010909
            ],
            [
              105.968982,
              -6.010907
            ]
          ],
          [
            [
              105.968982,
              -6.010907
            ],
            [
              105.969048,
              -6.010877
            ]
          ],
          [
            [
              105.969048,
              -6.010877
            ],
            [
              105.969137,
              -6.010884
            ]
          ],
          [
            [
              105.969137,
              -6.010884
            ],
            [
              105.969139,
              -6.01091
            ]
          ],
          [
            [
              105.969139,
              -6.01091
            ],
            [
              105.969193,
              -6.010961
            ]
          ],
          [
            [
              105.969193,
              -6.010961
            ],
            [
              105.969212,
              -6.010928
            ]
          ],
          [
            [
              105.969212,
              -6.010928
            ],
            [
              105.969226,
              -6.010931
            ]
          ],
          [
            [
              105.969226,
              -6.010931
            ],
            [
              105.969282,
              -6.010977
            ]
          ],
          [
            [
              105.969282,
              -6.010977
            ],
            [
              105.969291,
              -6.011018
            ]
          ],
          [
            [
              105.969291,
              -6.011018
            ],
            [
              105.969332,
              -6.011046
            ]
          ],
          [
            [
              105.969332,
              -6.011046
            ],
            [
              105.96941,
              -6.011053
            ]
          ],
          [
            [
              105.96941,
              -6.011053
            ],
            [
              105.969541,
              -6.011141
            ]
          ],
          [
            [
              105.969541,
              -6.011141
            ],
            [
              105.969599,
              -6.011116
            ]
          ],
          [
            [
              105.969599,
              -6.011116
            ],
            [
              105.96966,
              -6.011122
            ]
          ],
          [
            [
              105.96966,
              -6.011122
            ],
            [
              105.969748,
              -6.011085
            ]
          ],
          [
            [
              105.969748,
              -6.011085
            ],
            [
              105.969834,
              -6.011014
            ]
          ],
          [
            [
              105.969834,
              -6.011014
            ],
            [
              105.969844,
              -6.01097
            ]
          ],
          [
            [
              105.969844,
              -6.01097
            ],
            [
              105.969826,
              -6.010895
            ]
          ],
          [
            [
              105.969826,
              -6.010895
            ],
            [
              105.969753,
              -6.010793
            ]
          ],
          [
            [
              105.969753,
              -6.010793
            ],
            [
              105.969599,
              -6.010656
            ]
          ],
          [
            [
              105.969599,
              -6.010656
            ],
            [
              105.969544,
              -6.010575
            ]
          ],
          [
            [
              105.969544,
              -6.010575
            ],
            [
              105.969482,
              -6.010544
            ]
          ],
          [
            [
              105.969482,
              -6.010544
            ],
            [
              105.969443,
              -6.010487
            ]
          ],
          [
            [
              105.969443,
              -6.010487
            ],
            [
              105.969502,
              -6.010437
            ]
          ],
          [
            [
              105.969502,
              -6.010437
            ],
            [
              105.969531,
              -6.010389
            ]
          ],
          [
            [
              105.969531,
              -6.010389
            ],
            [
              105.969537,
              -6.010347
            ]
          ],
          [
            [
              105.969537,
              -6.010347
            ],
            [
              105.969706,
              -6.01019
            ]
          ],
          [
            [
              105.969706,
              -6.01019
            ],
            [
              105.96975,
              -6.010077
            ]
          ],
          [
            [
              105.96975,
              -6.010077
            ],
            [
              105.969763,
              -6.009938
            ]
          ],
          [
            [
              105.969763,
              -6.009938
            ],
            [
              105.969742,
              -6.009879
            ]
          ],
          [
            [
              105.969742,
              -6.009879
            ],
            [
              105.969754,
              -6.009863
            ]
          ],
          [
            [
              105.969754,
              -6.009863
            ],
            [
              105.969724,
              -6.009851
            ]
          ],
          [
            [
              105.969724,
              -6.009851
            ],
            [
              105.969711,
              -6.009805
            ]
          ],
          [
            [
              105.969711,
              -6.009805
            ],
            [
              105.96968,
              -6.009822
            ]
          ],
          [
            [
              105.96968,
              -6.009822
            ],
            [
              105.96971,
              -6.009732
            ]
          ],
          [
            [
              105.96971,
              -6.009732
            ],
            [
              105.969756,
              -6.009711
            ]
          ],
          [
            [
              105.969756,
              -6.009711
            ],
            [
              105.969722,
              -6.009695
            ]
          ],
          [
            [
              105.969722,
              -6.009695
            ],
            [
              105.969726,
              -6.009655
            ]
          ],
          [
            [
              105.969726,
              -6.009655
            ],
            [
              105.969751,
              -6.009645
            ]
          ],
          [
            [
              105.969751,
              -6.009645
            ],
            [
              105.969808,
              -6.009545
            ]
          ],
          [
            [
              105.969808,
              -6.009545
            ],
            [
              105.969827,
              -6.009474
            ]
          ],
          [
            [
              105.969827,
              -6.009474
            ],
            [
              105.969803,
              -6.009316
            ]
          ],
          [
            [
              105.969803,
              -6.009316
            ],
            [
              105.969779,
              -6.009303
            ]
          ],
          [
            [
              105.969779,
              -6.009303
            ],
            [
              105.969772,
              -6.009347
            ]
          ],
          [
            [
              105.969772,
              -6.009347
            ],
            [
              105.96975,
              -6.009366
            ]
          ],
          [
            [
              105.96975,
              -6.009366
            ],
            [
              105.969697,
              -6.009354
            ]
          ],
          [
            [
              105.969697,
              -6.009354
            ],
            [
              105.969636,
              -6.009266
            ]
          ],
          [
            [
              105.969636,
              -6.009266
            ],
            [
              105.969628,
              -6.009215
            ]
          ],
          [
            [
              105.969628,
              -6.009215
            ],
            [
              105.969578,
              -6.009147
            ]
          ],
          [
            [
              105.969578,
              -6.009147
            ],
            [
              105.969557,
              -6.009081
            ]
          ],
          [
            [
              105.969557,
              -6.009081
            ],
            [
              105.969463,
              -6.008993
            ]
          ],
          [
            [
              105.969463,
              -6.008993
            ],
            [
              105.969473,
              -6.008959
            ]
          ],
          [
            [
              105.969473,
              -6.008959
            ],
            [
              105.969447,
              -6.008929
            ]
          ],
          [
            [
              105.969447,
              -6.008929
            ],
            [
              105.969454,
              -6.008896
            ]
          ],
          [
            [
              105.969454,
              -6.008896
            ],
            [
              105.969426,
              -6.008847
            ]
          ],
          [
            [
              105.969426,
              -6.008847
            ],
            [
              105.969406,
              -6.008842
            ]
          ],
          [
            [
              105.969406,
              -6.008842
            ],
            [
              105.969414,
              -6.008801
            ]
          ],
          [
            [
              105.969414,
              -6.008801
            ],
            [
              105.969371,
              -6.008777
            ]
          ],
          [
            [
              105.969371,
              -6.008777
            ],
            [
              105.969342,
              -6.008807
            ]
          ],
          [
            [
              105.969342,
              -6.008807
            ],
            [
              105.969318,
              -6.008806
            ]
          ],
          [
            [
              105.969318,
              -6.008806
            ],
            [
              105.969281,
              -6.008758
            ]
          ],
          [
            [
              105.969281,
              -6.008758
            ],
            [
              105.969304,
              -6.008732
            ]
          ],
          [
            [
              105.969304,
              -6.008732
            ],
            [
              105.969352,
              -6.008756
            ]
          ],
          [
            [
              105.969352,
              -6.008756
            ],
            [
              105.969352,
              -6.008728
            ]
          ],
          [
            [
              105.969352,
              -6.008728
            ],
            [
              105.969315,
              -6.008709
            ]
          ],
          [
            [
              105.969315,
              -6.008709
            ],
            [
              105.969288,
              -6.00867
            ]
          ],
          [
            [
              105.969288,
              -6.00867
            ],
            [
              105.969239,
              -6.008658
            ]
          ],
          [
            [
              105.969239,
              -6.008658
            ],
            [
              105.969195,
              -6.008609
            ]
          ],
          [
            [
              105.969195,
              -6.008609
            ],
            [
              105.96914,
              -6.008588
            ]
          ],
          [
            [
              105.96914,
              -6.008588
            ],
            [
              105.969132,
              -6.008549
            ]
          ],
          [
            [
              105.969132,
              -6.008549
            ],
            [
              105.969168,
              -6.008503
            ]
          ],
          [
            [
              105.969168,
              -6.008503
            ],
            [
              105.969104,
              -6.008434
            ]
          ],
          [
            [
              105.969104,
              -6.008434
            ],
            [
              105.969075,
              -6.008436
            ]
          ],
          [
            [
              105.969075,
              -6.008436
            ],
            [
              105.969077,
              -6.008363
            ]
          ],
          [
            [
              105.969077,
              -6.008363
            ],
            [
              105.969023,
              -6.008313
            ]
          ],
          [
            [
              105.969023,
              -6.008313
            ],
            [
              105.968925,
              -6.008155
            ]
          ],
          [
            [
              105.968925,
              -6.008155
            ],
            [
              105.968902,
              -6.008143
            ]
          ],
          [
            [
              105.968902,
              -6.008143
            ],
            [
              105.968892,
              -6.008157
            ]
          ],
          [
            [
              105.968892,
              -6.008157
            ],
            [
              105.968823,
              -6.00815
            ]
          ],
          [
            [
              105.968823,
              -6.00815
            ],
            [
              105.968794,
              -6.008161
            ]
          ],
          [
            [
              105.968794,
              -6.008161
            ],
            [
              105.968754,
              -6.008123
            ]
          ],
          [
            [
              105.968754,
              -6.008123
            ],
            [
              105.96875,
              -6.008048
            ]
          ],
          [
            [
              105.96875,
              -6.008048
            ],
            [
              105.968768,
              -6.008038
            ]
          ],
          [
            [
              105.968768,
              -6.008038
            ],
            [
              105.968815,
              -6.008054
            ]
          ],
          [
            [
              105.968815,
              -6.008054
            ],
            [
              105.968842,
              -6.008044
            ]
          ],
          [
            [
              105.968842,
              -6.008044
            ],
            [
              105.968853,
              -6.008015
            ]
          ],
          [
            [
              105.968853,
              -6.008015
            ],
            [
              105.968841,
              -6.007997
            ]
          ],
          [
            [
              105.968841,
              -6.007997
            ],
            [
              105.968801,
              -6.008009
            ]
          ],
          [
            [
              105.968801,
              -6.008009
            ],
            [
              105.968748,
              -6.007953
            ]
          ],
          [
            [
              105.968748,
              -6.007953
            ],
            [
              105.968765,
              -6.00792
            ]
          ],
          [
            [
              105.968765,
              -6.00792
            ],
            [
              105.968759,
              -6.007896
            ]
          ],
          [
            [
              105.968759,
              -6.007896
            ],
            [
              105.968725,
              -6.007902
            ]
          ],
          [
            [
              105.968725,
              -6.007902
            ],
            [
              105.968695,
              -6.007883
            ]
          ],
          [
            [
              105.968695,
              -6.007883
            ],
            [
              105.96865,
              -6.007911
            ]
          ],
          [
            [
              105.96865,
              -6.007911
            ],
            [
              105.968506,
              -6.007876
            ]
          ],
          [
            [
              105.968506,
              -6.007876
            ],
            [
              105.968461,
              -6.00794
            ]
          ],
          [
            [
              105.968461,
              -6.00794
            ],
            [
              105.968439,
              -6.007945
            ]
          ],
          [
            [
              105.968439,
              -6.007945
            ],
            [
              105.968426,
              -6.007921
            ]
          ],
          [
            [
              105.968426,
              -6.007921
            ],
            [
              105.968441,
              -6.007863
            ]
          ],
          [
            [
              105.968441,
              -6.007863
            ],
            [
              105.968376,
              -6.00784
            ]
          ],
          [
            [
              105.968376,
              -6.00784
            ],
            [
              105.968375,
              -6.007802
            ]
          ],
          [
            [
              105.968375,
              -6.007802
            ],
            [
              105.968359,
              -6.007798
            ]
          ],
          [
            [
              105.968359,
              -6.007798
            ],
            [
              105.968354,
              -6.007835
            ]
          ],
          [
            [
              105.968354,
              -6.007835
            ],
            [
              105.968328,
              -6.00784
            ]
          ],
          [
            [
              105.968328,
              -6.00784
            ],
            [
              105.968279,
              -6.007767
            ]
          ],
          [
            [
              105.968279,
              -6.007767
            ],
            [
              105.96822,
              -6.007756
            ]
          ],
          [
            [
              105.96822,
              -6.007756
            ],
            [
              105.968202,
              -6.007636
            ]
          ],
          [
            [
              105.968202,
              -6.007636
            ],
            [
              105.968152,
              -6.007607
            ]
          ],
          [
            [
              105.968152,
              -6.007607
            ],
            [
              105.968096,
              -6.00761
            ]
          ],
          [
            [
              105.968096,
              -6.00761
            ],
            [
              105.968078,
              -6.007592
            ]
          ],
          [
            [
              105.968078,
              -6.007592
            ],
            [
              105.968079,
              -6.007566
            ]
          ],
          [
            [
              105.968079,
              -6.007566
            ],
            [
              105.967999,
              -6.007533
            ]
          ],
          [
            [
              105.967999,
              -6.007533
            ],
            [
              105.967945,
              -6.007528
            ]
          ],
          [
            [
              105.967945,
              -6.007528
            ],
            [
              105.967866,
              -6.007546
            ]
          ],
          [
            [
              105.967866,
              -6.007546
            ],
            [
              105.967765,
              -6.007526
            ]
          ],
          [
            [
              105.967765,
              -6.007526
            ],
            [
              105.96772,
              -6.007321
            ]
          ],
          [
            [
              105.96772,
              -6.007321
            ],
            [
              105.967538,
              -6.007145
            ]
          ],
          [
            [
              105.967538,
              -6.007145
            ],
            [
              105.967729,
              -6.00696
            ]
          ],
          [
            [
              105.967729,
              -6.00696
            ],
            [
              105.96775,
              -6.006912
            ]
          ],
          [
            [
              105.96775,
              -6.006912
            ],
            [
              105.967778,
              -6.006899
            ]
          ],
          [
            [
              105.967778,
              -6.006899
            ],
            [
              105.967816,
              -6.006825
            ]
          ],
          [
            [
              105.967816,
              -6.006825
            ],
            [
              105.96784,
              -6.006702
            ]
          ],
          [
            [
              105.96784,
              -6.006702
            ],
            [
              105.967879,
              -6.006687
            ]
          ],
          [
            [
              105.967879,
              -6.006687
            ],
            [
              105.967913,
              -6.006642
            ]
          ],
          [
            [
              105.967913,
              -6.006642
            ],
            [
              105.967938,
              -6.00655
            ]
          ],
          [
            [
              105.967938,
              -6.00655
            ],
            [
              105.968291,
              -6.005991
            ]
          ],
          [
            [
              105.968291,
              -6.005991
            ],
            [
              105.968451,
              -6.005619
            ]
          ],
          [
            [
              105.968451,
              -6.005619
            ],
            [
              105.968651,
              -6.005248
            ]
          ],
          [
            [
              105.968651,
              -6.005248
            ],
            [
              105.968714,
              -6.005163
            ]
          ],
          [
            [
              105.968714,
              -6.005163
            ],
            [
              105.968737,
              -6.005105
            ]
          ],
          [
            [
              105.968737,
              -6.005105
            ],
            [
              105.968742,
              -6.005031
            ]
          ],
          [
            [
              105.968742,
              -6.005031
            ],
            [
              105.968726,
              -6.004896
            ]
          ],
          [
            [
              105.968726,
              -6.004896
            ],
            [
              105.968755,
              -6.004857
            ]
          ],
          [
            [
              105.968755,
              -6.004857
            ],
            [
              105.968808,
              -6.004808
            ]
          ],
          [
            [
              105.968808,
              -6.004808
            ],
            [
              105.969089,
              -6.004645
            ]
          ],
          [
            [
              105.969089,
              -6.004645
            ],
            [
              105.969133,
              -6.004604
            ]
          ],
          [
            [
              105.969133,
              -6.004604
            ],
            [
              105.969199,
              -6.004574
            ]
          ],
          [
            [
              105.969199,
              -6.004574
            ],
            [
              105.969219,
              -6.004586
            ]
          ],
          [
            [
              105.969219,
              -6.004586
            ],
            [
              105.969368,
              -6.004537
            ]
          ],
          [
            [
              105.969368,
              -6.004537
            ],
            [
              105.969391,
              -6.004552
            ]
          ],
          [
            [
              105.969391,
              -6.004552
            ],
            [
              105.969592,
              -6.004419
            ]
          ],
          [
            [
              105.969592,
              -6.004419
            ],
            [
              105.969712,
              -6.004276
            ]
          ],
          [
            [
              105.969712,
              -6.004276
            ],
            [
              105.969797,
              -6.004141
            ]
          ],
          [
            [
              105.969797,
              -6.004141
            ],
            [
              105.969867,
              -6.003984
            ]
          ],
          [
            [
              105.969867,
              -6.003984
            ],
            [
              105.969924,
              -6.003798
            ]
          ],
          [
            [
              105.969924,
              -6.003798
            ],
            [
              105.970181,
              -6.003318
            ]
          ],
          [
            [
              105.970181,
              -6.003318
            ],
            [
              105.970387,
              -6.003072
            ]
          ],
          [
            [
              105.970387,
              -6.003072
            ],
            [
              105.970764,
              -6.002673
            ]
          ],
          [
            [
              105.970764,
              -6.002673
            ],
            [
              105.970918,
              -6.002484
            ]
          ],
          [
            [
              105.970918,
              -6.002484
            ],
            [
              105.971154,
              -6.002338
            ]
          ],
          [
            [
              105.971154,
              -6.002338
            ],
            [
              105.971688,
              -6.002096
            ]
          ],
          [
            [
              105.971688,
              -6.002096
            ],
            [
              105.971739,
              -6.001969
            ]
          ],
          [
            [
              105.971739,
              -6.001969
            ],
            [
              105.971756,
              -6.001853
            ]
          ],
          [
            [
              105.971756,
              -6.001853
            ],
            [
              105.971736,
              -6.001669
            ]
          ],
          [
            [
              105.971736,
              -6.001669
            ],
            [
              105.971641,
              -6.001568
            ]
          ],
          [
            [
              105.971641,
              -6.001568
            ],
            [
              105.971608,
              -6.001568
            ]
          ],
          [
            [
              105.971608,
              -6.001568
            ],
            [
              105.971614,
              -6.001547
            ]
          ],
          [
            [
              105.971614,
              -6.001547
            ],
            [
              105.971579,
              -6.001501
            ]
          ],
          [
            [
              105.971579,
              -6.001501
            ],
            [
              105.971508,
              -6.001466
            ]
          ],
          [
            [
              105.971508,
              -6.001466
            ],
            [
              105.971363,
              -6.001346
            ]
          ],
          [
            [
              105.971363,
              -6.001346
            ],
            [
              105.971331,
              -6.001291
            ]
          ],
          [
            [
              105.971331,
              -6.001291
            ],
            [
              105.971356,
              -6.001284
            ]
          ],
          [
            [
              105.971356,
              -6.001284
            ],
            [
              105.971463,
              -6.001167
            ]
          ],
          [
            [
              105.971463,
              -6.001167
            ],
            [
              105.971486,
              -6.001177
            ]
          ],
          [
            [
              105.971486,
              -6.001177
            ],
            [
              105.971482,
              -6.001138
            ]
          ],
          [
            [
              105.971482,
              -6.001138
            ],
            [
              105.971505,
              -6.001127
            ]
          ],
          [
            [
              105.971505,
              -6.001127
            ],
            [
              105.971574,
              -6.001163
            ]
          ],
          [
            [
              105.971574,
              -6.001163
            ],
            [
              105.971639,
              -6.001252
            ]
          ],
          [
            [
              105.971639,
              -6.001252
            ],
            [
              105.971687,
              -6.001262
            ]
          ],
          [
            [
              105.971687,
              -6.001262
            ],
            [
              105.971696,
              -6.001316
            ]
          ],
          [
            [
              105.971696,
              -6.001316
            ],
            [
              105.971717,
              -6.001338
            ]
          ],
          [
            [
              105.971717,
              -6.001338
            ],
            [
              105.971735,
              -6.001335
            ]
          ],
          [
            [
              105.971735,
              -6.001335
            ],
            [
              105.971735,
              -6.001363
            ]
          ],
          [
            [
              105.971735,
              -6.001363
            ],
            [
              105.971772,
              -6.001406
            ]
          ],
          [
            [
              105.971772,
              -6.001406
            ],
            [
              105.971861,
              -6.001427
            ]
          ],
          [
            [
              105.971861,
              -6.001427
            ],
            [
              105.971923,
              -6.001378
            ]
          ],
          [
            [
              105.971923,
              -6.001378
            ],
            [
              105.972021,
              -6.001395
            ]
          ],
          [
            [
              105.972021,
              -6.001395
            ],
            [
              105.972007,
              -6.001368
            ]
          ],
          [
            [
              105.972007,
              -6.001368
            ],
            [
              105.972037,
              -6.001363
            ]
          ],
          [
            [
              105.972037,
              -6.001363
            ],
            [
              105.97203,
              -6.001302
            ]
          ],
          [
            [
              105.97203,
              -6.001302
            ],
            [
              105.972079,
              -6.00123
            ]
          ],
          [
            [
              105.972079,
              -6.00123
            ],
            [
              105.972121,
              -6.001199
            ]
          ],
          [
            [
              105.972121,
              -6.001199
            ],
            [
              105.97213,
              -6.001146
            ]
          ],
          [
            [
              105.97213,
              -6.001146
            ],
            [
              105.972047,
              -6.001057
            ]
          ],
          [
            [
              105.972047,
              -6.001057
            ],
            [
              105.971995,
              -6.000971
            ]
          ],
          [
            [
              105.971995,
              -6.000971
            ],
            [
              105.971963,
              -6.00096
            ]
          ],
          [
            [
              105.971963,
              -6.00096
            ],
            [
              105.971922,
              -6.000905
            ]
          ],
          [
            [
              105.971922,
              -6.000905
            ],
            [
              105.971925,
              -6.000848
            ]
          ],
          [
            [
              105.971925,
              -6.000848
            ],
            [
              105.9719,
              -6.000851
            ]
          ],
          [
            [
              105.9719,
              -6.000851
            ],
            [
              105.971892,
              -6.000834
            ]
          ],
          [
            [
              105.971892,
              -6.000834
            ],
            [
              105.971919,
              -6.00078
            ]
          ],
          [
            [
              105.971919,
              -6.00078
            ],
            [
              105.97153,
              -6.000407
            ]
          ],
          [
            [
              105.97153,
              -6.000407
            ],
            [
              105.971396,
              -6.000265
            ]
          ],
          [
            [
              105.971396,
              -6.000265
            ],
            [
              105.971398,
              -6.00024
            ]
          ],
          [
            [
              105.971398,
              -6.00024
            ],
            [
              105.971572,
              -6.000072
            ]
          ],
          [
            [
              105.971572,
              -6.000072
            ],
            [
              105.97159,
              -6.00007
            ]
          ],
          [
            [
              105.97159,
              -6.00007
            ],
            [
              105.972056,
              -6.000542
            ]
          ],
          [
            [
              105.972056,
              -6.000542
            ],
            [
              105.972083,
              -6.00051
            ]
          ],
          [
            [
              105.972083,
              -6.00051
            ],
            [
              105.972149,
              -6.000531
            ]
          ],
          [
            [
              105.972149,
              -6.000531
            ],
            [
              105.972264,
              -6.000617
            ]
          ],
          [
            [
              105.972264,
              -6.000617
            ],
            [
              105.972331,
              -6.000698
            ]
          ],
          [
            [
              105.972331,
              -6.000698
            ],
            [
              105.972537,
              -6.000879
            ]
          ],
          [
            [
              105.972537,
              -6.000879
            ],
            [
              105.972637,
              -6.000898
            ]
          ],
          [
            [
              105.972637,
              -6.000898
            ],
            [
              105.972643,
              -6.000883
            ]
          ],
          [
            [
              105.972643,
              -6.000883
            ],
            [
              105.972579,
              -6.000843
            ]
          ],
          [
            [
              105.972579,
              -6.000843
            ],
            [
              105.972568,
              -6.000774
            ]
          ],
          [
            [
              105.972568,
              -6.000774
            ],
            [
              105.9726,
              -6.000737
            ]
          ],
          [
            [
              105.9726,
              -6.000737
            ],
            [
              105.972581,
              -6.00073
            ]
          ],
          [
            [
              105.972581,
              -6.00073
            ],
            [
              105.97255,
              -6.00067
            ]
          ],
          [
            [
              105.97255,
              -6.00067
            ],
            [
              105.972389,
              -6.000539
            ]
          ],
          [
            [
              105.972389,
              -6.000539
            ],
            [
              105.97231,
              -6.000539
            ]
          ],
          [
            [
              105.97231,
              -6.000539
            ],
            [
              105.972273,
              -6.000467
            ]
          ],
          [
            [
              105.972273,
              -6.000467
            ],
            [
              105.972298,
              -6.00043
            ]
          ],
          [
            [
              105.972298,
              -6.00043
            ],
            [
              105.972279,
              -6.000397
            ]
          ],
          [
            [
              105.972279,
              -6.000397
            ],
            [
              105.972302,
              -6.000396
            ]
          ],
          [
            [
              105.972302,
              -6.000396
            ],
            [
              105.972348,
              -6.000349
            ]
          ],
          [
            [
              105.972348,
              -6.000349
            ],
            [
              105.972412,
              -6.000336
            ]
          ],
          [
            [
              105.972412,
              -6.000336
            ],
            [
              105.972417,
              -6.000279
            ]
          ],
          [
            [
              105.972417,
              -6.000279
            ],
            [
              105.972457,
              -6.000296
            ]
          ],
          [
            [
              105.972457,
              -6.000296
            ],
            [
              105.972454,
              -6.00032
            ]
          ],
          [
            [
              105.972454,
              -6.00032
            ],
            [
              105.972483,
              -6.000331
            ]
          ],
          [
            [
              105.972483,
              -6.000331
            ],
            [
              105.972527,
              -6.000294
            ]
          ],
          [
            [
              105.972527,
              -6.000294
            ],
            [
              105.972526,
              -6.000267
            ]
          ],
          [
            [
              105.972526,
              -6.000267
            ],
            [
              105.972565,
              -6.000218
            ]
          ],
          [
            [
              105.972565,
              -6.000218
            ],
            [
              105.972691,
              -6.00014
            ]
          ],
          [
            [
              105.972691,
              -6.00014
            ],
            [
              105.972846,
              -6.000268
            ]
          ],
          [
            [
              105.972846,
              -6.000268
            ],
            [
              105.972884,
              -6.000316
            ]
          ],
          [
            [
              105.972884,
              -6.000316
            ],
            [
              105.97288,
              -6.000343
            ]
          ],
          [
            [
              105.97288,
              -6.000343
            ],
            [
              105.972921,
              -6.000359
            ]
          ],
          [
            [
              105.972921,
              -6.000359
            ],
            [
              105.972962,
              -6.000412
            ]
          ],
          [
            [
              105.972962,
              -6.000412
            ],
            [
              105.973,
              -6.000412
            ]
          ],
          [
            [
              105.973,
              -6.000412
            ],
            [
              105.972964,
              -6.000428
            ]
          ],
          [
            [
              105.972964,
              -6.000428
            ],
            [
              105.972989,
              -6.000462
            ]
          ],
          [
            [
              105.972989,
              -6.000462
            ],
            [
              105.973059,
              -6.000478
            ]
          ],
          [
            [
              105.973059,
              -6.000478
            ],
            [
              105.973043,
              -6.000488
            ]
          ],
          [
            [
              105.973043,
              -6.000488
            ],
            [
              105.973055,
              -6.000494
            ]
          ],
          [
            [
              105.973055,
              -6.000494
            ],
            [
              105.973098,
              -6.000468
            ]
          ],
          [
            [
              105.973098,
              -6.000468
            ],
            [
              105.973139,
              -6.000472
            ]
          ],
          [
            [
              105.973139,
              -6.000472
            ],
            [
              105.973183,
              -6.000412
            ]
          ],
          [
            [
              105.973183,
              -6.000412
            ],
            [
              105.973309,
              -6.000302
            ]
          ],
          [
            [
              105.973309,
              -6.000302
            ],
            [
              105.973319,
              -6.000272
            ]
          ],
          [
            [
              105.973319,
              -6.000272
            ],
            [
              105.973429,
              -6.000167
            ]
          ],
          [
            [
              105.973429,
              -6.000167
            ],
            [
              105.973446,
              -6.000166
            ]
          ],
          [
            [
              105.973446,
              -6.000166
            ],
            [
              105.973453,
              -6.000136
            ]
          ],
          [
            [
              105.973453,
              -6.000136
            ],
            [
              105.973531,
              -6.000083
            ]
          ],
          [
            [
              105.973531,
              -6.000083
            ],
            [
              105.973553,
              -6.000047
            ]
          ],
          [
            [
              105.973553,
              -6.000047
            ],
            [
              105.973534,
              -6.000038
            ]
          ],
          [
            [
              105.973534,
              -6.000038
            ],
            [
              105.973535,
              -6.000019
            ]
          ],
          [
            [
              105.973535,
              -6.000019
            ],
            [
              105.973569,
              -5.999964
            ]
          ],
          [
            [
              105.973569,
              -5.999964
            ],
            [
              105.973594,
              -5.999987
            ]
          ],
          [
            [
              105.973594,
              -5.999987
            ],
            [
              105.973655,
              -5.999975
            ]
          ],
          [
            [
              105.973655,
              -5.999975
            ],
            [
              105.973655,
              -5.99996
            ]
          ],
          [
            [
              105.973655,
              -5.99996
            ],
            [
              105.973781,
              -5.999858
            ]
          ],
          [
            [
              105.973781,
              -5.999858
            ],
            [
              105.973866,
              -5.999755
            ]
          ],
          [
            [
              105.973866,
              -5.999755
            ],
            [
              105.974133,
              -5.999494
            ]
          ],
          [
            [
              105.974133,
              -5.999494
            ],
            [
              105.974177,
              -5.999484
            ]
          ],
          [
            [
              105.974177,
              -5.999484
            ],
            [
              105.974205,
              -5.999498
            ]
          ],
          [
            [
              105.974205,
              -5.999498
            ],
            [
              105.974354,
              -5.999599
            ]
          ],
          [
            [
              105.974354,
              -5.999599
            ],
            [
              105.974375,
              -5.999652
            ]
          ],
          [
            [
              105.974375,
              -5.999652
            ],
            [
              105.974419,
              -5.999661
            ]
          ],
          [
            [
              105.974419,
              -5.999661
            ],
            [
              105.974456,
              -5.999702
            ]
          ],
          [
            [
              105.974456,
              -5.999702
            ],
            [
              105.97453,
              -5.999711
            ]
          ],
          [
            [
              105.97453,
              -5.999711
            ],
            [
              105.974672,
              -5.999681
            ]
          ],
          [
            [
              105.974672,
              -5.999681
            ],
            [
              105.975029,
              -5.999502
            ]
          ],
          [
            [
              105.975029,
              -5.999502
            ],
            [
              105.975042,
              -5.999516
            ]
          ],
          [
            [
              105.975042,
              -5.999516
            ],
            [
              105.975263,
              -5.999332
            ]
          ],
          [
            [
              105.975263,
              -5.999332
            ],
            [
              105.975371,
              -5.999211
            ]
          ],
          [
            [
              105.975371,
              -5.999211
            ],
            [
              105.975428,
              -5.99911
            ]
          ],
          [
            [
              105.975428,
              -5.99911
            ],
            [
              105.975464,
              -5.999075
            ]
          ],
          [
            [
              105.975464,
              -5.999075
            ],
            [
              105.975649,
              -5.999061
            ]
          ],
          [
            [
              105.975649,
              -5.999061
            ],
            [
              105.975656,
              -5.999029
            ]
          ],
          [
            [
              105.975656,
              -5.999029
            ],
            [
              105.975641,
              -5.999009
            ]
          ],
          [
            [
              105.975641,
              -5.999009
            ],
            [
              105.975735,
              -5.999013
            ]
          ],
          [
            [
              105.975735,
              -5.999013
            ],
            [
              105.975749,
              -5.999009
            ]
          ],
          [
            [
              105.975749,
              -5.999009
            ],
            [
              105.975745,
              -5.998985
            ]
          ],
          [
            [
              105.975745,
              -5.998985
            ],
            [
              105.97577,
              -5.999004
            ]
          ],
          [
            [
              105.97577,
              -5.999004
            ],
            [
              105.975817,
              -5.998958
            ]
          ],
          [
            [
              105.975817,
              -5.998958
            ],
            [
              105.975821,
              -5.998934
            ]
          ],
          [
            [
              105.975821,
              -5.998934
            ],
            [
              105.975878,
              -5.99892
            ]
          ],
          [
            [
              105.975878,
              -5.99892
            ],
            [
              105.975914,
              -5.998865
            ]
          ],
          [
            [
              105.975914,
              -5.998865
            ],
            [
              105.975896,
              -5.998832
            ]
          ],
          [
            [
              105.975896,
              -5.998832
            ],
            [
              105.975859,
              -5.998866
            ]
          ],
          [
            [
              105.975859,
              -5.998866
            ],
            [
              105.975836,
              -5.998857
            ]
          ],
          [
            [
              105.975836,
              -5.998857
            ],
            [
              105.975832,
              -5.998826
            ]
          ],
          [
            [
              105.975832,
              -5.998826
            ],
            [
              105.975864,
              -5.998815
            ]
          ],
          [
            [
              105.975864,
              -5.998815
            ],
            [
              105.975837,
              -5.998794
            ]
          ],
          [
            [
              105.975837,
              -5.998794
            ],
            [
              105.975863,
              -5.998779
            ]
          ],
          [
            [
              105.975863,
              -5.998779
            ],
            [
              105.97585,
              -5.998769
            ]
          ],
          [
            [
              105.97585,
              -5.998769
            ],
            [
              105.975829,
              -5.998783
            ]
          ],
          [
            [
              105.975829,
              -5.998783
            ],
            [
              105.975811,
              -5.998753
            ]
          ],
          [
            [
              105.975811,
              -5.998753
            ],
            [
              105.975821,
              -5.998732
            ]
          ],
          [
            [
              105.975821,
              -5.998732
            ],
            [
              105.976237,
              -5.998619
            ]
          ],
          [
            [
              105.976237,
              -5.998619
            ],
            [
              105.976303,
              -5.998589
            ]
          ],
          [
            [
              105.976303,
              -5.998589
            ],
            [
              105.976307,
              -5.998559
            ]
          ],
          [
            [
              105.976307,
              -5.998559
            ],
            [
              105.976326,
              -5.998546
            ]
          ],
          [
            [
              105.976326,
              -5.998546
            ],
            [
              105.976363,
              -5.998556
            ]
          ],
          [
            [
              105.976363,
              -5.998556
            ],
            [
              105.976555,
              -5.998423
            ]
          ],
          [
            [
              105.976555,
              -5.998423
            ],
            [
              105.976622,
              -5.998402
            ]
          ],
          [
            [
              105.976622,
              -5.998402
            ],
            [
              105.976638,
              -5.998373
            ]
          ],
          [
            [
              105.976638,
              -5.998373
            ],
            [
              105.97672,
              -5.998318
            ]
          ],
          [
            [
              105.97672,
              -5.998318
            ],
            [
              105.976747,
              -5.998209
            ]
          ],
          [
            [
              105.976747,
              -5.998209
            ],
            [
              105.976883,
              -5.998139
            ]
          ],
          [
            [
              105.976883,
              -5.998139
            ],
            [
              105.976999,
              -5.998043
            ]
          ],
          [
            [
              105.976999,
              -5.998043
            ],
            [
              105.977033,
              -5.998046
            ]
          ],
          [
            [
              105.977033,
              -5.998046
            ],
            [
              105.977084,
              -5.997999
            ]
          ],
          [
            [
              105.977084,
              -5.997999
            ],
            [
              105.977117,
              -5.998013
            ]
          ],
          [
            [
              105.977117,
              -5.998013
            ],
            [
              105.977143,
              -5.997971
            ]
          ],
          [
            [
              105.977143,
              -5.997971
            ],
            [
              105.97718,
              -5.997979
            ]
          ],
          [
            [
              105.97718,
              -5.997979
            ],
            [
              105.977217,
              -5.99794
            ]
          ],
          [
            [
              105.977217,
              -5.99794
            ],
            [
              105.97725,
              -5.997942
            ]
          ],
          [
            [
              105.97725,
              -5.997942
            ],
            [
              105.977278,
              -5.99792
            ]
          ],
          [
            [
              105.977278,
              -5.99792
            ],
            [
              105.977278,
              -5.997884
            ]
          ],
          [
            [
              105.977278,
              -5.997884
            ],
            [
              105.977304,
              -5.997881
            ]
          ],
          [
            [
              105.977304,
              -5.997881
            ],
            [
              105.977299,
              -5.997859
            ]
          ],
          [
            [
              105.977299,
              -5.997859
            ],
            [
              105.97733,
              -5.997836
            ]
          ],
          [
            [
              105.97733,
              -5.997836
            ],
            [
              105.977318,
              -5.997824
            ]
          ],
          [
            [
              105.977318,
              -5.997824
            ],
            [
              105.977336,
              -5.997825
            ]
          ],
          [
            [
              105.977336,
              -5.997825
            ],
            [
              105.97733,
              -5.997811
            ]
          ],
          [
            [
              105.97733,
              -5.997811
            ],
            [
              105.977354,
              -5.997808
            ]
          ],
          [
            [
              105.977354,
              -5.997808
            ],
            [
              105.977363,
              -5.997786
            ]
          ],
          [
            [
              105.977363,
              -5.997786
            ],
            [
              105.977374,
              -5.997797
            ]
          ],
          [
            [
              105.977374,
              -5.997797
            ],
            [
              105.977396,
              -5.997752
            ]
          ],
          [
            [
              105.977396,
              -5.997752
            ],
            [
              105.97747,
              -5.997697
            ]
          ],
          [
            [
              105.97747,
              -5.997697
            ],
            [
              105.97755,
              -5.997664
            ]
          ],
          [
            [
              105.97755,
              -5.997664
            ],
            [
              105.977569,
              -5.99762
            ]
          ],
          [
            [
              105.977569,
              -5.99762
            ],
            [
              105.977599,
              -5.997611
            ]
          ],
          [
            [
              105.977599,
              -5.997611
            ],
            [
              105.977695,
              -5.997529
            ]
          ],
          [
            [
              105.977695,
              -5.997529
            ],
            [
              105.977775,
              -5.997502
            ]
          ],
          [
            [
              105.977775,
              -5.997502
            ],
            [
              105.977775,
              -5.997468
            ]
          ],
          [
            [
              105.977775,
              -5.997468
            ],
            [
              105.977814,
              -5.997457
            ]
          ],
          [
            [
              105.977814,
              -5.997457
            ],
            [
              105.977827,
              -5.99743
            ]
          ],
          [
            [
              105.977827,
              -5.99743
            ],
            [
              105.977901,
              -5.997429
            ]
          ],
          [
            [
              105.977901,
              -5.997429
            ],
            [
              105.977879,
              -5.997418
            ]
          ],
          [
            [
              105.977879,
              -5.997418
            ],
            [
              105.97788,
              -5.997391
            ]
          ],
          [
            [
              105.97788,
              -5.997391
            ],
            [
              105.977928,
              -5.99735
            ]
          ],
          [
            [
              105.977928,
              -5.99735
            ],
            [
              105.977955,
              -5.997343
            ]
          ],
          [
            [
              105.977955,
              -5.997343
            ],
            [
              105.977963,
              -5.997401
            ]
          ],
          [
            [
              105.977963,
              -5.997401
            ],
            [
              105.977981,
              -5.997399
            ]
          ],
          [
            [
              105.977981,
              -5.997399
            ],
            [
              105.978014,
              -5.997362
            ]
          ],
          [
            [
              105.978014,
              -5.997362
            ],
            [
              105.978046,
              -5.997277
            ]
          ],
          [
            [
              105.978046,
              -5.997277
            ],
            [
              105.978098,
              -5.997283
            ]
          ],
          [
            [
              105.978098,
              -5.997283
            ],
            [
              105.978141,
              -5.997217
            ]
          ],
          [
            [
              105.978141,
              -5.997217
            ],
            [
              105.978175,
              -5.997241
            ]
          ],
          [
            [
              105.978175,
              -5.997241
            ],
            [
              105.978182,
              -5.997226
            ]
          ],
          [
            [
              105.978182,
              -5.997226
            ],
            [
              105.97828,
              -5.997218
            ]
          ],
          [
            [
              105.97828,
              -5.997218
            ],
            [
              105.97833,
              -5.997187
            ]
          ],
          [
            [
              105.97833,
              -5.997187
            ],
            [
              105.978411,
              -5.997199
            ]
          ],
          [
            [
              105.978411,
              -5.997199
            ],
            [
              105.978521,
              -5.997128
            ]
          ],
          [
            [
              105.978521,
              -5.997128
            ],
            [
              105.978614,
              -5.997106
            ]
          ],
          [
            [
              105.978614,
              -5.997106
            ],
            [
              105.97872,
              -5.997113
            ]
          ],
          [
            [
              105.97872,
              -5.997113
            ],
            [
              105.978812,
              -5.997161
            ]
          ],
          [
            [
              105.978812,
              -5.997161
            ],
            [
              105.978976,
              -5.997281
            ]
          ],
          [
            [
              105.978976,
              -5.997281
            ],
            [
              105.979014,
              -5.997298
            ]
          ],
          [
            [
              105.979014,
              -5.997298
            ],
            [
              105.979036,
              -5.997279
            ]
          ],
          [
            [
              105.979036,
              -5.997279
            ],
            [
              105.979047,
              -5.997315
            ]
          ],
          [
            [
              105.979047,
              -5.997315
            ],
            [
              105.979059,
              -5.997283
            ]
          ],
          [
            [
              105.979059,
              -5.997283
            ],
            [
              105.979094,
              -5.997285
            ]
          ],
          [
            [
              105.979094,
              -5.997285
            ],
            [
              105.979115,
              -5.997336
            ]
          ],
          [
            [
              105.979115,
              -5.997336
            ],
            [
              105.979202,
              -5.997354
            ]
          ],
          [
            [
              105.979202,
              -5.997354
            ],
            [
              105.979219,
              -5.997428
            ]
          ],
          [
            [
              105.979219,
              -5.997428
            ],
            [
              105.9793,
              -5.997382
            ]
          ],
          [
            [
              105.9793,
              -5.997382
            ],
            [
              105.979304,
              -5.997404
            ]
          ],
          [
            [
              105.979304,
              -5.997404
            ],
            [
              105.979266,
              -5.997419
            ]
          ],
          [
            [
              105.979266,
              -5.997419
            ],
            [
              105.979318,
              -5.997445
            ]
          ],
          [
            [
              105.979318,
              -5.997445
            ],
            [
              105.979482,
              -5.99741
            ]
          ],
          [
            [
              105.979482,
              -5.99741
            ],
            [
              105.979627,
              -5.997423
            ]
          ],
          [
            [
              105.979627,
              -5.997423
            ],
            [
              105.979752,
              -5.997387
            ]
          ],
          [
            [
              105.979752,
              -5.997387
            ],
            [
              105.979819,
              -5.997391
            ]
          ],
          [
            [
              105.979819,
              -5.997391
            ],
            [
              105.979831,
              -5.997407
            ]
          ],
          [
            [
              105.979831,
              -5.997407
            ],
            [
              105.979898,
              -5.997392
            ]
          ],
          [
            [
              105.979898,
              -5.997392
            ],
            [
              105.979918,
              -5.997405
            ]
          ],
          [
            [
              105.979918,
              -5.997405
            ],
            [
              105.979984,
              -5.997355
            ]
          ],
          [
            [
              105.979984,
              -5.997355
            ],
            [
              105.980008,
              -5.997361
            ]
          ],
          [
            [
              105.980008,
              -5.997361
            ],
            [
              105.980021,
              -5.99739
            ]
          ],
          [
            [
              105.980021,
              -5.99739
            ],
            [
              105.980066,
              -5.997395
            ]
          ],
          [
            [
              105.980066,
              -5.997395
            ],
            [
              105.980089,
              -5.997377
            ]
          ],
          [
            [
              105.980089,
              -5.997377
            ],
            [
              105.980095,
              -5.997391
            ]
          ],
          [
            [
              105.980095,
              -5.997391
            ],
            [
              105.980137,
              -5.997388
            ]
          ],
          [
            [
              105.980137,
              -5.997388
            ],
            [
              105.980169,
              -5.997363
            ]
          ],
          [
            [
              105.980169,
              -5.997363
            ],
            [
              105.980206,
              -5.997364
            ]
          ],
          [
            [
              105.980206,
              -5.997364
            ],
            [
              105.980229,
              -5.997304
            ]
          ],
          [
            [
              105.980229,
              -5.997304
            ],
            [
              105.980262,
              -5.997328
            ]
          ],
          [
            [
              105.980262,
              -5.997328
            ],
            [
              105.980354,
              -5.997259
            ]
          ],
          [
            [
              105.980354,
              -5.997259
            ],
            [
              105.980417,
              -5.997309
            ]
          ],
          [
            [
              105.980417,
              -5.997309
            ],
            [
              105.980412,
              -5.99733
            ]
          ],
          [
            [
              105.980412,
              -5.99733
            ],
            [
              105.980434,
              -5.997347
            ]
          ],
          [
            [
              105.980434,
              -5.997347
            ],
            [
              105.980466,
              -5.997328
            ]
          ],
          [
            [
              105.980466,
              -5.997328
            ],
            [
              105.980557,
              -5.997327
            ]
          ],
          [
            [
              105.980557,
              -5.997327
            ],
            [
              105.980589,
              -5.997287
            ]
          ],
          [
            [
              105.980589,
              -5.997287
            ],
            [
              105.980596,
              -5.99731
            ]
          ],
          [
            [
              105.980596,
              -5.99731
            ],
            [
              105.980582,
              -5.99732
            ]
          ],
          [
            [
              105.980582,
              -5.99732
            ],
            [
              105.980657,
              -5.997316
            ]
          ],
          [
            [
              105.980657,
              -5.997316
            ],
            [
              105.980824,
              -5.997275
            ]
          ],
          [
            [
              105.980824,
              -5.997275
            ],
            [
              105.980845,
              -5.997313
            ]
          ],
          [
            [
              105.980845,
              -5.997313
            ],
            [
              105.980884,
              -5.997327
            ]
          ],
          [
            [
              105.980884,
              -5.997327
            ],
            [
              105.981071,
              -5.997323
            ]
          ],
          [
            [
              105.981071,
              -5.997323
            ],
            [
              105.981102,
              -5.997312
            ]
          ],
          [
            [
              105.981102,
              -5.997312
            ],
            [
              105.981108,
              -5.997272
            ]
          ],
          [
            [
              105.981108,
              -5.997272
            ],
            [
              105.981133,
              -5.997243
            ]
          ],
          [
            [
              105.981133,
              -5.997243
            ],
            [
              105.981356,
              -5.99716
            ]
          ],
          [
            [
              105.981356,
              -5.99716
            ],
            [
              105.981856,
              -5.997098
            ]
          ],
          [
            [
              105.981856,
              -5.997098
            ],
            [
              105.981928,
              -5.997103
            ]
          ],
          [
            [
              105.981928,
              -5.997103
            ],
            [
              105.981966,
              -5.99708
            ]
          ],
          [
            [
              105.981966,
              -5.99708
            ],
            [
              105.981971,
              -5.997097
            ]
          ],
          [
            [
              105.981971,
              -5.997097
            ],
            [
              105.981963,
              -5.997055
            ]
          ],
          [
            [
              105.981963,
              -5.997055
            ],
            [
              105.981981,
              -5.997039
            ]
          ],
          [
            [
              105.981981,
              -5.997039
            ],
            [
              105.982036,
              -5.997066
            ]
          ],
          [
            [
              105.982036,
              -5.997066
            ],
            [
              105.982094,
              -5.997065
            ]
          ],
          [
            [
              105.982094,
              -5.997065
            ],
            [
              105.982107,
              -5.996987
            ]
          ],
          [
            [
              105.982107,
              -5.996987
            ],
            [
              105.982123,
              -5.996979
            ]
          ],
          [
            [
              105.982123,
              -5.996979
            ],
            [
              105.982156,
              -5.996983
            ]
          ],
          [
            [
              105.982156,
              -5.996983
            ],
            [
              105.982232,
              -5.996949
            ]
          ],
          [
            [
              105.982232,
              -5.996949
            ],
            [
              105.982263,
              -5.996954
            ]
          ],
          [
            [
              105.982263,
              -5.996954
            ],
            [
              105.982285,
              -5.996984
            ]
          ],
          [
            [
              105.982285,
              -5.996984
            ],
            [
              105.982292,
              -5.996964
            ]
          ],
          [
            [
              105.982292,
              -5.996964
            ],
            [
              105.982272,
              -5.996949
            ]
          ],
          [
            [
              105.982272,
              -5.996949
            ],
            [
              105.982287,
              -5.996934
            ]
          ],
          [
            [
              105.982287,
              -5.996934
            ],
            [
              105.982347,
              -5.996975
            ]
          ],
          [
            [
              105.982347,
              -5.996975
            ],
            [
              105.982378,
              -5.996947
            ]
          ],
          [
            [
              105.982378,
              -5.996947
            ],
            [
              105.982379,
              -5.996915
            ]
          ],
          [
            [
              105.982379,
              -5.996915
            ],
            [
              105.982519,
              -5.996917
            ]
          ],
          [
            [
              105.982519,
              -5.996917
            ],
            [
              105.982529,
              -5.996933
            ]
          ],
          [
            [
              105.982529,
              -5.996933
            ],
            [
              105.982553,
              -5.996933
            ]
          ],
          [
            [
              105.982553,
              -5.996933
            ],
            [
              105.982554,
              -5.99691
            ]
          ],
          [
            [
              105.982554,
              -5.99691
            ],
            [
              105.982585,
              -5.996901
            ]
          ],
          [
            [
              105.982585,
              -5.996901
            ],
            [
              105.982573,
              -5.996881
            ]
          ],
          [
            [
              105.982573,
              -5.996881
            ],
            [
              105.982598,
              -5.996876
            ]
          ],
          [
            [
              105.982598,
              -5.996876
            ],
            [
              105.982588,
              -5.996844
            ]
          ],
          [
            [
              105.982588,
              -5.996844
            ],
            [
              105.982643,
              -5.996843
            ]
          ],
          [
            [
              105.982643,
              -5.996843
            ],
            [
              105.982677,
              -5.9968
            ]
          ],
          [
            [
              105.982677,
              -5.9968
            ],
            [
              105.98273,
              -5.996881
            ]
          ],
          [
            [
              105.98273,
              -5.996881
            ],
            [
              105.982751,
              -5.996882
            ]
          ],
          [
            [
              105.982751,
              -5.996882
            ],
            [
              105.982764,
              -5.996862
            ]
          ],
          [
            [
              105.982764,
              -5.996862
            ],
            [
              105.982759,
              -5.996816
            ]
          ],
          [
            [
              105.982759,
              -5.996816
            ],
            [
              105.982818,
              -5.996799
            ]
          ],
          [
            [
              105.982818,
              -5.996799
            ],
            [
              105.982827,
              -5.996816
            ]
          ],
          [
            [
              105.982827,
              -5.996816
            ],
            [
              105.98285,
              -5.996814
            ]
          ],
          [
            [
              105.98285,
              -5.996814
            ],
            [
              105.982829,
              -5.996779
            ]
          ],
          [
            [
              105.982829,
              -5.996779
            ],
            [
              105.982991,
              -5.996614
            ]
          ],
          [
            [
              105.982991,
              -5.996614
            ],
            [
              105.983011,
              -5.996609
            ]
          ],
          [
            [
              105.983011,
              -5.996609
            ],
            [
              105.983014,
              -5.996635
            ]
          ],
          [
            [
              105.983014,
              -5.996635
            ],
            [
              105.983037,
              -5.99661
            ]
          ],
          [
            [
              105.983037,
              -5.99661
            ],
            [
              105.983017,
              -5.996594
            ]
          ],
          [
            [
              105.983017,
              -5.996594
            ],
            [
              105.983063,
              -5.996597
            ]
          ],
          [
            [
              105.983063,
              -5.996597
            ],
            [
              105.983089,
              -5.996571
            ]
          ],
          [
            [
              105.983089,
              -5.996571
            ],
            [
              105.983106,
              -5.996574
            ]
          ],
          [
            [
              105.983106,
              -5.996574
            ],
            [
              105.983124,
              -5.996506
            ]
          ],
          [
            [
              105.983124,
              -5.996506
            ],
            [
              105.983195,
              -5.996517
            ]
          ],
          [
            [
              105.983195,
              -5.996517
            ],
            [
              105.983183,
              -5.996494
            ]
          ],
          [
            [
              105.983183,
              -5.996494
            ],
            [
              105.983149,
              -5.996492
            ]
          ],
          [
            [
              105.983149,
              -5.996492
            ],
            [
              105.983151,
              -5.996463
            ]
          ],
          [
            [
              105.983151,
              -5.996463
            ],
            [
              105.983177,
              -5.996477
            ]
          ],
          [
            [
              105.983177,
              -5.996477
            ],
            [
              105.983164,
              -5.996455
            ]
          ],
          [
            [
              105.983164,
              -5.996455
            ],
            [
              105.983185,
              -5.996426
            ]
          ],
          [
            [
              105.983185,
              -5.996426
            ],
            [
              105.98329,
              -5.996337
            ]
          ],
          [
            [
              105.98329,
              -5.996337
            ],
            [
              105.983245,
              -5.996336
            ]
          ],
          [
            [
              105.983245,
              -5.996336
            ],
            [
              105.983245,
              -5.996303
            ]
          ],
          [
            [
              105.983245,
              -5.996303
            ],
            [
              105.98327,
              -5.996285
            ]
          ],
          [
            [
              105.98327,
              -5.996285
            ],
            [
              105.983277,
              -5.996256
            ]
          ],
          [
            [
              105.983277,
              -5.996256
            ],
            [
              105.983259,
              -5.996196
            ]
          ],
          [
            [
              105.983259,
              -5.996196
            ],
            [
              105.983219,
              -5.996163
            ]
          ],
          [
            [
              105.983219,
              -5.996163
            ],
            [
              105.983182,
              -5.996176
            ]
          ],
          [
            [
              105.983182,
              -5.996176
            ],
            [
              105.983175,
              -5.996208
            ]
          ],
          [
            [
              105.983175,
              -5.996208
            ],
            [
              105.983087,
              -5.996189
            ]
          ],
          [
            [
              105.983087,
              -5.996189
            ],
            [
              105.983039,
              -5.996135
            ]
          ],
          [
            [
              105.983039,
              -5.996135
            ],
            [
              105.983055,
              -5.9961
            ]
          ],
          [
            [
              105.983055,
              -5.9961
            ],
            [
              105.983004,
              -5.996057
            ]
          ],
          [
            [
              105.983004,
              -5.996057
            ],
            [
              105.982975,
              -5.996053
            ]
          ],
          [
            [
              105.982975,
              -5.996053
            ],
            [
              105.982864,
              -5.995957
            ]
          ],
          [
            [
              105.982864,
              -5.995957
            ],
            [
              105.982809,
              -5.995945
            ]
          ],
          [
            [
              105.982809,
              -5.995945
            ],
            [
              105.982787,
              -5.995972
            ]
          ],
          [
            [
              105.982787,
              -5.995972
            ],
            [
              105.982704,
              -5.995937
            ]
          ],
          [
            [
              105.982704,
              -5.995937
            ],
            [
              105.982669,
              -5.995908
            ]
          ],
          [
            [
              105.982669,
              -5.995908
            ],
            [
              105.982656,
              -5.995871
            ]
          ],
          [
            [
              105.982656,
              -5.995871
            ],
            [
              105.982424,
              -5.995715
            ]
          ],
          [
            [
              105.982424,
              -5.995715
            ],
            [
              105.982395,
              -5.995634
            ]
          ],
          [
            [
              105.982395,
              -5.995634
            ],
            [
              105.982364,
              -5.995611
            ]
          ],
          [
            [
              105.982364,
              -5.995611
            ],
            [
              105.982347,
              -5.995626
            ]
          ],
          [
            [
              105.982347,
              -5.995626
            ],
            [
              105.982321,
              -5.995619
            ]
          ],
          [
            [
              105.982321,
              -5.995619
            ],
            [
              105.982317,
              -5.9956
            ]
          ],
          [
            [
              105.982317,
              -5.9956
            ],
            [
              105.982347,
              -5.995601
            ]
          ],
          [
            [
              105.982347,
              -5.995601
            ],
            [
              105.982346,
              -5.995588
            ]
          ],
          [
            [
              105.982346,
              -5.995588
            ],
            [
              105.982249,
              -5.995556
            ]
          ],
          [
            [
              105.982249,
              -5.995556
            ],
            [
              105.98225,
              -5.995538
            ]
          ],
          [
            [
              105.98225,
              -5.995538
            ],
            [
              105.982223,
              -5.995517
            ]
          ],
          [
            [
              105.982223,
              -5.995517
            ],
            [
              105.982185,
              -5.995531
            ]
          ],
          [
            [
              105.982185,
              -5.995531
            ],
            [
              105.98218,
              -5.995483
            ]
          ],
          [
            [
              105.98218,
              -5.995483
            ],
            [
              105.982137,
              -5.995486
            ]
          ],
          [
            [
              105.982137,
              -5.995486
            ],
            [
              105.982113,
              -5.995437
            ]
          ],
          [
            [
              105.982113,
              -5.995437
            ],
            [
              105.981968,
              -5.995333
            ]
          ],
          [
            [
              105.981968,
              -5.995333
            ],
            [
              105.981953,
              -5.99531
            ]
          ],
          [
            [
              105.981953,
              -5.99531
            ],
            [
              105.981955,
              -5.995235
            ]
          ],
          [
            [
              105.981955,
              -5.995235
            ],
            [
              105.981893,
              -5.995102
            ]
          ],
          [
            [
              105.981893,
              -5.995102
            ],
            [
              105.981844,
              -5.995067
            ]
          ],
          [
            [
              105.981844,
              -5.995067
            ],
            [
              105.981863,
              -5.99502
            ]
          ],
          [
            [
              105.981863,
              -5.99502
            ],
            [
              105.981822,
              -5.994928
            ]
          ],
          [
            [
              105.981822,
              -5.994928
            ],
            [
              105.981827,
              -5.994909
            ]
          ],
          [
            [
              105.981827,
              -5.994909
            ],
            [
              105.9818,
              -5.994885
            ]
          ],
          [
            [
              105.9818,
              -5.994885
            ],
            [
              105.981812,
              -5.994858
            ]
          ],
          [
            [
              105.981812,
              -5.994858
            ],
            [
              105.981804,
              -5.994814
            ]
          ],
          [
            [
              105.981804,
              -5.994814
            ],
            [
              105.981775,
              -5.99481
            ]
          ],
          [
            [
              105.981775,
              -5.99481
            ],
            [
              105.981697,
              -5.994755
            ]
          ],
          [
            [
              105.981697,
              -5.994755
            ],
            [
              105.981687,
              -5.994723
            ]
          ],
          [
            [
              105.981687,
              -5.994723
            ],
            [
              105.981631,
              -5.994705
            ]
          ],
          [
            [
              105.981631,
              -5.994705
            ],
            [
              105.981623,
              -5.994681
            ]
          ],
          [
            [
              105.981623,
              -5.994681
            ],
            [
              105.981612,
              -5.9947
            ]
          ],
          [
            [
              105.981612,
              -5.9947
            ],
            [
              105.981554,
              -5.994684
            ]
          ],
          [
            [
              105.981554,
              -5.994684
            ],
            [
              105.981552,
              -5.994664
            ]
          ],
          [
            [
              105.981552,
              -5.994664
            ],
            [
              105.981535,
              -5.994663
            ]
          ],
          [
            [
              105.981535,
              -5.994663
            ],
            [
              105.981518,
              -5.994637
            ]
          ],
          [
            [
              105.981518,
              -5.994637
            ],
            [
              105.981518,
              -5.994597
            ]
          ],
          [
            [
              105.981518,
              -5.994597
            ],
            [
              105.981483,
              -5.994615
            ]
          ],
          [
            [
              105.981483,
              -5.994615
            ],
            [
              105.981466,
              -5.99458
            ]
          ],
          [
            [
              105.981466,
              -5.99458
            ],
            [
              105.981413,
              -5.994534
            ]
          ],
          [
            [
              105.981413,
              -5.994534
            ],
            [
              105.981424,
              -5.994516
            ]
          ],
          [
            [
              105.981424,
              -5.994516
            ],
            [
              105.981412,
              -5.994507
            ]
          ],
          [
            [
              105.981412,
              -5.994507
            ],
            [
              105.981439,
              -5.994488
            ]
          ],
          [
            [
              105.981439,
              -5.994488
            ],
            [
              105.981386,
              -5.994486
            ]
          ],
          [
            [
              105.981386,
              -5.994486
            ],
            [
              105.98137,
              -5.994467
            ]
          ],
          [
            [
              105.98137,
              -5.994467
            ],
            [
              105.981374,
              -5.994438
            ]
          ],
          [
            [
              105.981374,
              -5.994438
            ],
            [
              105.981355,
              -5.994452
            ]
          ],
          [
            [
              105.981355,
              -5.994452
            ],
            [
              105.981217,
              -5.994389
            ]
          ],
          [
            [
              105.981217,
              -5.994389
            ],
            [
              105.98119,
              -5.994402
            ]
          ],
          [
            [
              105.98119,
              -5.994402
            ],
            [
              105.981154,
              -5.994392
            ]
          ],
          [
            [
              105.981154,
              -5.994392
            ],
            [
              105.98114,
              -5.994363
            ]
          ],
          [
            [
              105.98114,
              -5.994363
            ],
            [
              105.981108,
              -5.994377
            ]
          ],
          [
            [
              105.981108,
              -5.994377
            ],
            [
              105.981095,
              -5.99435
            ]
          ],
          [
            [
              105.981095,
              -5.99435
            ],
            [
              105.981103,
              -5.994329
            ]
          ],
          [
            [
              105.981103,
              -5.994329
            ],
            [
              105.981082,
              -5.994344
            ]
          ],
          [
            [
              105.981082,
              -5.994344
            ],
            [
              105.981045,
              -5.994315
            ]
          ],
          [
            [
              105.981045,
              -5.994315
            ],
            [
              105.981074,
              -5.994263
            ]
          ],
          [
            [
              105.981074,
              -5.994263
            ],
            [
              105.981056,
              -5.99428
            ]
          ],
          [
            [
              105.981056,
              -5.99428
            ],
            [
              105.981035,
              -5.994264
            ]
          ],
          [
            [
              105.981035,
              -5.994264
            ],
            [
              105.981036,
              -5.994314
            ]
          ],
          [
            [
              105.981036,
              -5.994314
            ],
            [
              105.981004,
              -5.994311
            ]
          ],
          [
            [
              105.981004,
              -5.994311
            ],
            [
              105.981001,
              -5.994256
            ]
          ],
          [
            [
              105.981001,
              -5.994256
            ],
            [
              105.981028,
              -5.994247
            ]
          ],
          [
            [
              105.981028,
              -5.994247
            ],
            [
              105.981054,
              -5.99427
            ]
          ],
          [
            [
              105.981054,
              -5.99427
            ],
            [
              105.981075,
              -5.994233
            ]
          ],
          [
            [
              105.981075,
              -5.994233
            ],
            [
              105.981076,
              -5.994136
            ]
          ],
          [
            [
              105.981076,
              -5.994136
            ],
            [
              105.981013,
              -5.994127
            ]
          ],
          [
            [
              105.981013,
              -5.994127
            ],
            [
              105.981009,
              -5.99409
            ]
          ],
          [
            [
              105.981009,
              -5.99409
            ],
            [
              105.980952,
              -5.994056
            ]
          ],
          [
            [
              105.980952,
              -5.994056
            ],
            [
              105.980964,
              -5.99403
            ]
          ],
          [
            [
              105.980964,
              -5.99403
            ],
            [
              105.98095,
              -5.994012
            ]
          ],
          [
            [
              105.98095,
              -5.994012
            ],
            [
              105.980938,
              -5.994044
            ]
          ],
          [
            [
              105.980938,
              -5.994044
            ],
            [
              105.980878,
              -5.994017
            ]
          ],
          [
            [
              105.980878,
              -5.994017
            ],
            [
              105.980834,
              -5.994088
            ]
          ],
          [
            [
              105.980834,
              -5.994088
            ],
            [
              105.980837,
              -5.994058
            ]
          ],
          [
            [
              105.980837,
              -5.994058
            ],
            [
              105.980813,
              -5.994053
            ]
          ],
          [
            [
              105.980813,
              -5.994053
            ],
            [
              105.980805,
              -5.994088
            ]
          ],
          [
            [
              105.980805,
              -5.994088
            ],
            [
              105.980844,
              -5.994107
            ]
          ],
          [
            [
              105.980844,
              -5.994107
            ],
            [
              105.980824,
              -5.994124
            ]
          ],
          [
            [
              105.980824,
              -5.994124
            ],
            [
              105.980827,
              -5.994158
            ]
          ],
          [
            [
              105.980827,
              -5.994158
            ],
            [
              105.980745,
              -5.994205
            ]
          ],
          [
            [
              105.980745,
              -5.994205
            ],
            [
              105.98075,
              -5.994161
            ]
          ],
          [
            [
              105.98075,
              -5.994161
            ],
            [
              105.980769,
              -5.994141
            ]
          ],
          [
            [
              105.980769,
              -5.994141
            ],
            [
              105.980752,
              -5.99408
            ]
          ],
          [
            [
              105.980752,
              -5.99408
            ],
            [
              105.980779,
              -5.994078
            ]
          ],
          [
            [
              105.980779,
              -5.994078
            ],
            [
              105.98075,
              -5.994056
            ]
          ],
          [
            [
              105.98075,
              -5.994056
            ],
            [
              105.980752,
              -5.994016
            ]
          ],
          [
            [
              105.980752,
              -5.994016
            ],
            [
              105.980775,
              -5.993994
            ]
          ],
          [
            [
              105.980775,
              -5.993994
            ],
            [
              105.980754,
              -5.993999
            ]
          ],
          [
            [
              105.980754,
              -5.993999
            ],
            [
              105.98072,
              -5.993961
            ]
          ],
          [
            [
              105.98072,
              -5.993961
            ],
            [
              105.980756,
              -5.993961
            ]
          ],
          [
            [
              105.980756,
              -5.993961
            ],
            [
              105.980787,
              -5.993936
            ]
          ],
          [
            [
              105.980787,
              -5.993936
            ],
            [
              105.980766,
              -5.993923
            ]
          ],
          [
            [
              105.980766,
              -5.993923
            ],
            [
              105.980763,
              -5.993947
            ]
          ],
          [
            [
              105.980763,
              -5.993947
            ],
            [
              105.980747,
              -5.993918
            ]
          ],
          [
            [
              105.980747,
              -5.993918
            ],
            [
              105.980735,
              -5.993942
            ]
          ],
          [
            [
              105.980735,
              -5.993942
            ],
            [
              105.980694,
              -5.993949
            ]
          ],
          [
            [
              105.980694,
              -5.993949
            ],
            [
              105.980694,
              -5.993926
            ]
          ],
          [
            [
              105.980694,
              -5.993926
            ],
            [
              105.98075,
              -5.993906
            ]
          ],
          [
            [
              105.98075,
              -5.993906
            ],
            [
              105.980783,
              -5.993863
            ]
          ],
          [
            [
              105.980783,
              -5.993863
            ],
            [
              105.98081,
              -5.993857
            ]
          ],
          [
            [
              105.98081,
              -5.993857
            ],
            [
              105.98081,
              -5.993837
            ]
          ],
          [
            [
              105.98081,
              -5.993837
            ],
            [
              105.980838,
              -5.993847
            ]
          ],
          [
            [
              105.980838,
              -5.993847
            ],
            [
              105.980848,
              -5.993835
            ]
          ],
          [
            [
              105.980848,
              -5.993835
            ],
            [
              105.980831,
              -5.993772
            ]
          ],
          [
            [
              105.980831,
              -5.993772
            ],
            [
              105.980756,
              -5.993728
            ]
          ],
          [
            [
              105.980756,
              -5.993728
            ],
            [
              105.980776,
              -5.993711
            ]
          ],
          [
            [
              105.980776,
              -5.993711
            ],
            [
              105.980814,
              -5.993717
            ]
          ],
          [
            [
              105.980814,
              -5.993717
            ],
            [
              105.980864,
              -5.993779
            ]
          ],
          [
            [
              105.980864,
              -5.993779
            ],
            [
              105.980844,
              -5.993726
            ]
          ],
          [
            [
              105.980844,
              -5.993726
            ],
            [
              105.980857,
              -5.993682
            ]
          ],
          [
            [
              105.980857,
              -5.993682
            ],
            [
              105.980891,
              -5.993668
            ]
          ],
          [
            [
              105.980891,
              -5.993668
            ],
            [
              105.980928,
              -5.993579
            ]
          ],
          [
            [
              105.980928,
              -5.993579
            ],
            [
              105.980916,
              -5.993559
            ]
          ],
          [
            [
              105.980916,
              -5.993559
            ],
            [
              105.980838,
              -5.9935
            ]
          ],
          [
            [
              105.980838,
              -5.9935
            ],
            [
              105.980783,
              -5.993513
            ]
          ],
          [
            [
              105.980783,
              -5.993513
            ],
            [
              105.980754,
              -5.99349
            ]
          ],
          [
            [
              105.980754,
              -5.99349
            ],
            [
              105.980772,
              -5.993451
            ]
          ],
          [
            [
              105.980772,
              -5.993451
            ],
            [
              105.980744,
              -5.993448
            ]
          ],
          [
            [
              105.980744,
              -5.993448
            ],
            [
              105.980738,
              -5.993426
            ]
          ],
          [
            [
              105.980738,
              -5.993426
            ],
            [
              105.980663,
              -5.993363
            ]
          ],
          [
            [
              105.980663,
              -5.993363
            ],
            [
              105.980601,
              -5.993335
            ]
          ],
          [
            [
              105.980601,
              -5.993335
            ],
            [
              105.98053,
              -5.993368
            ]
          ],
          [
            [
              105.98053,
              -5.993368
            ],
            [
              105.980495,
              -5.993417
            ]
          ],
          [
            [
              105.980495,
              -5.993417
            ],
            [
              105.980448,
              -5.993425
            ]
          ],
          [
            [
              105.980448,
              -5.993425
            ],
            [
              105.980373,
              -5.993486
            ]
          ],
          [
            [
              105.980373,
              -5.993486
            ],
            [
              105.980344,
              -5.993467
            ]
          ],
          [
            [
              105.980344,
              -5.993467
            ],
            [
              105.980306,
              -5.993496
            ]
          ],
          [
            [
              105.980306,
              -5.993496
            ],
            [
              105.980302,
              -5.993514
            ]
          ],
          [
            [
              105.980302,
              -5.993514
            ],
            [
              105.980332,
              -5.993537
            ]
          ],
          [
            [
              105.980332,
              -5.993537
            ],
            [
              105.980354,
              -5.993535
            ]
          ],
          [
            [
              105.980354,
              -5.993535
            ],
            [
              105.980377,
              -5.993499
            ]
          ],
          [
            [
              105.980377,
              -5.993499
            ],
            [
              105.980395,
              -5.993534
            ]
          ],
          [
            [
              105.980395,
              -5.993534
            ],
            [
              105.980438,
              -5.993552
            ]
          ],
          [
            [
              105.980438,
              -5.993552
            ],
            [
              105.980441,
              -5.993584
            ]
          ],
          [
            [
              105.980441,
              -5.993584
            ],
            [
              105.98042,
              -5.993605
            ]
          ],
          [
            [
              105.98042,
              -5.993605
            ],
            [
              105.980331,
              -5.993576
            ]
          ],
          [
            [
              105.980331,
              -5.993576
            ],
            [
              105.980203,
              -5.993573
            ]
          ],
          [
            [
              105.980203,
              -5.993573
            ],
            [
              105.980195,
              -5.99355
            ]
          ],
          [
            [
              105.980195,
              -5.99355
            ],
            [
              105.980156,
              -5.993589
            ]
          ],
          [
            [
              105.980156,
              -5.993589
            ],
            [
              105.980172,
              -5.993605
            ]
          ],
          [
            [
              105.980172,
              -5.993605
            ],
            [
              105.980222,
              -5.993608
            ]
          ],
          [
            [
              105.980222,
              -5.993608
            ],
            [
              105.980217,
              -5.993636
            ]
          ],
          [
            [
              105.980217,
              -5.993636
            ],
            [
              105.980142,
              -5.993618
            ]
          ],
          [
            [
              105.980142,
              -5.993618
            ],
            [
              105.98012,
              -5.99359
            ]
          ],
          [
            [
              105.98012,
              -5.99359
            ],
            [
              105.980072,
              -5.993627
            ]
          ],
          [
            [
              105.980072,
              -5.993627
            ],
            [
              105.980034,
              -5.993588
            ]
          ],
          [
            [
              105.980034,
              -5.993588
            ],
            [
              105.980037,
              -5.993566
            ]
          ],
          [
            [
              105.980037,
              -5.993566
            ],
            [
              105.980114,
              -5.993556
            ]
          ],
          [
            [
              105.980114,
              -5.993556
            ],
            [
              105.98031,
              -5.99344
            ]
          ],
          [
            [
              105.98031,
              -5.99344
            ],
            [
              105.980344,
              -5.9934
            ]
          ],
          [
            [
              105.980344,
              -5.9934
            ],
            [
              105.980446,
              -5.993382
            ]
          ],
          [
            [
              105.980446,
              -5.993382
            ],
            [
              105.980502,
              -5.993329
            ]
          ],
          [
            [
              105.980502,
              -5.993329
            ],
            [
              105.98054,
              -5.993316
            ]
          ],
          [
            [
              105.98054,
              -5.993316
            ],
            [
              105.980645,
              -5.993318
            ]
          ],
          [
            [
              105.980645,
              -5.993318
            ],
            [
              105.98065,
              -5.993348
            ]
          ],
          [
            [
              105.98065,
              -5.993348
            ],
            [
              105.980693,
              -5.99335
            ]
          ],
          [
            [
              105.980693,
              -5.99335
            ],
            [
              105.980717,
              -5.9934
            ]
          ],
          [
            [
              105.980717,
              -5.9934
            ],
            [
              105.980775,
              -5.993422
            ]
          ],
          [
            [
              105.980775,
              -5.993422
            ],
            [
              105.980825,
              -5.993468
            ]
          ],
          [
            [
              105.980825,
              -5.993468
            ],
            [
              105.980864,
              -5.993469
            ]
          ],
          [
            [
              105.980864,
              -5.993469
            ],
            [
              105.980856,
              -5.993436
            ]
          ],
          [
            [
              105.980856,
              -5.993436
            ],
            [
              105.980869,
              -5.993381
            ]
          ],
          [
            [
              105.980869,
              -5.993381
            ],
            [
              105.980916,
              -5.993308
            ]
          ],
          [
            [
              105.980916,
              -5.993308
            ],
            [
              105.981012,
              -5.993247
            ]
          ],
          [
            [
              105.981012,
              -5.993247
            ],
            [
              105.981033,
              -5.99321
            ]
          ],
          [
            [
              105.981033,
              -5.99321
            ],
            [
              105.981081,
              -5.993185
            ]
          ],
          [
            [
              105.981081,
              -5.993185
            ],
            [
              105.981105,
              -5.993197
            ]
          ],
          [
            [
              105.981105,
              -5.993197
            ],
            [
              105.981109,
              -5.99317
            ]
          ],
          [
            [
              105.981109,
              -5.99317
            ],
            [
              105.981064,
              -5.993171
            ]
          ],
          [
            [
              105.981064,
              -5.993171
            ],
            [
              105.980883,
              -5.993256
            ]
          ],
          [
            [
              105.980883,
              -5.993256
            ],
            [
              105.980819,
              -5.993246
            ]
          ],
          [
            [
              105.980819,
              -5.993246
            ],
            [
              105.981228,
              -5.993016
            ]
          ],
          [
            [
              105.981228,
              -5.993016
            ],
            [
              105.981565,
              -5.992785
            ]
          ],
          [
            [
              105.981565,
              -5.992785
            ],
            [
              105.981628,
              -5.992763
            ]
          ],
          [
            [
              105.981628,
              -5.992763
            ],
            [
              105.98174,
              -5.992657
            ]
          ],
          [
            [
              105.98174,
              -5.992657
            ],
            [
              105.981768,
              -5.992655
            ]
          ],
          [
            [
              105.981768,
              -5.992655
            ],
            [
              105.981766,
              -5.992671
            ]
          ],
          [
            [
              105.981766,
              -5.992671
            ],
            [
              105.981779,
              -5.992671
            ]
          ],
          [
            [
              105.981779,
              -5.992671
            ],
            [
              105.981827,
              -5.992663
            ]
          ],
          [
            [
              105.981827,
              -5.992663
            ],
            [
              105.981855,
              -5.992679
            ]
          ],
          [
            [
              105.981855,
              -5.992679
            ],
            [
              105.981893,
              -5.992661
            ]
          ],
          [
            [
              105.981893,
              -5.992661
            ],
            [
              105.981877,
              -5.9926
            ]
          ],
          [
            [
              105.981877,
              -5.9926
            ],
            [
              105.982045,
              -5.992412
            ]
          ],
          [
            [
              105.982045,
              -5.992412
            ],
            [
              105.982112,
              -5.992274
            ]
          ],
          [
            [
              105.982112,
              -5.992274
            ],
            [
              105.982114,
              -5.992215
            ]
          ],
          [
            [
              105.982114,
              -5.992215
            ],
            [
              105.982151,
              -5.992128
            ]
          ],
          [
            [
              105.982151,
              -5.992128
            ],
            [
              105.982269,
              -5.992078
            ]
          ],
          [
            [
              105.982269,
              -5.992078
            ],
            [
              105.982411,
              -5.992151
            ]
          ],
          [
            [
              105.982411,
              -5.992151
            ],
            [
              105.982555,
              -5.992157
            ]
          ],
          [
            [
              105.982555,
              -5.992157
            ],
            [
              105.982723,
              -5.992094
            ]
          ],
          [
            [
              105.982723,
              -5.992094
            ],
            [
              105.982954,
              -5.991921
            ]
          ],
          [
            [
              105.982954,
              -5.991921
            ],
            [
              105.983003,
              -5.991844
            ]
          ],
          [
            [
              105.983003,
              -5.991844
            ],
            [
              105.983046,
              -5.99154
            ]
          ],
          [
            [
              105.983046,
              -5.99154
            ],
            [
              105.983032,
              -5.991267
            ]
          ],
          [
            [
              105.983032,
              -5.991267
            ],
            [
              105.982989,
              -5.991093
            ]
          ],
          [
            [
              105.982989,
              -5.991093
            ],
            [
              105.982984,
              -5.990993
            ]
          ],
          [
            [
              105.982984,
              -5.990993
            ],
            [
              105.983054,
              -5.990718
            ]
          ],
          [
            [
              105.983054,
              -5.990718
            ],
            [
              105.983119,
              -5.990589
            ]
          ],
          [
            [
              105.983119,
              -5.990589
            ],
            [
              105.983167,
              -5.990555
            ]
          ],
          [
            [
              105.983167,
              -5.990555
            ],
            [
              105.983205,
              -5.990484
            ]
          ],
          [
            [
              105.983205,
              -5.990484
            ],
            [
              105.983368,
              -5.990271
            ]
          ],
          [
            [
              105.983368,
              -5.990271
            ],
            [
              105.983756,
              -5.989894
            ]
          ],
          [
            [
              105.983756,
              -5.989894
            ],
            [
              105.983962,
              -5.989567
            ]
          ],
          [
            [
              105.983962,
              -5.989567
            ],
            [
              105.984027,
              -5.98939
            ]
          ],
          [
            [
              105.984027,
              -5.98939
            ],
            [
              105.984038,
              -5.989262
            ]
          ],
          [
            [
              105.984038,
              -5.989262
            ],
            [
              105.984066,
              -5.98926
            ]
          ],
          [
            [
              105.984066,
              -5.98926
            ],
            [
              105.984094,
              -5.989163
            ]
          ],
          [
            [
              105.984094,
              -5.989163
            ],
            [
              105.984051,
              -5.988972
            ]
          ],
          [
            [
              105.984051,
              -5.988972
            ],
            [
              105.984085,
              -5.988596
            ]
          ],
          [
            [
              105.984085,
              -5.988596
            ],
            [
              105.984138,
              -5.9885
            ]
          ],
          [
            [
              105.984138,
              -5.9885
            ],
            [
              105.984222,
              -5.988458
            ]
          ],
          [
            [
              105.984222,
              -5.988458
            ],
            [
              105.984401,
              -5.988428
            ]
          ],
          [
            [
              105.984401,
              -5.988428
            ],
            [
              105.984562,
              -5.988356
            ]
          ],
          [
            [
              105.984562,
              -5.988356
            ],
            [
              105.98501,
              -5.987913
            ]
          ],
          [
            [
              105.98501,
              -5.987913
            ],
            [
              105.985272,
              -5.987529
            ]
          ],
          [
            [
              105.985272,
              -5.987529
            ],
            [
              105.985344,
              -5.987391
            ]
          ],
          [
            [
              105.985344,
              -5.987391
            ],
            [
              105.985432,
              -5.987301
            ]
          ],
          [
            [
              105.985432,
              -5.987301
            ],
            [
              105.985701,
              -5.986936
            ]
          ],
          [
            [
              105.985701,
              -5.986936
            ],
            [
              105.985892,
              -5.986619
            ]
          ],
          [
            [
              105.985892,
              -5.986619
            ],
            [
              105.986138,
              -5.986108
            ]
          ],
          [
            [
              105.986138,
              -5.986108
            ],
            [
              105.98622,
              -5.986008
            ]
          ],
          [
            [
              105.98622,
              -5.986008
            ],
            [
              105.986297,
              -5.98584
            ]
          ],
          [
            [
              105.986297,
              -5.98584
            ],
            [
              105.986446,
              -5.985583
            ]
          ],
          [
            [
              105.986446,
              -5.985583
            ],
            [
              105.986583,
              -5.985391
            ]
          ],
          [
            [
              105.986583,
              -5.985391
            ],
            [
              105.986702,
              -5.985343
            ]
          ],
          [
            [
              105.986702,
              -5.985343
            ],
            [
              105.987129,
              -5.985337
            ]
          ],
          [
            [
              105.987129,
              -5.985337
            ],
            [
              105.987244,
              -5.985285
            ]
          ],
          [
            [
              105.987244,
              -5.985285
            ],
            [
              105.987536,
              -5.985108
            ]
          ],
          [
            [
              105.987536,
              -5.985108
            ],
            [
              105.987664,
              -5.985057
            ]
          ],
          [
            [
              105.987664,
              -5.985057
            ],
            [
              105.987841,
              -5.985012
            ]
          ],
          [
            [
              105.987841,
              -5.985012
            ],
            [
              105.988433,
              -5.98494
            ]
          ],
          [
            [
              105.988433,
              -5.98494
            ],
            [
              105.98959,
              -5.984609
            ]
          ],
          [
            [
              105.98959,
              -5.984609
            ],
            [
              105.989964,
              -5.984601
            ]
          ],
          [
            [
              105.989964,
              -5.984601
            ],
            [
              105.990236,
              -5.984622
            ]
          ],
          [
            [
              105.990236,
              -5.984622
            ],
            [
              105.99048,
              -5.984572
            ]
          ],
          [
            [
              105.99048,
              -5.984572
            ],
            [
              105.990745,
              -5.98455
            ]
          ],
          [
            [
              105.990745,
              -5.98455
            ],
            [
              105.990817,
              -5.984427
            ]
          ],
          [
            [
              105.990817,
              -5.984427
            ],
            [
              105.990777,
              -5.984274
            ]
          ],
          [
            [
              105.990777,
              -5.984274
            ],
            [
              105.990737,
              -5.984207
            ]
          ],
          [
            [
              105.990737,
              -5.984207
            ],
            [
              105.990728,
              -5.984132
            ]
          ],
          [
            [
              105.990728,
              -5.984132
            ],
            [
              105.990669,
              -5.984055
            ]
          ],
          [
            [
              105.990669,
              -5.984055
            ],
            [
              105.990651,
              -5.983877
            ]
          ],
          [
            [
              105.990651,
              -5.983877
            ],
            [
              105.990552,
              -5.983331
            ]
          ],
          [
            [
              105.990552,
              -5.983331
            ],
            [
              105.990283,
              -5.982583
            ]
          ],
          [
            [
              105.990283,
              -5.982583
            ],
            [
              105.990138,
              -5.982356
            ]
          ],
          [
            [
              105.990138,
              -5.982356
            ],
            [
              105.989949,
              -5.982203
            ]
          ],
          [
            [
              105.989949,
              -5.982203
            ],
            [
              105.989407,
              -5.982046
            ]
          ],
          [
            [
              105.989407,
              -5.982046
            ],
            [
              105.989328,
              -5.982011
            ]
          ],
          [
            [
              105.989328,
              -5.982011
            ],
            [
              105.989283,
              -5.981937
            ]
          ],
          [
            [
              105.989283,
              -5.981937
            ],
            [
              105.989193,
              -5.981651
            ]
          ],
          [
            [
              105.989193,
              -5.981651
            ],
            [
              105.989085,
              -5.981501
            ]
          ],
          [
            [
              105.989085,
              -5.981501
            ],
            [
              105.989115,
              -5.981442
            ]
          ],
          [
            [
              105.989115,
              -5.981442
            ],
            [
              105.989125,
              -5.981287
            ]
          ],
          [
            [
              105.989125,
              -5.981287
            ],
            [
              105.989187,
              -5.981198
            ]
          ],
          [
            [
              105.989187,
              -5.981198
            ],
            [
              105.989252,
              -5.981149
            ]
          ],
          [
            [
              105.989252,
              -5.981149
            ],
            [
              105.989429,
              -5.981084
            ]
          ],
          [
            [
              105.989429,
              -5.981084
            ],
            [
              105.989486,
              -5.981036
            ]
          ],
          [
            [
              105.989486,
              -5.981036
            ],
            [
              105.989694,
              -5.98078
            ]
          ],
          [
            [
              105.989694,
              -5.98078
            ],
            [
              105.989828,
              -5.980791
            ]
          ],
          [
            [
              105.989828,
              -5.980791
            ],
            [
              105.990158,
              -5.980862
            ]
          ],
          [
            [
              105.990158,
              -5.980862
            ],
            [
              105.990775,
              -5.981062
            ]
          ],
          [
            [
              105.990775,
              -5.981062
            ],
            [
              105.991435,
              -5.98109
            ]
          ],
          [
            [
              105.991435,
              -5.98109
            ],
            [
              105.991693,
              -5.98119
            ]
          ],
          [
            [
              105.991693,
              -5.98119
            ],
            [
              105.992009,
              -5.981275
            ]
          ],
          [
            [
              105.992009,
              -5.981275
            ],
            [
              105.99231,
              -5.981332
            ]
          ],
          [
            [
              105.99231,
              -5.981332
            ],
            [
              105.992568,
              -5.98136
            ]
          ],
          [
            [
              105.992568,
              -5.98136
            ],
            [
              105.993391,
              -5.981256
            ]
          ],
          [
            [
              105.993391,
              -5.981256
            ],
            [
              105.99362,
              -5.981122
            ]
          ],
          [
            [
              105.99362,
              -5.981122
            ],
            [
              105.993773,
              -5.980997
            ]
          ],
          [
            [
              105.993773,
              -5.980997
            ],
            [
              105.993868,
              -5.980815
            ]
          ],
          [
            [
              105.993868,
              -5.980815
            ],
            [
              105.993897,
              -5.980643
            ]
          ],
          [
            [
              105.993897,
              -5.980643
            ],
            [
              105.99382,
              -5.980346
            ]
          ],
          [
            [
              105.99382,
              -5.980346
            ],
            [
              105.993513,
              -5.979792
            ]
          ],
          [
            [
              105.993513,
              -5.979792
            ],
            [
              105.993263,
              -5.979256
            ]
          ],
          [
            [
              105.993263,
              -5.979256
            ],
            [
              105.993024,
              -5.979065
            ]
          ],
          [
            [
              105.993024,
              -5.979065
            ],
            [
              105.992717,
              -5.978759
            ]
          ],
          [
            [
              105.992717,
              -5.978759
            ],
            [
              105.992306,
              -5.978473
            ]
          ],
          [
            [
              105.992306,
              -5.978473
            ],
            [
              105.99222,
              -5.978473
            ]
          ],
          [
            [
              105.99222,
              -5.978473
            ],
            [
              105.992105,
              -5.978665
            ]
          ],
          [
            [
              105.992105,
              -5.978665
            ],
            [
              105.991933,
              -5.978588
            ]
          ],
          [
            [
              105.991933,
              -5.978588
            ],
            [
              105.991847,
              -5.978493
            ]
          ],
          [
            [
              105.991847,
              -5.978493
            ],
            [
              105.991799,
              -5.978368
            ]
          ],
          [
            [
              105.991799,
              -5.978368
            ],
            [
              105.991772,
              -5.978224
            ]
          ],
          [
            [
              105.991772,
              -5.978224
            ],
            [
              105.991935,
              -5.978022
            ]
          ],
          [
            [
              105.991935,
              -5.978022
            ],
            [
              105.992005,
              -5.977993
            ]
          ],
          [
            [
              105.992005,
              -5.977993
            ],
            [
              105.992109,
              -5.977813
            ]
          ],
          [
            [
              105.992109,
              -5.977813
            ],
            [
              105.992161,
              -5.977636
            ]
          ],
          [
            [
              105.992161,
              -5.977636
            ],
            [
              105.99224,
              -5.97758
            ]
          ],
          [
            [
              105.99224,
              -5.97758
            ],
            [
              105.992389,
              -5.97735
            ]
          ],
          [
            [
              105.992389,
              -5.97735
            ],
            [
              105.992549,
              -5.977295
            ]
          ],
          [
            [
              105.992549,
              -5.977295
            ],
            [
              105.992652,
              -5.977207
            ]
          ],
          [
            [
              105.992652,
              -5.977207
            ],
            [
              105.99282,
              -5.977014
            ]
          ],
          [
            [
              105.99282,
              -5.977014
            ],
            [
              105.992856,
              -5.976933
            ]
          ],
          [
            [
              105.992856,
              -5.976933
            ],
            [
              105.992824,
              -5.976908
            ]
          ],
          [
            [
              105.992824,
              -5.976908
            ],
            [
              105.992905,
              -5.976936
            ]
          ],
          [
            [
              105.992905,
              -5.976936
            ],
            [
              105.992906,
              -5.976907
            ]
          ],
          [
            [
              105.992906,
              -5.976907
            ],
            [
              105.99285,
              -5.976866
            ]
          ],
          [
            [
              105.99285,
              -5.976866
            ],
            [
              105.992901,
              -5.976897
            ]
          ],
          [
            [
              105.992901,
              -5.976897
            ],
            [
              105.992965,
              -5.976838
            ]
          ],
          [
            [
              105.992965,
              -5.976838
            ],
            [
              105.993091,
              -5.976577
            ]
          ],
          [
            [
              105.993091,
              -5.976577
            ],
            [
              105.993257,
              -5.97634
            ]
          ],
          [
            [
              105.993257,
              -5.97634
            ],
            [
              105.993584,
              -5.976214
            ]
          ],
          [
            [
              105.993584,
              -5.976214
            ],
            [
              105.993678,
              -5.976201
            ]
          ],
          [
            [
              105.993678,
              -5.976201
            ],
            [
              105.993738,
              -5.976151
            ]
          ],
          [
            [
              105.993738,
              -5.976151
            ],
            [
              105.993892,
              -5.976085
            ]
          ],
          [
            [
              105.993892,
              -5.976085
            ],
            [
              105.993898,
              -5.976041
            ]
          ],
          [
            [
              105.993898,
              -5.976041
            ],
            [
              105.993935,
              -5.976049
            ]
          ],
          [
            [
              105.993935,
              -5.976049
            ],
            [
              105.993971,
              -5.975985
            ]
          ],
          [
            [
              105.993971,
              -5.975985
            ],
            [
              105.993997,
              -5.975981
            ]
          ],
          [
            [
              105.993997,
              -5.975981
            ],
            [
              105.994056,
              -5.975872
            ]
          ],
          [
            [
              105.994056,
              -5.975872
            ],
            [
              105.993946,
              -5.975818
            ]
          ],
          [
            [
              105.993946,
              -5.975818
            ],
            [
              105.994014,
              -5.975691
            ]
          ],
          [
            [
              105.994014,
              -5.975691
            ],
            [
              105.994118,
              -5.975749
            ]
          ],
          [
            [
              105.994118,
              -5.975749
            ],
            [
              105.994144,
              -5.975703
            ]
          ],
          [
            [
              105.994144,
              -5.975703
            ],
            [
              105.994144,
              -5.975637
            ]
          ],
          [
            [
              105.994144,
              -5.975637
            ],
            [
              105.994183,
              -5.975623
            ]
          ],
          [
            [
              105.994183,
              -5.975623
            ],
            [
              105.994225,
              -5.975575
            ]
          ],
          [
            [
              105.994225,
              -5.975575
            ],
            [
              105.994486,
              -5.975508
            ]
          ],
          [
            [
              105.994486,
              -5.975508
            ],
            [
              105.994761,
              -5.975501
            ]
          ],
          [
            [
              105.994761,
              -5.975501
            ],
            [
              105.9948,
              -5.975456
            ]
          ],
          [
            [
              105.9948,
              -5.975456
            ],
            [
              105.994845,
              -5.975451
            ]
          ],
          [
            [
              105.994845,
              -5.975451
            ],
            [
              105.994905,
              -5.975396
            ]
          ],
          [
            [
              105.994905,
              -5.975396
            ],
            [
              105.99515,
              -5.975267
            ]
          ],
          [
            [
              105.99515,
              -5.975267
            ],
            [
              105.995315,
              -5.97514
            ]
          ],
          [
            [
              105.995315,
              -5.97514
            ],
            [
              105.995543,
              -5.975013
            ]
          ],
          [
            [
              105.995543,
              -5.975013
            ],
            [
              105.995655,
              -5.975016
            ]
          ],
          [
            [
              105.995655,
              -5.975016
            ],
            [
              105.995757,
              -5.975078
            ]
          ],
          [
            [
              105.995757,
              -5.975078
            ],
            [
              105.995795,
              -5.975074
            ]
          ],
          [
            [
              105.995795,
              -5.975074
            ],
            [
              105.995813,
              -5.975056
            ]
          ],
          [
            [
              105.995813,
              -5.975056
            ],
            [
              105.995799,
              -5.975018
            ]
          ],
          [
            [
              105.995799,
              -5.975018
            ],
            [
              105.99575,
              -5.974974
            ]
          ],
          [
            [
              105.99575,
              -5.974974
            ],
            [
              105.995753,
              -5.974921
            ]
          ],
          [
            [
              105.995753,
              -5.974921
            ],
            [
              105.995952,
              -5.974702
            ]
          ],
          [
            [
              105.995952,
              -5.974702
            ],
            [
              105.995944,
              -5.97469
            ]
          ],
          [
            [
              105.995944,
              -5.97469
            ],
            [
              105.996046,
              -5.974302
            ]
          ],
          [
            [
              105.996046,
              -5.974302
            ],
            [
              105.996079,
              -5.974237
            ]
          ],
          [
            [
              105.996079,
              -5.974237
            ],
            [
              105.996151,
              -5.973896
            ]
          ],
          [
            [
              105.996151,
              -5.973896
            ],
            [
              105.996177,
              -5.973397
            ]
          ],
          [
            [
              105.996177,
              -5.973397
            ],
            [
              105.996187,
              -5.973382
            ]
          ],
          [
            [
              105.996187,
              -5.973382
            ],
            [
              105.9962,
              -5.97339
            ]
          ],
          [
            [
              105.9962,
              -5.97339
            ],
            [
              105.996235,
              -5.973434
            ]
          ],
          [
            [
              105.996235,
              -5.973434
            ],
            [
              105.996233,
              -5.973376
            ]
          ],
          [
            [
              105.996233,
              -5.973376
            ],
            [
              105.996252,
              -5.973363
            ]
          ],
          [
            [
              105.996252,
              -5.973363
            ],
            [
              105.996225,
              -5.973344
            ]
          ],
          [
            [
              105.996225,
              -5.973344
            ],
            [
              105.996211,
              -5.97329
            ]
          ],
          [
            [
              105.996211,
              -5.97329
            ],
            [
              105.996209,
              -5.973166
            ]
          ],
          [
            [
              105.996209,
              -5.973166
            ],
            [
              105.996182,
              -5.973146
            ]
          ],
          [
            [
              105.996182,
              -5.973146
            ],
            [
              105.996134,
              -5.973
            ]
          ],
          [
            [
              105.996134,
              -5.973
            ],
            [
              105.996147,
              -5.972974
            ]
          ],
          [
            [
              105.996147,
              -5.972974
            ],
            [
              105.99614,
              -5.972898
            ]
          ],
          [
            [
              105.99614,
              -5.972898
            ],
            [
              105.996191,
              -5.972861
            ]
          ],
          [
            [
              105.996191,
              -5.972861
            ],
            [
              105.996208,
              -5.9729
            ]
          ],
          [
            [
              105.996208,
              -5.9729
            ],
            [
              105.996159,
              -5.972908
            ]
          ],
          [
            [
              105.996159,
              -5.972908
            ],
            [
              105.996201,
              -5.972929
            ]
          ],
          [
            [
              105.996201,
              -5.972929
            ],
            [
              105.996194,
              -5.972908
            ]
          ],
          [
            [
              105.996194,
              -5.972908
            ],
            [
              105.996227,
              -5.972893
            ]
          ],
          [
            [
              105.996227,
              -5.972893
            ],
            [
              105.996225,
              -5.972925
            ]
          ],
          [
            [
              105.996225,
              -5.972925
            ],
            [
              105.996241,
              -5.972889
            ]
          ],
          [
            [
              105.996241,
              -5.972889
            ],
            [
              105.996198,
              -5.972823
            ]
          ],
          [
            [
              105.996198,
              -5.972823
            ],
            [
              105.996186,
              -5.972748
            ]
          ],
          [
            [
              105.996186,
              -5.972748
            ],
            [
              105.996166,
              -5.972742
            ]
          ],
          [
            [
              105.996166,
              -5.972742
            ],
            [
              105.996129,
              -5.972653
            ]
          ],
          [
            [
              105.996129,
              -5.972653
            ],
            [
              105.996077,
              -5.972708
            ]
          ],
          [
            [
              105.996077,
              -5.972708
            ],
            [
              105.996066,
              -5.972672
            ]
          ],
          [
            [
              105.996066,
              -5.972672
            ],
            [
              105.996023,
              -5.972649
            ]
          ],
          [
            [
              105.996023,
              -5.972649
            ],
            [
              105.996043,
              -5.972612
            ]
          ],
          [
            [
              105.996043,
              -5.972612
            ],
            [
              105.996021,
              -5.972576
            ]
          ],
          [
            [
              105.996021,
              -5.972576
            ],
            [
              105.996029,
              -5.972508
            ]
          ],
          [
            [
              105.996029,
              -5.972508
            ],
            [
              105.995999,
              -5.972428
            ]
          ],
          [
            [
              105.995999,
              -5.972428
            ],
            [
              105.996005,
              -5.972356
            ]
          ],
          [
            [
              105.996005,
              -5.972356
            ],
            [
              105.995981,
              -5.972258
            ]
          ],
          [
            [
              105.995981,
              -5.972258
            ],
            [
              105.995999,
              -5.972202
            ]
          ],
          [
            [
              105.995999,
              -5.972202
            ],
            [
              105.995986,
              -5.972161
            ]
          ],
          [
            [
              105.995986,
              -5.972161
            ],
            [
              105.995995,
              -5.97213
            ]
          ],
          [
            [
              105.995995,
              -5.97213
            ],
            [
              105.995972,
              -5.972012
            ]
          ],
          [
            [
              105.995972,
              -5.972012
            ],
            [
              105.9959,
              -5.971878
            ]
          ],
          [
            [
              105.9959,
              -5.971878
            ],
            [
              105.995877,
              -5.971755
            ]
          ],
          [
            [
              105.995877,
              -5.971755
            ],
            [
              105.995852,
              -5.971741
            ]
          ],
          [
            [
              105.995852,
              -5.971741
            ],
            [
              105.995885,
              -5.971536
            ]
          ],
          [
            [
              105.995885,
              -5.971536
            ],
            [
              105.995806,
              -5.971545
            ]
          ],
          [
            [
              105.995806,
              -5.971545
            ],
            [
              105.995822,
              -5.97149
            ]
          ],
          [
            [
              105.995822,
              -5.97149
            ],
            [
              105.995873,
              -5.971493
            ]
          ],
          [
            [
              105.995873,
              -5.971493
            ],
            [
              105.995893,
              -5.97147
            ]
          ],
          [
            [
              105.995893,
              -5.97147
            ],
            [
              105.9959,
              -5.971403
            ]
          ],
          [
            [
              105.9959,
              -5.971403
            ],
            [
              105.995922,
              -5.971386
            ]
          ],
          [
            [
              105.995922,
              -5.971386
            ],
            [
              105.995943,
              -5.971306
            ]
          ],
          [
            [
              105.995943,
              -5.971306
            ],
            [
              105.995924,
              -5.971303
            ]
          ],
          [
            [
              105.995924,
              -5.971303
            ],
            [
              105.995954,
              -5.971285
            ]
          ],
          [
            [
              105.995954,
              -5.971285
            ],
            [
              105.995989,
              -5.971165
            ]
          ],
          [
            [
              105.995989,
              -5.971165
            ],
            [
              105.996007,
              -5.971014
            ]
          ],
          [
            [
              105.996007,
              -5.971014
            ],
            [
              105.996037,
              -5.970951
            ]
          ],
          [
            [
              105.996037,
              -5.970951
            ],
            [
              105.996081,
              -5.970759
            ]
          ],
          [
            [
              105.996081,
              -5.970759
            ],
            [
              105.996089,
              -5.970486
            ]
          ],
          [
            [
              105.996089,
              -5.970486
            ],
            [
              105.996364,
              -5.969195
            ]
          ],
          [
            [
              105.996364,
              -5.969195
            ],
            [
              105.996364,
              -5.968989
            ]
          ],
          [
            [
              105.996364,
              -5.968989
            ],
            [
              105.996021,
              -5.968669
            ]
          ],
          [
            [
              105.996021,
              -5.968669
            ],
            [
              105.995815,
              -5.968452
            ]
          ],
          [
            [
              105.995815,
              -5.968452
            ],
            [
              105.996261,
              -5.967767
            ]
          ],
          [
            [
              105.996261,
              -5.967767
            ],
            [
              105.996775,
              -5.967973
            ]
          ],
          [
            [
              105.996775,
              -5.967973
            ],
            [
              105.996946,
              -5.967996
            ]
          ],
          [
            [
              105.996946,
              -5.967996
            ],
            [
              105.997197,
              -5.967322
            ]
          ],
          [
            [
              105.997197,
              -5.967322
            ],
            [
              105.997152,
              -5.966659
            ]
          ],
          [
            [
              105.997152,
              -5.966659
            ],
            [
              105.996341,
              -5.966899
            ]
          ],
          [
            [
              105.996341,
              -5.966899
            ],
            [
              105.996021,
              -5.964546
            ]
          ],
          [
            [
              105.996021,
              -5.964546
            ],
            [
              105.996295,
              -5.96377
            ]
          ],
          [
            [
              105.996295,
              -5.96377
            ],
            [
              105.996535,
              -5.963381
            ]
          ],
          [
            [
              105.996535,
              -5.963381
            ],
            [
              105.997197,
              -5.962947
            ]
          ],
          [
            [
              105.997197,
              -5.962947
            ],
            [
              105.99729,
              -5.962928
            ]
          ],
          [
            [
              105.99729,
              -5.962928
            ],
            [
              105.997456,
              -5.962841
            ]
          ],
          [
            [
              105.997456,
              -5.962841
            ],
            [
              105.998293,
              -5.962921
            ]
          ],
          [
            [
              105.998293,
              -5.962921
            ],
            [
              105.998301,
              -5.96286
            ]
          ],
          [
            [
              105.998301,
              -5.96286
            ],
            [
              105.997744,
              -5.962821
            ]
          ],
          [
            [
              105.997744,
              -5.962821
            ],
            [
              105.997314,
              -5.962765
            ]
          ],
          [
            [
              105.997314,
              -5.962765
            ],
            [
              105.997223,
              -5.962734
            ]
          ],
          [
            [
              105.997223,
              -5.962734
            ],
            [
              105.997218,
              -5.962685
            ]
          ],
          [
            [
              105.997218,
              -5.962685
            ],
            [
              105.997259,
              -5.962524
            ]
          ],
          [
            [
              105.997259,
              -5.962524
            ],
            [
              105.997343,
              -5.962479
            ]
          ],
          [
            [
              105.997343,
              -5.962479
            ],
            [
              105.997362,
              -5.962339
            ]
          ],
          [
            [
              105.997362,
              -5.962339
            ],
            [
              105.997562,
              -5.961835
            ]
          ],
          [
            [
              105.997562,
              -5.961835
            ],
            [
              105.997598,
              -5.961711
            ]
          ],
          [
            [
              105.997598,
              -5.961711
            ],
            [
              105.997624,
              -5.961686
            ]
          ],
          [
            [
              105.997624,
              -5.961686
            ],
            [
              105.99771,
              -5.961406
            ]
          ],
          [
            [
              105.99771,
              -5.961406
            ],
            [
              105.99777,
              -5.961283
            ]
          ],
          [
            [
              105.99777,
              -5.961283
            ],
            [
              105.997772,
              -5.961245
            ]
          ],
          [
            [
              105.997772,
              -5.961245
            ],
            [
              105.997839,
              -5.961115
            ]
          ],
          [
            [
              105.997839,
              -5.961115
            ],
            [
              105.997851,
              -5.961031
            ]
          ],
          [
            [
              105.997851,
              -5.961031
            ],
            [
              105.997907,
              -5.960993
            ]
          ],
          [
            [
              105.997907,
              -5.960993
            ],
            [
              105.9981,
              -5.960944
            ]
          ],
          [
            [
              105.9981,
              -5.960944
            ],
            [
              105.998179,
              -5.960953
            ]
          ],
          [
            [
              105.998179,
              -5.960953
            ],
            [
              105.998218,
              -5.960915
            ]
          ],
          [
            [
              105.998218,
              -5.960915
            ],
            [
              105.998651,
              -5.9608
            ]
          ],
          [
            [
              105.998651,
              -5.9608
            ],
            [
              105.99869,
              -5.960764
            ]
          ],
          [
            [
              105.99869,
              -5.960764
            ],
            [
              105.998763,
              -5.960737
            ]
          ],
          [
            [
              105.998763,
              -5.960737
            ],
            [
              105.9987,
              -5.960712
            ]
          ],
          [
            [
              105.9987,
              -5.960712
            ],
            [
              105.998716,
              -5.960618
            ]
          ],
          [
            [
              105.998716,
              -5.960618
            ],
            [
              105.998764,
              -5.960581
            ]
          ],
          [
            [
              105.998764,
              -5.960581
            ],
            [
              105.998771,
              -5.960548
            ]
          ],
          [
            [
              105.998771,
              -5.960548
            ],
            [
              105.998752,
              -5.960446
            ]
          ],
          [
            [
              105.998752,
              -5.960446
            ],
            [
              105.998734,
              -5.960408
            ]
          ],
          [
            [
              105.998734,
              -5.960408
            ],
            [
              105.998672,
              -5.960362
            ]
          ],
          [
            [
              105.998672,
              -5.960362
            ],
            [
              105.998658,
              -5.960278
            ]
          ],
          [
            [
              105.998658,
              -5.960278
            ],
            [
              105.998675,
              -5.960225
            ]
          ],
          [
            [
              105.998675,
              -5.960225
            ],
            [
              105.998659,
              -5.960127
            ]
          ],
          [
            [
              105.998659,
              -5.960127
            ],
            [
              105.998682,
              -5.960029
            ]
          ],
          [
            [
              105.998682,
              -5.960029
            ],
            [
              105.998662,
              -5.959968
            ]
          ],
          [
            [
              105.998662,
              -5.959968
            ],
            [
              105.99864,
              -5.959657
            ]
          ],
          [
            [
              105.99864,
              -5.959657
            ],
            [
              105.998626,
              -5.959625
            ]
          ],
          [
            [
              105.998626,
              -5.959625
            ],
            [
              105.998637,
              -5.959593
            ]
          ],
          [
            [
              105.998637,
              -5.959593
            ],
            [
              105.99862,
              -5.959559
            ]
          ],
          [
            [
              105.99862,
              -5.959559
            ],
            [
              105.998633,
              -5.959474
            ]
          ],
          [
            [
              105.998633,
              -5.959474
            ],
            [
              105.99862,
              -5.959425
            ]
          ],
          [
            [
              105.99862,
              -5.959425
            ],
            [
              105.998627,
              -5.959285
            ]
          ],
          [
            [
              105.998627,
              -5.959285
            ],
            [
              105.998591,
              -5.959134
            ]
          ],
          [
            [
              105.998591,
              -5.959134
            ],
            [
              105.998601,
              -5.959093
            ]
          ],
          [
            [
              105.998601,
              -5.959093
            ],
            [
              105.998573,
              -5.959014
            ]
          ],
          [
            [
              105.998573,
              -5.959014
            ],
            [
              105.998587,
              -5.958946
            ]
          ],
          [
            [
              105.998587,
              -5.958946
            ],
            [
              105.998745,
              -5.958934
            ]
          ],
          [
            [
              105.998745,
              -5.958934
            ],
            [
              105.998787,
              -5.9589
            ]
          ],
          [
            [
              105.998787,
              -5.9589
            ],
            [
              105.998796,
              -5.95885
            ]
          ],
          [
            [
              105.998796,
              -5.95885
            ],
            [
              105.998729,
              -5.958256
            ]
          ],
          [
            [
              105.998729,
              -5.958256
            ],
            [
              105.998708,
              -5.958121
            ]
          ],
          [
            [
              105.998708,
              -5.958121
            ],
            [
              105.99868,
              -5.958056
            ]
          ],
          [
            [
              105.99868,
              -5.958056
            ],
            [
              105.998675,
              -5.957925
            ]
          ],
          [
            [
              105.998675,
              -5.957925
            ],
            [
              105.998646,
              -5.957821
            ]
          ],
          [
            [
              105.998646,
              -5.957821
            ],
            [
              105.998655,
              -5.957752
            ]
          ],
          [
            [
              105.998655,
              -5.957752
            ],
            [
              105.998635,
              -5.95775
            ]
          ],
          [
            [
              105.998635,
              -5.95775
            ],
            [
              105.998657,
              -5.957707
            ]
          ],
          [
            [
              105.998657,
              -5.957707
            ],
            [
              105.998632,
              -5.957583
            ]
          ],
          [
            [
              105.998632,
              -5.957583
            ],
            [
              105.998635,
              -5.957507
            ]
          ],
          [
            [
              105.998635,
              -5.957507
            ],
            [
              105.99861,
              -5.957466
            ]
          ],
          [
            [
              105.99861,
              -5.957466
            ],
            [
              105.998626,
              -5.957214
            ]
          ],
          [
            [
              105.998626,
              -5.957214
            ],
            [
              105.998618,
              -5.957033
            ]
          ],
          [
            [
              105.998618,
              -5.957033
            ],
            [
              105.998594,
              -5.956937
            ]
          ],
          [
            [
              105.998594,
              -5.956937
            ],
            [
              105.998602,
              -5.956882
            ]
          ],
          [
            [
              105.998602,
              -5.956882
            ],
            [
              105.998586,
              -5.95678
            ]
          ],
          [
            [
              105.998586,
              -5.95678
            ],
            [
              105.998553,
              -5.956699
            ]
          ],
          [
            [
              105.998553,
              -5.956699
            ],
            [
              105.998534,
              -5.956553
            ]
          ],
          [
            [
              105.998534,
              -5.956553
            ],
            [
              105.998495,
              -5.956515
            ]
          ],
          [
            [
              105.998495,
              -5.956515
            ],
            [
              105.998494,
              -5.956487
            ]
          ],
          [
            [
              105.998494,
              -5.956487
            ],
            [
              105.998441,
              -5.956448
            ]
          ],
          [
            [
              105.998441,
              -5.956448
            ],
            [
              105.998436,
              -5.956408
            ]
          ],
          [
            [
              105.998436,
              -5.956408
            ],
            [
              105.998376,
              -5.956331
            ]
          ],
          [
            [
              105.998376,
              -5.956331
            ],
            [
              105.998321,
              -5.956292
            ]
          ],
          [
            [
              105.998321,
              -5.956292
            ],
            [
              105.998298,
              -5.956223
            ]
          ],
          [
            [
              105.998298,
              -5.956223
            ],
            [
              105.998248,
              -5.956156
            ]
          ],
          [
            [
              105.998248,
              -5.956156
            ],
            [
              105.998206,
              -5.955948
            ]
          ],
          [
            [
              105.998206,
              -5.955948
            ],
            [
              105.998104,
              -5.955726
            ]
          ],
          [
            [
              105.998104,
              -5.955726
            ],
            [
              105.998064,
              -5.955236
            ]
          ],
          [
            [
              105.998064,
              -5.955236
            ],
            [
              105.998119,
              -5.954892
            ]
          ],
          [
            [
              105.998119,
              -5.954892
            ],
            [
              105.998138,
              -5.954855
            ]
          ],
          [
            [
              105.998138,
              -5.954855
            ],
            [
              105.998141,
              -5.95475
            ]
          ],
          [
            [
              105.998141,
              -5.95475
            ],
            [
              105.998207,
              -5.954613
            ]
          ],
          [
            [
              105.998207,
              -5.954613
            ],
            [
              105.99826,
              -5.954546
            ]
          ],
          [
            [
              105.99826,
              -5.954546
            ],
            [
              105.998313,
              -5.954385
            ]
          ],
          [
            [
              105.998313,
              -5.954385
            ],
            [
              105.998347,
              -5.954356
            ]
          ],
          [
            [
              105.998347,
              -5.954356
            ],
            [
              105.998375,
              -5.954282
            ]
          ],
          [
            [
              105.998375,
              -5.954282
            ],
            [
              105.998368,
              -5.954255
            ]
          ],
          [
            [
              105.998368,
              -5.954255
            ],
            [
              105.998422,
              -5.954156
            ]
          ],
          [
            [
              105.998422,
              -5.954156
            ],
            [
              105.998484,
              -5.953982
            ]
          ],
          [
            [
              105.998484,
              -5.953982
            ],
            [
              105.998513,
              -5.95383
            ]
          ],
          [
            [
              105.998513,
              -5.95383
            ],
            [
              105.998575,
              -5.953756
            ]
          ],
          [
            [
              105.998575,
              -5.953756
            ],
            [
              105.998626,
              -5.953725
            ]
          ],
          [
            [
              105.998626,
              -5.953725
            ],
            [
              105.998782,
              -5.953467
            ]
          ],
          [
            [
              105.998782,
              -5.953467
            ],
            [
              105.998803,
              -5.95346
            ]
          ],
          [
            [
              105.998803,
              -5.95346
            ],
            [
              105.998855,
              -5.953369
            ]
          ],
          [
            [
              105.998855,
              -5.953369
            ],
            [
              105.998856,
              -5.953315
            ]
          ],
          [
            [
              105.998856,
              -5.953315
            ],
            [
              105.998913,
              -5.953212
            ]
          ],
          [
            [
              105.998913,
              -5.953212
            ],
            [
              105.998985,
              -5.95316
            ]
          ],
          [
            [
              105.998985,
              -5.95316
            ],
            [
              105.998995,
              -5.953097
            ]
          ],
          [
            [
              105.998995,
              -5.953097
            ],
            [
              105.999092,
              -5.952951
            ]
          ],
          [
            [
              105.999092,
              -5.952951
            ],
            [
              105.999144,
              -5.95283
            ]
          ],
          [
            [
              105.999144,
              -5.95283
            ],
            [
              105.999294,
              -5.952714
            ]
          ],
          [
            [
              105.999294,
              -5.952714
            ],
            [
              105.999365,
              -5.952704
            ]
          ],
          [
            [
              105.999365,
              -5.952704
            ],
            [
              105.999466,
              -5.952558
            ]
          ],
          [
            [
              105.999466,
              -5.952558
            ],
            [
              105.999401,
              -5.952484
            ]
          ],
          [
            [
              105.999401,
              -5.952484
            ],
            [
              105.99933,
              -5.952439
            ]
          ],
          [
            [
              105.99933,
              -5.952439
            ],
            [
              105.999343,
              -5.95241
            ]
          ],
          [
            [
              105.999343,
              -5.95241
            ],
            [
              105.99936,
              -5.952403
            ]
          ],
          [
            [
              105.99936,
              -5.952403
            ],
            [
              105.999376,
              -5.952437
            ]
          ],
          [
            [
              105.999376,
              -5.952437
            ],
            [
              105.999472,
              -5.952511
            ]
          ],
          [
            [
              105.999472,
              -5.952511
            ],
            [
              105.999505,
              -5.952488
            ]
          ],
          [
            [
              105.999505,
              -5.952488
            ],
            [
              105.999533,
              -5.952411
            ]
          ],
          [
            [
              105.999533,
              -5.952411
            ],
            [
              105.999547,
              -5.952288
            ]
          ],
          [
            [
              105.999547,
              -5.952288
            ],
            [
              105.99954,
              -5.952274
            ]
          ],
          [
            [
              105.99954,
              -5.952274
            ],
            [
              105.999523,
              -5.952281
            ]
          ],
          [
            [
              105.999523,
              -5.952281
            ],
            [
              105.999532,
              -5.952248
            ]
          ],
          [
            [
              105.999532,
              -5.952248
            ],
            [
              105.999619,
              -5.952247
            ]
          ],
          [
            [
              105.999619,
              -5.952247
            ],
            [
              105.999675,
              -5.952264
            ]
          ],
          [
            [
              105.999675,
              -5.952264
            ],
            [
              105.999722,
              -5.952254
            ]
          ],
          [
            [
              105.999722,
              -5.952254
            ],
            [
              105.999833,
              -5.952192
            ]
          ],
          [
            [
              105.999833,
              -5.952192
            ],
            [
              105.999948,
              -5.952155
            ]
          ],
          [
            [
              105.999948,
              -5.952155
            ],
            [
              105.999954,
              -5.952086
            ]
          ],
          [
            [
              105.999954,
              -5.952086
            ],
            [
              105.999987,
              -5.952028
            ]
          ],
          [
            [
              105.999987,
              -5.952028
            ],
            [
              105.999986,
              -5.952002
            ]
          ],
          [
            [
              105.999986,
              -5.952002
            ],
            [
              106.000013,
              -5.952038
            ]
          ],
          [
            [
              106.000013,
              -5.952038
            ],
            [
              106.000047,
              -5.952051
            ]
          ],
          [
            [
              106.000047,
              -5.952051
            ],
            [
              106.000104,
              -5.952032
            ]
          ],
          [
            [
              106.000104,
              -5.952032
            ],
            [
              106.000186,
              -5.951977
            ]
          ],
          [
            [
              106.000186,
              -5.951977
            ],
            [
              106.000189,
              -5.951888
            ]
          ],
          [
            [
              106.000189,
              -5.951888
            ],
            [
              106.000306,
              -5.951824
            ]
          ],
          [
            [
              106.000306,
              -5.951824
            ],
            [
              106.000382,
              -5.951668
            ]
          ],
          [
            [
              106.000382,
              -5.951668
            ],
            [
              106.000359,
              -5.951596
            ]
          ],
          [
            [
              106.000359,
              -5.951596
            ],
            [
              106.000472,
              -5.951548
            ]
          ],
          [
            [
              106.000472,
              -5.951548
            ],
            [
              106.000512,
              -5.951475
            ]
          ],
          [
            [
              106.000512,
              -5.951475
            ],
            [
              106.000515,
              -5.951406
            ]
          ],
          [
            [
              106.000515,
              -5.951406
            ],
            [
              106.000581,
              -5.951329
            ]
          ],
          [
            [
              106.000581,
              -5.951329
            ],
            [
              106.000598,
              -5.951271
            ]
          ],
          [
            [
              106.000598,
              -5.951271
            ],
            [
              106.000601,
              -5.951169
            ]
          ],
          [
            [
              106.000601,
              -5.951169
            ],
            [
              106.00058,
              -5.951102
            ]
          ],
          [
            [
              106.00058,
              -5.951102
            ],
            [
              106.000635,
              -5.951084
            ]
          ],
          [
            [
              106.000635,
              -5.951084
            ],
            [
              106.000692,
              -5.950943
            ]
          ],
          [
            [
              106.000692,
              -5.950943
            ],
            [
              106.000689,
              -5.950854
            ]
          ],
          [
            [
              106.000689,
              -5.950854
            ],
            [
              106.000708,
              -5.950776
            ]
          ],
          [
            [
              106.000708,
              -5.950776
            ],
            [
              106.000688,
              -5.950719
            ]
          ],
          [
            [
              106.000688,
              -5.950719
            ],
            [
              106.000689,
              -5.950662
            ]
          ],
          [
            [
              106.000689,
              -5.950662
            ],
            [
              106.000662,
              -5.950603
            ]
          ],
          [
            [
              106.000662,
              -5.950603
            ],
            [
              106.0007,
              -5.95055
            ]
          ],
          [
            [
              106.0007,
              -5.95055
            ],
            [
              106.000711,
              -5.950462
            ]
          ],
          [
            [
              106.000711,
              -5.950462
            ],
            [
              106.000757,
              -5.950369
            ]
          ],
          [
            [
              106.000757,
              -5.950369
            ],
            [
              106.000755,
              -5.95032
            ]
          ],
          [
            [
              106.000755,
              -5.95032
            ],
            [
              106.000826,
              -5.950115
            ]
          ],
          [
            [
              106.000826,
              -5.950115
            ],
            [
              106.00081,
              -5.950092
            ]
          ],
          [
            [
              106.00081,
              -5.950092
            ],
            [
              106.000753,
              -5.950067
            ]
          ],
          [
            [
              106.000753,
              -5.950067
            ],
            [
              106.000711,
              -5.949941
            ]
          ],
          [
            [
              106.000711,
              -5.949941
            ],
            [
              106.000722,
              -5.949859
            ]
          ],
          [
            [
              106.000722,
              -5.949859
            ],
            [
              106.000809,
              -5.949864
            ]
          ],
          [
            [
              106.000809,
              -5.949864
            ],
            [
              106.000856,
              -5.949743
            ]
          ],
          [
            [
              106.000856,
              -5.949743
            ],
            [
              106.00091,
              -5.949706
            ]
          ],
          [
            [
              106.00091,
              -5.949706
            ],
            [
              106.000929,
              -5.949643
            ]
          ],
          [
            [
              106.000929,
              -5.949643
            ],
            [
              106.000999,
              -5.949555
            ]
          ],
          [
            [
              106.000999,
              -5.949555
            ],
            [
              106.001024,
              -5.949442
            ]
          ],
          [
            [
              106.001024,
              -5.949442
            ],
            [
              106.001071,
              -5.949347
            ]
          ],
          [
            [
              106.001071,
              -5.949347
            ],
            [
              106.001064,
              -5.949312
            ]
          ],
          [
            [
              106.001064,
              -5.949312
            ],
            [
              106.001107,
              -5.94923
            ]
          ],
          [
            [
              106.001107,
              -5.94923
            ],
            [
              106.0011,
              -5.949171
            ]
          ],
          [
            [
              106.0011,
              -5.949171
            ],
            [
              106.001134,
              -5.949121
            ]
          ],
          [
            [
              106.001134,
              -5.949121
            ],
            [
              106.001173,
              -5.948861
            ]
          ],
          [
            [
              106.001173,
              -5.948861
            ],
            [
              106.001201,
              -5.948835
            ]
          ],
          [
            [
              106.001201,
              -5.948835
            ],
            [
              106.001323,
              -5.948814
            ]
          ],
          [
            [
              106.001323,
              -5.948814
            ],
            [
              106.001382,
              -5.948767
            ]
          ],
          [
            [
              106.001382,
              -5.948767
            ],
            [
              106.001405,
              -5.948769
            ]
          ],
          [
            [
              106.001405,
              -5.948769
            ],
            [
              106.001379,
              -5.948858
            ]
          ],
          [
            [
              106.001379,
              -5.948858
            ],
            [
              106.001389,
              -5.94888
            ]
          ],
          [
            [
              106.001389,
              -5.94888
            ],
            [
              106.001437,
              -5.94888
            ]
          ],
          [
            [
              106.001437,
              -5.94888
            ],
            [
              106.00147,
              -5.948801
            ]
          ],
          [
            [
              106.00147,
              -5.948801
            ],
            [
              106.001487,
              -5.948799
            ]
          ],
          [
            [
              106.001487,
              -5.948799
            ],
            [
              106.001499,
              -5.948814
            ]
          ],
          [
            [
              106.001499,
              -5.948814
            ],
            [
              106.001468,
              -5.948874
            ]
          ],
          [
            [
              106.001468,
              -5.948874
            ],
            [
              106.001471,
              -5.948909
            ]
          ],
          [
            [
              106.001471,
              -5.948909
            ],
            [
              106.001602,
              -5.948941
            ]
          ],
          [
            [
              106.001602,
              -5.948941
            ],
            [
              106.001624,
              -5.948924
            ]
          ],
          [
            [
              106.001624,
              -5.948924
            ],
            [
              106.001733,
              -5.948983
            ]
          ],
          [
            [
              106.001733,
              -5.948983
            ],
            [
              106.001733,
              -5.948917
            ]
          ],
          [
            [
              106.001733,
              -5.948917
            ],
            [
              106.001627,
              -5.948822
            ]
          ],
          [
            [
              106.001627,
              -5.948822
            ],
            [
              106.00159,
              -5.948823
            ]
          ],
          [
            [
              106.00159,
              -5.948823
            ],
            [
              106.001593,
              -5.948796
            ]
          ],
          [
            [
              106.001593,
              -5.948796
            ],
            [
              106.001655,
              -5.948811
            ]
          ],
          [
            [
              106.001655,
              -5.948811
            ],
            [
              106.00175,
              -5.948914
            ]
          ],
          [
            [
              106.00175,
              -5.948914
            ],
            [
              106.001771,
              -5.948924
            ]
          ],
          [
            [
              106.001771,
              -5.948924
            ],
            [
              106.001798,
              -5.948914
            ]
          ],
          [
            [
              106.001798,
              -5.948914
            ],
            [
              106.001784,
              -5.948871
            ]
          ],
          [
            [
              106.001784,
              -5.948871
            ],
            [
              106.001718,
              -5.948811
            ]
          ],
          [
            [
              106.001718,
              -5.948811
            ],
            [
              106.001691,
              -5.948806
            ]
          ],
          [
            [
              106.001691,
              -5.948806
            ],
            [
              106.001682,
              -5.948777
            ]
          ],
          [
            [
              106.001682,
              -5.948777
            ],
            [
              106.001793,
              -5.948864
            ]
          ],
          [
            [
              106.001793,
              -5.948864
            ],
            [
              106.00183,
              -5.948921
            ]
          ],
          [
            [
              106.00183,
              -5.948921
            ],
            [
              106.00188,
              -5.948935
            ]
          ],
          [
            [
              106.00188,
              -5.948935
            ],
            [
              106.001911,
              -5.948921
            ]
          ],
          [
            [
              106.001911,
              -5.948921
            ],
            [
              106.001946,
              -5.948888
            ]
          ],
          [
            [
              106.001946,
              -5.948888
            ],
            [
              106.001978,
              -5.948794
            ]
          ],
          [
            [
              106.001978,
              -5.948794
            ],
            [
              106.002062,
              -5.948762
            ]
          ],
          [
            [
              106.002062,
              -5.948762
            ],
            [
              106.002066,
              -5.948742
            ]
          ],
          [
            [
              106.002066,
              -5.948742
            ],
            [
              106.002022,
              -5.94871
            ]
          ],
          [
            [
              106.002022,
              -5.94871
            ],
            [
              106.002014,
              -5.948688
            ]
          ],
          [
            [
              106.002014,
              -5.948688
            ],
            [
              106.002047,
              -5.948673
            ]
          ],
          [
            [
              106.002047,
              -5.948673
            ],
            [
              106.002072,
              -5.948597
            ]
          ],
          [
            [
              106.002072,
              -5.948597
            ],
            [
              106.002122,
              -5.948559
            ]
          ],
          [
            [
              106.002122,
              -5.948559
            ],
            [
              106.002127,
              -5.948525
            ]
          ],
          [
            [
              106.002127,
              -5.948525
            ],
            [
              106.002193,
              -5.948456
            ]
          ],
          [
            [
              106.002193,
              -5.948456
            ],
            [
              106.002261,
              -5.948304
            ]
          ],
          [
            [
              106.002261,
              -5.948304
            ],
            [
              106.002295,
              -5.948259
            ]
          ],
          [
            [
              106.002295,
              -5.948259
            ],
            [
              106.002318,
              -5.948252
            ]
          ],
          [
            [
              106.002318,
              -5.948252
            ],
            [
              106.002297,
              -5.94821
            ]
          ],
          [
            [
              106.002297,
              -5.94821
            ],
            [
              106.002349,
              -5.94812
            ]
          ],
          [
            [
              106.002349,
              -5.94812
            ],
            [
              106.002321,
              -5.948073
            ]
          ],
          [
            [
              106.002321,
              -5.948073
            ],
            [
              106.002357,
              -5.948038
            ]
          ],
          [
            [
              106.002357,
              -5.948038
            ],
            [
              106.002372,
              -5.947959
            ]
          ],
          [
            [
              106.002372,
              -5.947959
            ],
            [
              106.002429,
              -5.947925
            ]
          ],
          [
            [
              106.002429,
              -5.947925
            ],
            [
              106.002455,
              -5.947955
            ]
          ],
          [
            [
              106.002455,
              -5.947955
            ],
            [
              106.002459,
              -5.947942
            ]
          ],
          [
            [
              106.002459,
              -5.947942
            ],
            [
              106.002549,
              -5.947986
            ]
          ],
          [
            [
              106.002549,
              -5.947986
            ],
            [
              106.002576,
              -5.947982
            ]
          ],
          [
            [
              106.002576,
              -5.947982
            ],
            [
              106.002624,
              -5.947918
            ]
          ],
          [
            [
              106.002624,
              -5.947918
            ],
            [
              106.002665,
              -5.947804
            ]
          ],
          [
            [
              106.002665,
              -5.947804
            ],
            [
              106.002664,
              -5.947745
            ]
          ],
          [
            [
              106.002664,
              -5.947745
            ],
            [
              106.002632,
              -5.947715
            ]
          ],
          [
            [
              106.002632,
              -5.947715
            ],
            [
              106.0026,
              -5.947717
            ]
          ],
          [
            [
              106.0026,
              -5.947717
            ],
            [
              106.002602,
              -5.947662
            ]
          ],
          [
            [
              106.002602,
              -5.947662
            ],
            [
              106.002643,
              -5.947679
            ]
          ],
          [
            [
              106.002643,
              -5.947679
            ],
            [
              106.002662,
              -5.947573
            ]
          ],
          [
            [
              106.002662,
              -5.947573
            ],
            [
              106.002632,
              -5.947324
            ]
          ],
          [
            [
              106.002632,
              -5.947324
            ],
            [
              106.002635,
              -5.947217
            ]
          ],
          [
            [
              106.002635,
              -5.947217
            ],
            [
              106.002613,
              -5.947159
            ]
          ],
          [
            [
              106.002613,
              -5.947159
            ],
            [
              106.00262,
              -5.947136
            ]
          ],
          [
            [
              106.00262,
              -5.947136
            ],
            [
              106.00259,
              -5.94698
            ]
          ],
          [
            [
              106.00259,
              -5.94698
            ],
            [
              106.002541,
              -5.946434
            ]
          ],
          [
            [
              106.002541,
              -5.946434
            ],
            [
              106.002505,
              -5.94635
            ]
          ],
          [
            [
              106.002505,
              -5.94635
            ],
            [
              106.002518,
              -5.94632
            ]
          ],
          [
            [
              106.002518,
              -5.94632
            ],
            [
              106.002511,
              -5.946248
            ]
          ],
          [
            [
              106.002511,
              -5.946248
            ],
            [
              106.002491,
              -5.946175
            ]
          ],
          [
            [
              106.002491,
              -5.946175
            ],
            [
              106.002458,
              -5.946142
            ]
          ],
          [
            [
              106.002458,
              -5.946142
            ],
            [
              106.002403,
              -5.946147
            ]
          ],
          [
            [
              106.002403,
              -5.946147
            ],
            [
              106.002396,
              -5.946129
            ]
          ],
          [
            [
              106.002396,
              -5.946129
            ],
            [
              106.002366,
              -5.946147
            ]
          ],
          [
            [
              106.002366,
              -5.946147
            ],
            [
              106.002356,
              -5.946127
            ]
          ],
          [
            [
              106.002356,
              -5.946127
            ],
            [
              106.002295,
              -5.946113
            ]
          ],
          [
            [
              106.002295,
              -5.946113
            ],
            [
              106.002216,
              -5.94602
            ]
          ],
          [
            [
              106.002216,
              -5.94602
            ],
            [
              106.002225,
              -5.946002
            ]
          ],
          [
            [
              106.002225,
              -5.946002
            ],
            [
              106.002085,
              -5.945816
            ]
          ],
          [
            [
              106.002085,
              -5.945816
            ],
            [
              106.002055,
              -5.945728
            ]
          ],
          [
            [
              106.002055,
              -5.945728
            ],
            [
              106.00204,
              -5.945669
            ]
          ],
          [
            [
              106.00204,
              -5.945669
            ],
            [
              106.002065,
              -5.945579
            ]
          ],
          [
            [
              106.002065,
              -5.945579
            ],
            [
              106.002024,
              -5.945551
            ]
          ],
          [
            [
              106.002024,
              -5.945551
            ],
            [
              106.002029,
              -5.945373
            ]
          ],
          [
            [
              106.002029,
              -5.945373
            ],
            [
              106.002053,
              -5.945337
            ]
          ],
          [
            [
              106.002053,
              -5.945337
            ],
            [
              106.002019,
              -5.945284
            ]
          ],
          [
            [
              106.002019,
              -5.945284
            ],
            [
              106.00203,
              -5.945191
            ]
          ],
          [
            [
              106.00203,
              -5.945191
            ],
            [
              106.002012,
              -5.945153
            ]
          ],
          [
            [
              106.002012,
              -5.945153
            ],
            [
              106.002028,
              -5.945098
            ]
          ],
          [
            [
              106.002028,
              -5.945098
            ],
            [
              106.002004,
              -5.945015
            ]
          ],
          [
            [
              106.002004,
              -5.945015
            ],
            [
              106.001981,
              -5.944783
            ]
          ],
          [
            [
              106.001981,
              -5.944783
            ],
            [
              106.001991,
              -5.944732
            ]
          ],
          [
            [
              106.001991,
              -5.944732
            ],
            [
              106.00198,
              -5.944692
            ]
          ],
          [
            [
              106.00198,
              -5.944692
            ],
            [
              106.001997,
              -5.944678
            ]
          ],
          [
            [
              106.001997,
              -5.944678
            ],
            [
              106.001961,
              -5.944646
            ]
          ],
          [
            [
              106.001961,
              -5.944646
            ],
            [
              106.001959,
              -5.944481
            ]
          ],
          [
            [
              106.001959,
              -5.944481
            ],
            [
              106.001935,
              -5.944446
            ]
          ],
          [
            [
              106.001935,
              -5.944446
            ],
            [
              106.00194,
              -5.944338
            ]
          ],
          [
            [
              106.00194,
              -5.944338
            ],
            [
              106.001919,
              -5.944223
            ]
          ],
          [
            [
              106.001919,
              -5.944223
            ],
            [
              106.001943,
              -5.944135
            ]
          ],
          [
            [
              106.001943,
              -5.944135
            ],
            [
              106.002161,
              -5.944112
            ]
          ],
          [
            [
              106.002161,
              -5.944112
            ],
            [
              106.002272,
              -5.944067
            ]
          ],
          [
            [
              106.002272,
              -5.944067
            ],
            [
              106.002304,
              -5.944039
            ]
          ],
          [
            [
              106.002304,
              -5.944039
            ],
            [
              106.002403,
              -5.944065
            ]
          ],
          [
            [
              106.002403,
              -5.944065
            ],
            [
              106.002436,
              -5.944044
            ]
          ],
          [
            [
              106.002436,
              -5.944044
            ],
            [
              106.00244,
              -5.943927
            ]
          ],
          [
            [
              106.00244,
              -5.943927
            ],
            [
              106.002423,
              -5.943884
            ]
          ],
          [
            [
              106.002423,
              -5.943884
            ],
            [
              106.002434,
              -5.943774
            ]
          ],
          [
            [
              106.002434,
              -5.943774
            ],
            [
              106.002357,
              -5.943526
            ]
          ],
          [
            [
              106.002357,
              -5.943526
            ],
            [
              106.002302,
              -5.943483
            ]
          ],
          [
            [
              106.002302,
              -5.943483
            ],
            [
              106.002249,
              -5.94348
            ]
          ],
          [
            [
              106.002249,
              -5.94348
            ],
            [
              106.002179,
              -5.943433
            ]
          ],
          [
            [
              106.002179,
              -5.943433
            ],
            [
              106.001893,
              -5.94352
            ]
          ],
          [
            [
              106.001893,
              -5.94352
            ],
            [
              106.001892,
              -5.943537
            ]
          ],
          [
            [
              106.001892,
              -5.943537
            ],
            [
              106.001861,
              -5.943544
            ]
          ],
          [
            [
              106.001861,
              -5.943544
            ],
            [
              106.001872,
              -5.943573
            ]
          ],
          [
            [
              106.001872,
              -5.943573
            ],
            [
              106.001821,
              -5.943638
            ]
          ],
          [
            [
              106.001821,
              -5.943638
            ],
            [
              106.001766,
              -5.943611
            ]
          ],
          [
            [
              106.001766,
              -5.943611
            ],
            [
              106.001762,
              -5.943582
            ]
          ],
          [
            [
              106.001762,
              -5.943582
            ],
            [
              106.001704,
              -5.943573
            ]
          ],
          [
            [
              106.001704,
              -5.943573
            ],
            [
              106.001705,
              -5.943524
            ]
          ],
          [
            [
              106.001705,
              -5.943524
            ],
            [
              106.001679,
              -5.943466
            ]
          ],
          [
            [
              106.001679,
              -5.943466
            ],
            [
              106.001639,
              -5.943445
            ]
          ],
          [
            [
              106.001639,
              -5.943445
            ],
            [
              106.001622,
              -5.943411
            ]
          ],
          [
            [
              106.001622,
              -5.943411
            ],
            [
              106.001632,
              -5.943364
            ]
          ],
          [
            [
              106.001632,
              -5.943364
            ],
            [
              106.001613,
              -5.943296
            ]
          ],
          [
            [
              106.001613,
              -5.943296
            ],
            [
              106.001564,
              -5.943276
            ]
          ],
          [
            [
              106.001564,
              -5.943276
            ],
            [
              106.001557,
              -5.943237
            ]
          ],
          [
            [
              106.001557,
              -5.943237
            ],
            [
              106.001518,
              -5.943214
            ]
          ],
          [
            [
              106.001518,
              -5.943214
            ],
            [
              106.001517,
              -5.943126
            ]
          ],
          [
            [
              106.001517,
              -5.943126
            ],
            [
              106.001473,
              -5.943054
            ]
          ],
          [
            [
              106.001473,
              -5.943054
            ],
            [
              106.001476,
              -5.943031
            ]
          ],
          [
            [
              106.001476,
              -5.943031
            ],
            [
              106.001542,
              -5.942987
            ]
          ],
          [
            [
              106.001542,
              -5.942987
            ],
            [
              106.001785,
              -5.942972
            ]
          ],
          [
            [
              106.001785,
              -5.942972
            ],
            [
              106.001911,
              -5.942943
            ]
          ],
          [
            [
              106.001911,
              -5.942943
            ],
            [
              106.001916,
              -5.942926
            ]
          ],
          [
            [
              106.001916,
              -5.942926
            ],
            [
              106.0019,
              -5.942914
            ]
          ],
          [
            [
              106.0019,
              -5.942914
            ],
            [
              106.001807,
              -5.94291
            ]
          ],
          [
            [
              106.001807,
              -5.94291
            ],
            [
              106.001778,
              -5.942743
            ]
          ],
          [
            [
              106.001778,
              -5.942743
            ],
            [
              106.001796,
              -5.942711
            ]
          ],
          [
            [
              106.001796,
              -5.942711
            ],
            [
              106.001799,
              -5.942657
            ]
          ],
          [
            [
              106.001799,
              -5.942657
            ],
            [
              106.00178,
              -5.942671
            ]
          ],
          [
            [
              106.00178,
              -5.942671
            ],
            [
              106.001713,
              -5.94261
            ]
          ],
          [
            [
              106.001713,
              -5.94261
            ],
            [
              106.001714,
              -5.942526
            ]
          ],
          [
            [
              106.001714,
              -5.942526
            ],
            [
              106.001654,
              -5.942428
            ]
          ],
          [
            [
              106.001654,
              -5.942428
            ],
            [
              106.001627,
              -5.942337
            ]
          ],
          [
            [
              106.001627,
              -5.942337
            ],
            [
              106.001572,
              -5.942271
            ]
          ],
          [
            [
              106.001572,
              -5.942271
            ],
            [
              106.001555,
              -5.942225
            ]
          ],
          [
            [
              106.001555,
              -5.942225
            ],
            [
              106.001523,
              -5.942215
            ]
          ],
          [
            [
              106.001523,
              -5.942215
            ],
            [
              106.001507,
              -5.942156
            ]
          ],
          [
            [
              106.001507,
              -5.942156
            ],
            [
              106.001451,
              -5.942106
            ]
          ],
          [
            [
              106.001451,
              -5.942106
            ],
            [
              106.001412,
              -5.942017
            ]
          ],
          [
            [
              106.001412,
              -5.942017
            ],
            [
              106.001215,
              -5.941847
            ]
          ],
          [
            [
              106.001215,
              -5.941847
            ],
            [
              106.001161,
              -5.941819
            ]
          ],
          [
            [
              106.001161,
              -5.941819
            ],
            [
              106.001036,
              -5.941699
            ]
          ],
          [
            [
              106.001036,
              -5.941699
            ],
            [
              106.000833,
              -5.941561
            ]
          ],
          [
            [
              106.000833,
              -5.941561
            ],
            [
              106.000833,
              -5.94152
            ]
          ],
          [
            [
              106.000833,
              -5.94152
            ],
            [
              106.000789,
              -5.941524
            ]
          ],
          [
            [
              106.000789,
              -5.941524
            ],
            [
              106.00077,
              -5.941515
            ]
          ],
          [
            [
              106.00077,
              -5.941515
            ],
            [
              106.000782,
              -5.941505
            ]
          ],
          [
            [
              106.000782,
              -5.941505
            ],
            [
              106.000773,
              -5.941491
            ]
          ],
          [
            [
              106.000773,
              -5.941491
            ],
            [
              106.000734,
              -5.941478
            ]
          ],
          [
            [
              106.000734,
              -5.941478
            ],
            [
              106.000734,
              -5.941496
            ]
          ],
          [
            [
              106.000734,
              -5.941496
            ],
            [
              106.000721,
              -5.941489
            ]
          ],
          [
            [
              106.000721,
              -5.941489
            ],
            [
              106.000706,
              -5.941453
            ]
          ],
          [
            [
              106.000706,
              -5.941453
            ],
            [
              106.000645,
              -5.941421
            ]
          ],
          [
            [
              106.000645,
              -5.941421
            ],
            [
              106.00051,
              -5.941262
            ]
          ],
          [
            [
              106.00051,
              -5.941262
            ],
            [
              106.000487,
              -5.941263
            ]
          ],
          [
            [
              106.000487,
              -5.941263
            ],
            [
              106.000498,
              -5.941282
            ]
          ],
          [
            [
              106.000498,
              -5.941282
            ],
            [
              106.000466,
              -5.941294
            ]
          ],
          [
            [
              106.000466,
              -5.941294
            ],
            [
              106.000429,
              -5.941257
            ]
          ],
          [
            [
              106.000429,
              -5.941257
            ],
            [
              106.000425,
              -5.941174
            ]
          ],
          [
            [
              106.000425,
              -5.941174
            ],
            [
              106.000397,
              -5.94113
            ]
          ],
          [
            [
              106.000397,
              -5.94113
            ],
            [
              106.000407,
              -5.941112
            ]
          ],
          [
            [
              106.000407,
              -5.941112
            ],
            [
              106.000373,
              -5.941072
            ]
          ],
          [
            [
              106.000373,
              -5.941072
            ],
            [
              106.000295,
              -5.940833
            ]
          ],
          [
            [
              106.000295,
              -5.940833
            ],
            [
              106.000307,
              -5.940793
            ]
          ],
          [
            [
              106.000307,
              -5.940793
            ],
            [
              106.000278,
              -5.940758
            ]
          ],
          [
            [
              106.000278,
              -5.940758
            ],
            [
              106.000313,
              -5.940729
            ]
          ],
          [
            [
              106.000313,
              -5.940729
            ],
            [
              106.000266,
              -5.940725
            ]
          ],
          [
            [
              106.000266,
              -5.940725
            ],
            [
              106.000227,
              -5.940604
            ]
          ],
          [
            [
              106.000227,
              -5.940604
            ],
            [
              106.00019,
              -5.940585
            ]
          ],
          [
            [
              106.00019,
              -5.940585
            ],
            [
              106.000208,
              -5.940499
            ]
          ],
          [
            [
              106.000208,
              -5.940499
            ],
            [
              106.000193,
              -5.940466
            ]
          ],
          [
            [
              106.000193,
              -5.940466
            ],
            [
              106.000271,
              -5.940472
            ]
          ],
          [
            [
              106.000271,
              -5.940472
            ],
            [
              106.000243,
              -5.940452
            ]
          ],
          [
            [
              106.000243,
              -5.940452
            ],
            [
              106.00027,
              -5.940418
            ]
          ],
          [
            [
              106.00027,
              -5.940418
            ],
            [
              106.000232,
              -5.940395
            ]
          ],
          [
            [
              106.000232,
              -5.940395
            ],
            [
              106.000169,
              -5.940457
            ]
          ],
          [
            [
              106.000169,
              -5.940457
            ],
            [
              106.000066,
              -5.940461
            ]
          ],
          [
            [
              106.000066,
              -5.940461
            ],
            [
              106.000115,
              -5.940444
            ]
          ],
          [
            [
              106.000115,
              -5.940444
            ],
            [
              106.000128,
              -5.940401
            ]
          ],
          [
            [
              106.000128,
              -5.940401
            ],
            [
              106.000183,
              -5.940366
            ]
          ],
          [
            [
              106.000183,
              -5.940366
            ],
            [
              106.000132,
              -5.940358
            ]
          ],
          [
            [
              106.000132,
              -5.940358
            ],
            [
              106.000117,
              -5.940313
            ]
          ],
          [
            [
              106.000117,
              -5.940313
            ],
            [
              106.000007,
              -5.940323
            ]
          ],
          [
            [
              106.000007,
              -5.940323
            ],
            [
              106.000003,
              -5.940254
            ]
          ],
          [
            [
              106.000003,
              -5.940254
            ],
            [
              105.999857,
              -5.939977
            ]
          ],
          [
            [
              105.999857,
              -5.939977
            ],
            [
              105.999819,
              -5.93997
            ]
          ],
          [
            [
              105.999819,
              -5.93997
            ],
            [
              105.999788,
              -5.939928
            ]
          ],
          [
            [
              105.999788,
              -5.939928
            ],
            [
              105.999746,
              -5.939931
            ]
          ],
          [
            [
              105.999746,
              -5.939931
            ],
            [
              105.999756,
              -5.939904
            ]
          ],
          [
            [
              105.999756,
              -5.939904
            ],
            [
              105.999737,
              -5.939828
            ]
          ],
          [
            [
              105.999737,
              -5.939828
            ],
            [
              105.999711,
              -5.939799
            ]
          ],
          [
            [
              105.999711,
              -5.939799
            ],
            [
              105.999684,
              -5.939804
            ]
          ],
          [
            [
              105.999684,
              -5.939804
            ],
            [
              105.999702,
              -5.939783
            ]
          ],
          [
            [
              105.999702,
              -5.939783
            ],
            [
              105.999602,
              -5.939571
            ]
          ],
          [
            [
              105.999602,
              -5.939571
            ],
            [
              105.999614,
              -5.939545
            ]
          ],
          [
            [
              105.999614,
              -5.939545
            ],
            [
              105.999589,
              -5.939536
            ]
          ],
          [
            [
              105.999589,
              -5.939536
            ],
            [
              105.999572,
              -5.93949
            ]
          ],
          [
            [
              105.999572,
              -5.93949
            ],
            [
              105.99955,
              -5.939499
            ]
          ],
          [
            [
              105.99955,
              -5.939499
            ],
            [
              105.999514,
              -5.939478
            ]
          ],
          [
            [
              105.999514,
              -5.939478
            ],
            [
              105.999299,
              -5.939488
            ]
          ],
          [
            [
              105.999299,
              -5.939488
            ],
            [
              105.999213,
              -5.939421
            ]
          ],
          [
            [
              105.999213,
              -5.939421
            ],
            [
              105.999203,
              -5.939397
            ]
          ],
          [
            [
              105.999203,
              -5.939397
            ],
            [
              105.999079,
              -5.939428
            ]
          ],
          [
            [
              105.999079,
              -5.939428
            ],
            [
              105.999101,
              -5.939535
            ]
          ],
          [
            [
              105.999101,
              -5.939535
            ],
            [
              105.999017,
              -5.939584
            ]
          ],
          [
            [
              105.999017,
              -5.939584
            ],
            [
              105.99885,
              -5.939637
            ]
          ],
          [
            [
              105.99885,
              -5.939637
            ],
            [
              105.998955,
              -5.939951
            ]
          ],
          [
            [
              105.998955,
              -5.939951
            ],
            [
              105.9991,
              -5.939977
            ]
          ],
          [
            [
              105.9991,
              -5.939977
            ],
            [
              105.999093,
              -5.940002
            ]
          ],
          [
            [
              105.999093,
              -5.940002
            ],
            [
              105.99911,
              -5.940041
            ]
          ],
          [
            [
              105.99911,
              -5.940041
            ],
            [
              105.998989,
              -5.940091
            ]
          ],
          [
            [
              105.998989,
              -5.940091
            ],
            [
              105.99893,
              -5.94009
            ]
          ],
          [
            [
              105.99893,
              -5.94009
            ],
            [
              105.998464,
              -5.939991
            ]
          ],
          [
            [
              105.998464,
              -5.939991
            ],
            [
              105.998562,
              -5.940046
            ]
          ],
          [
            [
              105.998562,
              -5.940046
            ],
            [
              105.998574,
              -5.940072
            ]
          ],
          [
            [
              105.998574,
              -5.940072
            ],
            [
              105.998563,
              -5.940073
            ]
          ],
          [
            [
              105.998563,
              -5.940073
            ],
            [
              105.998439,
              -5.94002
            ]
          ],
          [
            [
              105.998439,
              -5.94002
            ],
            [
              105.998381,
              -5.939964
            ]
          ],
          [
            [
              105.998381,
              -5.939964
            ],
            [
              105.998328,
              -5.939942
            ]
          ],
          [
            [
              105.998328,
              -5.939942
            ],
            [
              105.998289,
              -5.939888
            ]
          ],
          [
            [
              105.998289,
              -5.939888
            ],
            [
              105.998221,
              -5.939692
            ]
          ],
          [
            [
              105.998221,
              -5.939692
            ],
            [
              105.998185,
              -5.939511
            ]
          ],
          [
            [
              105.998185,
              -5.939511
            ],
            [
              105.998145,
              -5.939468
            ]
          ],
          [
            [
              105.998145,
              -5.939468
            ],
            [
              105.998057,
              -5.939444
            ]
          ],
          [
            [
              105.998057,
              -5.939444
            ],
            [
              105.99805,
              -5.939368
            ]
          ],
          [
            [
              105.99805,
              -5.939368
            ],
            [
              105.997991,
              -5.939227
            ]
          ],
          [
            [
              105.997991,
              -5.939227
            ],
            [
              105.997996,
              -5.939189
            ]
          ],
          [
            [
              105.997996,
              -5.939189
            ],
            [
              105.997952,
              -5.939128
            ]
          ],
          [
            [
              105.997952,
              -5.939128
            ],
            [
              105.997995,
              -5.938971
            ]
          ],
          [
            [
              105.997995,
              -5.938971
            ],
            [
              105.997953,
              -5.938929
            ]
          ],
          [
            [
              105.997953,
              -5.938929
            ],
            [
              105.997943,
              -5.938895
            ]
          ],
          [
            [
              105.997943,
              -5.938895
            ],
            [
              105.997994,
              -5.938732
            ]
          ],
          [
            [
              105.997994,
              -5.938732
            ],
            [
              105.998004,
              -5.938484
            ]
          ],
          [
            [
              105.998004,
              -5.938484
            ],
            [
              105.998028,
              -5.938462
            ]
          ],
          [
            [
              105.998028,
              -5.938462
            ],
            [
              105.998091,
              -5.938233
            ]
          ],
          [
            [
              105.998091,
              -5.938233
            ],
            [
              105.998107,
              -5.938104
            ]
          ],
          [
            [
              105.998107,
              -5.938104
            ],
            [
              105.998165,
              -5.937952
            ]
          ],
          [
            [
              105.998165,
              -5.937952
            ],
            [
              105.998204,
              -5.937777
            ]
          ],
          [
            [
              105.998204,
              -5.937777
            ],
            [
              105.998235,
              -5.937695
            ]
          ],
          [
            [
              105.998235,
              -5.937695
            ],
            [
              105.998294,
              -5.937662
            ]
          ],
          [
            [
              105.998294,
              -5.937662
            ],
            [
              105.998397,
              -5.937639
            ]
          ],
          [
            [
              105.998397,
              -5.937639
            ],
            [
              105.998447,
              -5.937812
            ]
          ],
          [
            [
              105.998447,
              -5.937812
            ],
            [
              105.998433,
              -5.937864
            ]
          ],
          [
            [
              105.998433,
              -5.937864
            ],
            [
              105.998308,
              -5.937923
            ]
          ],
          [
            [
              105.998308,
              -5.937923
            ],
            [
              105.998265,
              -5.937963
            ]
          ],
          [
            [
              105.998265,
              -5.937963
            ],
            [
              105.998256,
              -5.937997
            ]
          ],
          [
            [
              105.998256,
              -5.937997
            ],
            [
              105.998378,
              -5.93858
            ]
          ],
          [
            [
              105.998378,
              -5.93858
            ],
            [
              105.998428,
              -5.938599
            ]
          ],
          [
            [
              105.998428,
              -5.938599
            ],
            [
              105.998447,
              -5.938639
            ]
          ],
          [
            [
              105.998447,
              -5.938639
            ],
            [
              105.998496,
              -5.938658
            ]
          ],
          [
            [
              105.998496,
              -5.938658
            ],
            [
              105.998534,
              -5.938731
            ]
          ],
          [
            [
              105.998534,
              -5.938731
            ],
            [
              105.998584,
              -5.938746
            ]
          ],
          [
            [
              105.998584,
              -5.938746
            ],
            [
              105.998614,
              -5.938776
            ]
          ],
          [
            [
              105.998614,
              -5.938776
            ],
            [
              105.998824,
              -5.938737
            ]
          ],
          [
            [
              105.998824,
              -5.938737
            ],
            [
              105.998872,
              -5.938766
            ]
          ],
          [
            [
              105.998872,
              -5.938766
            ],
            [
              105.998915,
              -5.938881
            ]
          ],
          [
            [
              105.998915,
              -5.938881
            ],
            [
              105.999049,
              -5.938838
            ]
          ],
          [
            [
              105.999049,
              -5.938838
            ],
            [
              105.998996,
              -5.938684
            ]
          ],
          [
            [
              105.998996,
              -5.938684
            ],
            [
              105.998996,
              -5.938627
            ]
          ],
          [
            [
              105.998996,
              -5.938627
            ],
            [
              105.999025,
              -5.938565
            ]
          ],
          [
            [
              105.999025,
              -5.938565
            ],
            [
              105.998852,
              -5.938005
            ]
          ],
          [
            [
              105.998852,
              -5.938005
            ],
            [
              105.998962,
              -5.937991
            ]
          ],
          [
            [
              105.998962,
              -5.937991
            ],
            [
              105.999,
              -5.938034
            ]
          ],
          [
            [
              105.999,
              -5.938034
            ],
            [
              105.999081,
              -5.938043
            ]
          ],
          [
            [
              105.999081,
              -5.938043
            ],
            [
              105.999377,
              -5.93798
            ]
          ],
          [
            [
              105.999377,
              -5.93798
            ],
            [
              105.999669,
              -5.93797
            ]
          ],
          [
            [
              105.999669,
              -5.93797
            ],
            [
              105.999908,
              -5.937912
            ]
          ],
          [
            [
              105.999908,
              -5.937912
            ],
            [
              105.999942,
              -5.937955
            ]
          ],
          [
            [
              105.999942,
              -5.937955
            ],
            [
              105.999951,
              -5.938118
            ]
          ],
          [
            [
              105.999951,
              -5.938118
            ],
            [
              105.999951,
              -5.938156
            ]
          ],
          [
            [
              105.999951,
              -5.938156
            ],
            [
              105.99992,
              -5.938191
            ]
          ],
          [
            [
              105.99992,
              -5.938191
            ],
            [
              105.999885,
              -5.938343
            ]
          ],
          [
            [
              105.999885,
              -5.938343
            ],
            [
              105.999899,
              -5.938511
            ]
          ],
          [
            [
              105.999899,
              -5.938511
            ],
            [
              105.999914,
              -5.938539
            ]
          ],
          [
            [
              105.999914,
              -5.938539
            ],
            [
              106.000035,
              -5.938485
            ]
          ],
          [
            [
              106.000035,
              -5.938485
            ],
            [
              106.000012,
              -5.938464
            ]
          ],
          [
            [
              106.000012,
              -5.938464
            ],
            [
              106.000002,
              -5.938412
            ]
          ],
          [
            [
              106.000002,
              -5.938412
            ],
            [
              105.999988,
              -5.938399
            ]
          ],
          [
            [
              105.999988,
              -5.938399
            ],
            [
              105.999971,
              -5.938409
            ]
          ],
          [
            [
              105.999971,
              -5.938409
            ],
            [
              105.999971,
              -5.938395
            ]
          ],
          [
            [
              105.999971,
              -5.938395
            ],
            [
              105.999983,
              -5.938385
            ]
          ],
          [
            [
              105.999983,
              -5.938385
            ],
            [
              106.000013,
              -5.938395
            ]
          ],
          [
            [
              106.000013,
              -5.938395
            ],
            [
              106.000022,
              -5.938362
            ]
          ],
          [
            [
              106.000022,
              -5.938362
            ],
            [
              106.000042,
              -5.938375
            ]
          ],
          [
            [
              106.000042,
              -5.938375
            ],
            [
              106.000058,
              -5.938367
            ]
          ],
          [
            [
              106.000058,
              -5.938367
            ],
            [
              106.000084,
              -5.938325
            ]
          ],
          [
            [
              106.000084,
              -5.938325
            ],
            [
              106.000081,
              -5.93829
            ]
          ],
          [
            [
              106.000081,
              -5.93829
            ],
            [
              106.000158,
              -5.938252
            ]
          ],
          [
            [
              106.000158,
              -5.938252
            ],
            [
              106.000152,
              -5.938204
            ]
          ],
          [
            [
              106.000152,
              -5.938204
            ],
            [
              106.00019,
              -5.938152
            ]
          ],
          [
            [
              106.00019,
              -5.938152
            ],
            [
              106.000259,
              -5.938167
            ]
          ],
          [
            [
              106.000259,
              -5.938167
            ],
            [
              106.000276,
              -5.938198
            ]
          ],
          [
            [
              106.000276,
              -5.938198
            ],
            [
              106.000296,
              -5.938195
            ]
          ],
          [
            [
              106.000296,
              -5.938195
            ],
            [
              106.000395,
              -5.938004
            ]
          ],
          [
            [
              106.000395,
              -5.938004
            ],
            [
              106.000333,
              -5.937958
            ]
          ],
          [
            [
              106.000333,
              -5.937958
            ],
            [
              106.000367,
              -5.937888
            ]
          ],
          [
            [
              106.000367,
              -5.937888
            ],
            [
              106.000347,
              -5.937844
            ]
          ],
          [
            [
              106.000347,
              -5.937844
            ],
            [
              106.000366,
              -5.937835
            ]
          ],
          [
            [
              106.000366,
              -5.937835
            ],
            [
              106.000365,
              -5.937815
            ]
          ],
          [
            [
              106.000365,
              -5.937815
            ],
            [
              106.000397,
              -5.937809
            ]
          ],
          [
            [
              106.000397,
              -5.937809
            ],
            [
              106.000356,
              -5.937792
            ]
          ],
          [
            [
              106.000356,
              -5.937792
            ],
            [
              106.000362,
              -5.937758
            ]
          ],
          [
            [
              106.000362,
              -5.937758
            ],
            [
              106.00039,
              -5.937758
            ]
          ],
          [
            [
              106.00039,
              -5.937758
            ],
            [
              106.000364,
              -5.937732
            ]
          ],
          [
            [
              106.000364,
              -5.937732
            ],
            [
              106.000417,
              -5.93774
            ]
          ],
          [
            [
              106.000417,
              -5.93774
            ],
            [
              106.00043,
              -5.93771
            ]
          ],
          [
            [
              106.00043,
              -5.93771
            ],
            [
              106.000389,
              -5.937693
            ]
          ],
          [
            [
              106.000389,
              -5.937693
            ],
            [
              106.000443,
              -5.937699
            ]
          ],
          [
            [
              106.000443,
              -5.937699
            ],
            [
              106.00045,
              -5.937647
            ]
          ],
          [
            [
              106.00045,
              -5.937647
            ],
            [
              106.000504,
              -5.937539
            ]
          ],
          [
            [
              106.000504,
              -5.937539
            ],
            [
              106.000523,
              -5.937393
            ]
          ],
          [
            [
              106.000523,
              -5.937393
            ],
            [
              106.000414,
              -5.937096
            ]
          ],
          [
            [
              106.000414,
              -5.937096
            ],
            [
              106.00043,
              -5.936999
            ]
          ],
          [
            [
              106.00043,
              -5.936999
            ],
            [
              106.000468,
              -5.936918
            ]
          ],
          [
            [
              106.000468,
              -5.936918
            ],
            [
              106.000459,
              -5.936905
            ]
          ],
          [
            [
              106.000459,
              -5.936905
            ],
            [
              106.000315,
              -5.937107
            ]
          ],
          [
            [
              106.000315,
              -5.937107
            ],
            [
              106.000328,
              -5.937125
            ]
          ],
          [
            [
              106.000328,
              -5.937125
            ],
            [
              106.000289,
              -5.937141
            ]
          ],
          [
            [
              106.000289,
              -5.937141
            ],
            [
              106.000285,
              -5.937167
            ]
          ],
          [
            [
              106.000285,
              -5.937167
            ],
            [
              106.000262,
              -5.937136
            ]
          ],
          [
            [
              106.000262,
              -5.937136
            ],
            [
              106.000231,
              -5.937137
            ]
          ],
          [
            [
              106.000231,
              -5.937137
            ],
            [
              106.000244,
              -5.937129
            ]
          ],
          [
            [
              106.000244,
              -5.937129
            ],
            [
              106.000217,
              -5.937084
            ]
          ],
          [
            [
              106.000217,
              -5.937084
            ],
            [
              106.000328,
              -5.936894
            ]
          ],
          [
            [
              106.000328,
              -5.936894
            ],
            [
              106.00033,
              -5.93687
            ]
          ],
          [
            [
              106.00033,
              -5.93687
            ],
            [
              106.000311,
              -5.936857
            ]
          ],
          [
            [
              106.000311,
              -5.936857
            ],
            [
              106.00035,
              -5.936841
            ]
          ],
          [
            [
              106.00035,
              -5.936841
            ],
            [
              106.000385,
              -5.936791
            ]
          ],
          [
            [
              106.000385,
              -5.936791
            ],
            [
              106.000358,
              -5.936768
            ]
          ],
          [
            [
              106.000358,
              -5.936768
            ],
            [
              106.000368,
              -5.936707
            ]
          ],
          [
            [
              106.000368,
              -5.936707
            ],
            [
              106.000353,
              -5.936663
            ]
          ],
          [
            [
              106.000353,
              -5.936663
            ],
            [
              106.000389,
              -5.936643
            ]
          ],
          [
            [
              106.000389,
              -5.936643
            ],
            [
              106.000394,
              -5.936464
            ]
          ],
          [
            [
              106.000394,
              -5.936464
            ],
            [
              106.000366,
              -5.936452
            ]
          ],
          [
            [
              106.000366,
              -5.936452
            ],
            [
              106.000392,
              -5.93634
            ]
          ],
          [
            [
              106.000392,
              -5.93634
            ],
            [
              106.00035,
              -5.936288
            ]
          ],
          [
            [
              106.00035,
              -5.936288
            ],
            [
              106.000384,
              -5.936273
            ]
          ],
          [
            [
              106.000384,
              -5.936273
            ],
            [
              106.000404,
              -5.936213
            ]
          ],
          [
            [
              106.000404,
              -5.936213
            ],
            [
              106.000361,
              -5.936058
            ]
          ],
          [
            [
              106.000361,
              -5.936058
            ],
            [
              106.000359,
              -5.935968
            ]
          ],
          [
            [
              106.000359,
              -5.935968
            ],
            [
              106.000338,
              -5.935981
            ]
          ],
          [
            [
              106.000338,
              -5.935981
            ],
            [
              106.00033,
              -5.936044
            ]
          ],
          [
            [
              106.00033,
              -5.936044
            ],
            [
              106.000295,
              -5.936116
            ]
          ],
          [
            [
              106.000295,
              -5.936116
            ],
            [
              106.000258,
              -5.936404
            ]
          ],
          [
            [
              106.000258,
              -5.936404
            ],
            [
              106.000211,
              -5.936543
            ]
          ],
          [
            [
              106.000211,
              -5.936543
            ],
            [
              106.000204,
              -5.936628
            ]
          ],
          [
            [
              106.000204,
              -5.936628
            ],
            [
              106.000219,
              -5.936654
            ]
          ],
          [
            [
              106.000219,
              -5.936654
            ],
            [
              106.000193,
              -5.936685
            ]
          ],
          [
            [
              106.000193,
              -5.936685
            ],
            [
              106.000198,
              -5.936744
            ]
          ],
          [
            [
              106.000198,
              -5.936744
            ],
            [
              106.000154,
              -5.936969
            ]
          ],
          [
            [
              106.000154,
              -5.936969
            ],
            [
              106.000103,
              -5.937029
            ]
          ],
          [
            [
              106.000103,
              -5.937029
            ],
            [
              105.999985,
              -5.937018
            ]
          ],
          [
            [
              105.999985,
              -5.937018
            ],
            [
              105.999541,
              -5.936894
            ]
          ],
          [
            [
              105.999541,
              -5.936894
            ],
            [
              105.999241,
              -5.936855
            ]
          ],
          [
            [
              105.999241,
              -5.936855
            ],
            [
              105.999228,
              -5.936827
            ]
          ],
          [
            [
              105.999228,
              -5.936827
            ],
            [
              105.999198,
              -5.936836
            ]
          ],
          [
            [
              105.999198,
              -5.936836
            ],
            [
              105.999192,
              -5.936773
            ]
          ],
          [
            [
              105.999192,
              -5.936773
            ],
            [
              105.999149,
              -5.936742
            ]
          ],
          [
            [
              105.999149,
              -5.936742
            ],
            [
              105.998898,
              -5.936696
            ]
          ],
          [
            [
              105.998898,
              -5.936696
            ],
            [
              105.998857,
              -5.93667
            ]
          ],
          [
            [
              105.998857,
              -5.93667
            ],
            [
              105.998697,
              -5.93663
            ]
          ],
          [
            [
              105.998697,
              -5.93663
            ],
            [
              105.998637,
              -5.936631
            ]
          ],
          [
            [
              105.998637,
              -5.936631
            ],
            [
              105.998633,
              -5.936615
            ]
          ],
          [
            [
              105.998633,
              -5.936615
            ],
            [
              105.998574,
              -5.936605
            ]
          ],
          [
            [
              105.998574,
              -5.936605
            ],
            [
              105.998459,
              -5.936537
            ]
          ],
          [
            [
              105.998459,
              -5.936537
            ],
            [
              105.998389,
              -5.936517
            ]
          ],
          [
            [
              105.998389,
              -5.936517
            ],
            [
              105.998557,
              -5.936227
            ]
          ],
          [
            [
              105.998557,
              -5.936227
            ],
            [
              105.998549,
              -5.936194
            ]
          ],
          [
            [
              105.998549,
              -5.936194
            ],
            [
              105.998609,
              -5.93613
            ]
          ],
          [
            [
              105.998609,
              -5.93613
            ],
            [
              105.998617,
              -5.936076
            ]
          ],
          [
            [
              105.998617,
              -5.936076
            ],
            [
              105.998996,
              -5.935349
            ]
          ],
          [
            [
              105.998996,
              -5.935349
            ],
            [
              105.999002,
              -5.935325
            ]
          ],
          [
            [
              105.999002,
              -5.935325
            ],
            [
              105.998844,
              -5.93526
            ]
          ],
          [
            [
              105.998844,
              -5.93526
            ],
            [
              105.998829,
              -5.935237
            ]
          ],
          [
            [
              105.998829,
              -5.935237
            ],
            [
              105.998859,
              -5.935208
            ]
          ],
          [
            [
              105.998859,
              -5.935208
            ],
            [
              105.999188,
              -5.934588
            ]
          ],
          [
            [
              105.999188,
              -5.934588
            ],
            [
              105.999194,
              -5.934567
            ]
          ],
          [
            [
              105.999194,
              -5.934567
            ],
            [
              105.99917,
              -5.93453
            ]
          ],
          [
            [
              105.99917,
              -5.93453
            ],
            [
              105.998863,
              -5.934123
            ]
          ],
          [
            [
              105.998863,
              -5.934123
            ],
            [
              105.998445,
              -5.933519
            ]
          ],
          [
            [
              105.998445,
              -5.933519
            ],
            [
              105.998393,
              -5.933469
            ]
          ],
          [
            [
              105.998393,
              -5.933469
            ],
            [
              105.99833,
              -5.933357
            ]
          ],
          [
            [
              105.99833,
              -5.933357
            ],
            [
              105.998251,
              -5.933279
            ]
          ],
          [
            [
              105.998251,
              -5.933279
            ],
            [
              105.998236,
              -5.933228
            ]
          ],
          [
            [
              105.998236,
              -5.933228
            ],
            [
              105.998202,
              -5.933202
            ]
          ],
          [
            [
              105.998202,
              -5.933202
            ],
            [
              105.998129,
              -5.933078
            ]
          ],
          [
            [
              105.998129,
              -5.933078
            ],
            [
              105.997972,
              -5.932874
            ]
          ],
          [
            [
              105.997972,
              -5.932874
            ],
            [
              105.997876,
              -5.932599
            ]
          ],
          [
            [
              105.997876,
              -5.932599
            ],
            [
              105.997794,
              -5.932484
            ]
          ],
          [
            [
              105.997794,
              -5.932484
            ],
            [
              105.997763,
              -5.932464
            ]
          ],
          [
            [
              105.997763,
              -5.932464
            ],
            [
              105.997762,
              -5.932443
            ]
          ],
          [
            [
              105.997762,
              -5.932443
            ],
            [
              105.997738,
              -5.932431
            ]
          ],
          [
            [
              105.997738,
              -5.932431
            ],
            [
              105.99764,
              -5.932278
            ]
          ],
          [
            [
              105.99764,
              -5.932278
            ],
            [
              105.997618,
              -5.932278
            ]
          ],
          [
            [
              105.997618,
              -5.932278
            ],
            [
              105.997612,
              -5.93224
            ]
          ],
          [
            [
              105.997612,
              -5.93224
            ],
            [
              105.997578,
              -5.93219
            ]
          ],
          [
            [
              105.997578,
              -5.93219
            ],
            [
              105.997526,
              -5.932157
            ]
          ],
          [
            [
              105.997526,
              -5.932157
            ],
            [
              105.997471,
              -5.93205
            ]
          ],
          [
            [
              105.997471,
              -5.93205
            ],
            [
              105.997442,
              -5.932046
            ]
          ],
          [
            [
              105.997442,
              -5.932046
            ],
            [
              105.997412,
              -5.931962
            ]
          ],
          [
            [
              105.997412,
              -5.931962
            ],
            [
              105.997314,
              -5.931849
            ]
          ],
          [
            [
              105.997314,
              -5.931849
            ],
            [
              105.997303,
              -5.931808
            ]
          ],
          [
            [
              105.997303,
              -5.931808
            ],
            [
              105.997262,
              -5.931758
            ]
          ],
          [
            [
              105.997262,
              -5.931758
            ],
            [
              105.997249,
              -5.931746
            ]
          ],
          [
            [
              105.997249,
              -5.931746
            ],
            [
              105.997228,
              -5.931769
            ]
          ],
          [
            [
              105.997228,
              -5.931769
            ],
            [
              105.997229,
              -5.931801
            ]
          ],
          [
            [
              105.997229,
              -5.931801
            ],
            [
              105.997206,
              -5.931832
            ]
          ],
          [
            [
              105.997206,
              -5.931832
            ],
            [
              105.997122,
              -5.931841
            ]
          ],
          [
            [
              105.997122,
              -5.931841
            ],
            [
              105.997009,
              -5.931694
            ]
          ],
          [
            [
              105.997009,
              -5.931694
            ],
            [
              105.996984,
              -5.931681
            ]
          ],
          [
            [
              105.996984,
              -5.931681
            ],
            [
              105.996981,
              -5.931649
            ]
          ],
          [
            [
              105.996981,
              -5.931649
            ],
            [
              105.996921,
              -5.931591
            ]
          ],
          [
            [
              105.996921,
              -5.931591
            ],
            [
              105.99692,
              -5.931563
            ]
          ],
          [
            [
              105.99692,
              -5.931563
            ],
            [
              105.996893,
              -5.931544
            ]
          ],
          [
            [
              105.996893,
              -5.931544
            ],
            [
              105.996874,
              -5.931501
            ]
          ],
          [
            [
              105.996874,
              -5.931501
            ],
            [
              105.996837,
              -5.931493
            ]
          ],
          [
            [
              105.996837,
              -5.931493
            ],
            [
              105.996791,
              -5.931445
            ]
          ],
          [
            [
              105.996791,
              -5.931445
            ],
            [
              105.996774,
              -5.93139
            ]
          ],
          [
            [
              105.996774,
              -5.93139
            ],
            [
              105.996699,
              -5.931332
            ]
          ],
          [
            [
              105.996699,
              -5.931332
            ],
            [
              105.996678,
              -5.931263
            ]
          ],
          [
            [
              105.996678,
              -5.931263
            ],
            [
              105.996686,
              -5.931243
            ]
          ],
          [
            [
              105.996686,
              -5.931243
            ],
            [
              105.99666,
              -5.931188
            ]
          ],
          [
            [
              105.99666,
              -5.931188
            ],
            [
              105.996639,
              -5.931226
            ]
          ],
          [
            [
              105.996639,
              -5.931226
            ],
            [
              105.99661,
              -5.931226
            ]
          ],
          [
            [
              105.99661,
              -5.931226
            ],
            [
              105.996544,
              -5.931265
            ]
          ],
          [
            [
              105.996544,
              -5.931265
            ],
            [
              105.996279,
              -5.931468
            ]
          ],
          [
            [
              105.996279,
              -5.931468
            ],
            [
              105.996231,
              -5.931489
            ]
          ],
          [
            [
              105.996231,
              -5.931489
            ],
            [
              105.996208,
              -5.931459
            ]
          ],
          [
            [
              105.996208,
              -5.931459
            ],
            [
              105.996149,
              -5.931437
            ]
          ],
          [
            [
              105.996149,
              -5.931437
            ],
            [
              105.996097,
              -5.931341
            ]
          ],
          [
            [
              105.996097,
              -5.931341
            ],
            [
              105.995862,
              -5.931122
            ]
          ],
          [
            [
              105.995862,
              -5.931122
            ],
            [
              105.995752,
              -5.930916
            ]
          ],
          [
            [
              105.995752,
              -5.930916
            ],
            [
              105.995723,
              -5.930806
            ]
          ],
          [
            [
              105.995723,
              -5.930806
            ],
            [
              105.995656,
              -5.930725
            ]
          ],
          [
            [
              105.995656,
              -5.930725
            ],
            [
              105.99546,
              -5.930816
            ]
          ],
          [
            [
              105.99546,
              -5.930816
            ],
            [
              105.995395,
              -5.930767
            ]
          ],
          [
            [
              105.995395,
              -5.930767
            ],
            [
              105.995362,
              -5.930653
            ]
          ],
          [
            [
              105.995362,
              -5.930653
            ],
            [
              105.995255,
              -5.930609
            ]
          ],
          [
            [
              105.995255,
              -5.930609
            ],
            [
              105.995241,
              -5.930586
            ]
          ],
          [
            [
              105.995241,
              -5.930586
            ],
            [
              105.995205,
              -5.930608
            ]
          ],
          [
            [
              105.995205,
              -5.930608
            ],
            [
              105.995114,
              -5.930592
            ]
          ],
          [
            [
              105.995114,
              -5.930592
            ],
            [
              105.995068,
              -5.930554
            ]
          ],
          [
            [
              105.995068,
              -5.930554
            ],
            [
              105.995038,
              -5.930563
            ]
          ],
          [
            [
              105.995038,
              -5.930563
            ],
            [
              105.995022,
              -5.930543
            ]
          ],
          [
            [
              105.995022,
              -5.930543
            ],
            [
              105.994986,
              -5.930555
            ]
          ],
          [
            [
              105.994986,
              -5.930555
            ],
            [
              105.994993,
              -5.930535
            ]
          ],
          [
            [
              105.994993,
              -5.930535
            ],
            [
              105.994964,
              -5.930554
            ]
          ],
          [
            [
              105.994964,
              -5.930554
            ],
            [
              105.994946,
              -5.930526
            ]
          ],
          [
            [
              105.994946,
              -5.930526
            ],
            [
              105.994915,
              -5.930544
            ]
          ],
          [
            [
              105.994915,
              -5.930544
            ],
            [
              105.994857,
              -5.930539
            ]
          ],
          [
            [
              105.994857,
              -5.930539
            ],
            [
              105.994627,
              -5.930219
            ]
          ],
          [
            [
              105.994627,
              -5.930219
            ],
            [
              105.994004,
              -5.929416
            ]
          ],
          [
            [
              105.994004,
              -5.929416
            ],
            [
              105.993811,
              -5.929483
            ]
          ],
          [
            [
              105.993811,
              -5.929483
            ],
            [
              105.993415,
              -5.928955
            ]
          ],
          [
            [
              105.993415,
              -5.928955
            ],
            [
              105.993424,
              -5.928924
            ]
          ],
          [
            [
              105.993424,
              -5.928924
            ],
            [
              105.993371,
              -5.928599
            ]
          ],
          [
            [
              105.993371,
              -5.928599
            ],
            [
              105.993406,
              -5.928584
            ]
          ],
          [
            [
              105.993406,
              -5.928584
            ],
            [
              105.993476,
              -5.928456
            ]
          ],
          [
            [
              105.993476,
              -5.928456
            ],
            [
              105.993562,
              -5.928365
            ]
          ],
          [
            [
              105.993562,
              -5.928365
            ],
            [
              105.993718,
              -5.92828
            ]
          ],
          [
            [
              105.993718,
              -5.92828
            ],
            [
              105.99384,
              -5.928038
            ]
          ],
          [
            [
              105.99384,
              -5.928038
            ],
            [
              105.994163,
              -5.927642
            ]
          ],
          [
            [
              105.994163,
              -5.927642
            ],
            [
              105.994248,
              -5.927488
            ]
          ],
          [
            [
              105.994248,
              -5.927488
            ],
            [
              105.994252,
              -5.927444
            ]
          ],
          [
            [
              105.994252,
              -5.927444
            ],
            [
              105.994286,
              -5.927416
            ]
          ],
          [
            [
              105.994286,
              -5.927416
            ],
            [
              105.994441,
              -5.927354
            ]
          ],
          [
            [
              105.994441,
              -5.927354
            ],
            [
              105.994595,
              -5.927366
            ]
          ],
          [
            [
              105.994595,
              -5.927366
            ],
            [
              105.994711,
              -5.927226
            ]
          ],
          [
            [
              105.994711,
              -5.927226
            ],
            [
              105.994822,
              -5.927139
            ]
          ],
          [
            [
              105.994822,
              -5.927139
            ],
            [
              105.994877,
              -5.927043
            ]
          ],
          [
            [
              105.994877,
              -5.927043
            ],
            [
              105.994881,
              -5.926942
            ]
          ],
          [
            [
              105.994881,
              -5.926942
            ],
            [
              105.994835,
              -5.926475
            ]
          ],
          [
            [
              105.994835,
              -5.926475
            ],
            [
              105.994756,
              -5.926093
            ]
          ],
          [
            [
              105.994756,
              -5.926093
            ],
            [
              105.994666,
              -5.92547
            ]
          ],
          [
            [
              105.994666,
              -5.92547
            ],
            [
              105.994605,
              -5.92516
            ]
          ],
          [
            [
              105.994605,
              -5.92516
            ],
            [
              105.994553,
              -5.925075
            ]
          ],
          [
            [
              105.994553,
              -5.925075
            ],
            [
              105.994465,
              -5.924994
            ]
          ],
          [
            [
              105.994465,
              -5.924994
            ],
            [
              105.994268,
              -5.924906
            ]
          ],
          [
            [
              105.994268,
              -5.924906
            ],
            [
              105.994214,
              -5.924895
            ]
          ],
          [
            [
              105.994214,
              -5.924895
            ],
            [
              105.994166,
              -5.92493
            ]
          ],
          [
            [
              105.994166,
              -5.92493
            ],
            [
              105.994136,
              -5.924921
            ]
          ],
          [
            [
              105.994136,
              -5.924921
            ],
            [
              105.993851,
              -5.925216
            ]
          ],
          [
            [
              105.993851,
              -5.925216
            ],
            [
              105.993809,
              -5.925245
            ]
          ],
          [
            [
              105.993809,
              -5.925245
            ],
            [
              105.993789,
              -5.925238
            ]
          ],
          [
            [
              105.993789,
              -5.925238
            ],
            [
              105.993091,
              -5.924529
            ]
          ],
          [
            [
              105.993091,
              -5.924529
            ],
            [
              105.992811,
              -5.924288
            ]
          ],
          [
            [
              105.992811,
              -5.924288
            ],
            [
              105.992922,
              -5.924145
            ]
          ],
          [
            [
              105.992922,
              -5.924145
            ],
            [
              105.991852,
              -5.923083
            ]
          ],
          [
            [
              105.991852,
              -5.923083
            ],
            [
              105.991849,
              -5.923062
            ]
          ],
          [
            [
              105.991849,
              -5.923062
            ],
            [
              105.991747,
              -5.922962
            ]
          ],
          [
            [
              105.991747,
              -5.922962
            ],
            [
              105.99174,
              -5.922928
            ]
          ],
          [
            [
              105.99174,
              -5.922928
            ],
            [
              105.991925,
              -5.922748
            ]
          ],
          [
            [
              105.991925,
              -5.922748
            ],
            [
              105.992091,
              -5.922906
            ]
          ],
          [
            [
              105.992091,
              -5.922906
            ],
            [
              105.992159,
              -5.922862
            ]
          ],
          [
            [
              105.992159,
              -5.922862
            ],
            [
              105.992202,
              -5.922742
            ]
          ],
          [
            [
              105.992202,
              -5.922742
            ],
            [
              105.992286,
              -5.922619
            ]
          ],
          [
            [
              105.992286,
              -5.922619
            ],
            [
              105.992654,
              -5.922261
            ]
          ],
          [
            [
              105.992654,
              -5.922261
            ],
            [
              105.992702,
              -5.922192
            ]
          ],
          [
            [
              105.992702,
              -5.922192
            ],
            [
              105.992918,
              -5.921969
            ]
          ],
          [
            [
              105.992918,
              -5.921969
            ],
            [
              105.993856,
              -5.921042
            ]
          ],
          [
            [
              105.993856,
              -5.921042
            ],
            [
              105.99401,
              -5.920917
            ]
          ],
          [
            [
              105.99401,
              -5.920917
            ],
            [
              105.994049,
              -5.920902
            ]
          ],
          [
            [
              105.994049,
              -5.920902
            ],
            [
              105.994292,
              -5.920842
            ]
          ],
          [
            [
              105.994292,
              -5.920842
            ],
            [
              105.994387,
              -5.92087
            ]
          ],
          [
            [
              105.994387,
              -5.92087
            ],
            [
              105.996601,
              -5.918655
            ]
          ],
          [
            [
              105.996601,
              -5.918655
            ],
            [
              105.996839,
              -5.918889
            ]
          ],
          [
            [
              105.996839,
              -5.918889
            ],
            [
              105.996868,
              -5.918931
            ]
          ],
          [
            [
              105.996868,
              -5.918931
            ],
            [
              105.996849,
              -5.918985
            ]
          ],
          [
            [
              105.996849,
              -5.918985
            ],
            [
              105.99465,
              -5.921195
            ]
          ],
          [
            [
              105.99465,
              -5.921195
            ],
            [
              105.995747,
              -5.922309
            ]
          ],
          [
            [
              105.995747,
              -5.922309
            ],
            [
              105.995992,
              -5.922069
            ]
          ],
          [
            [
              105.995992,
              -5.922069
            ],
            [
              105.996023,
              -5.922003
            ]
          ],
          [
            [
              105.996023,
              -5.922003
            ],
            [
              105.996385,
              -5.921684
            ]
          ],
          [
            [
              105.996385,
              -5.921684
            ],
            [
              105.996829,
              -5.921217
            ]
          ],
          [
            [
              105.996829,
              -5.921217
            ],
            [
              105.996877,
              -5.921183
            ]
          ],
          [
            [
              105.996877,
              -5.921183
            ],
            [
              105.996957,
              -5.921079
            ]
          ],
          [
            [
              105.996957,
              -5.921079
            ],
            [
              105.997086,
              -5.920969
            ]
          ],
          [
            [
              105.997086,
              -5.920969
            ],
            [
              105.997129,
              -5.920908
            ]
          ],
          [
            [
              105.997129,
              -5.920908
            ],
            [
              105.997181,
              -5.920878
            ]
          ],
          [
            [
              105.997181,
              -5.920878
            ],
            [
              105.997198,
              -5.920835
            ]
          ],
          [
            [
              105.997198,
              -5.920835
            ],
            [
              105.99726,
              -5.920795
            ]
          ],
          [
            [
              105.99726,
              -5.920795
            ],
            [
              105.997266,
              -5.920766
            ]
          ],
          [
            [
              105.997266,
              -5.920766
            ],
            [
              105.997297,
              -5.920752
            ]
          ],
          [
            [
              105.997297,
              -5.920752
            ],
            [
              105.99735,
              -5.92068
            ]
          ],
          [
            [
              105.99735,
              -5.92068
            ],
            [
              105.997479,
              -5.920574
            ]
          ],
          [
            [
              105.997479,
              -5.920574
            ],
            [
              105.997572,
              -5.920461
            ]
          ],
          [
            [
              105.997572,
              -5.920461
            ],
            [
              105.997694,
              -5.920359
            ]
          ],
          [
            [
              105.997694,
              -5.920359
            ],
            [
              105.997866,
              -5.920531
            ]
          ],
          [
            [
              105.997866,
              -5.920531
            ],
            [
              105.997928,
              -5.920479
            ]
          ],
          [
            [
              105.997928,
              -5.920479
            ],
            [
              105.997965,
              -5.920485
            ]
          ],
          [
            [
              105.997965,
              -5.920485
            ],
            [
              105.998755,
              -5.921238
            ]
          ],
          [
            [
              105.998755,
              -5.921238
            ],
            [
              105.998809,
              -5.921349
            ]
          ],
          [
            [
              105.998809,
              -5.921349
            ],
            [
              105.99883,
              -5.921315
            ]
          ],
          [
            [
              105.99883,
              -5.921315
            ],
            [
              105.998861,
              -5.921312
            ]
          ],
          [
            [
              105.998861,
              -5.921312
            ],
            [
              105.999163,
              -5.921381
            ]
          ],
          [
            [
              105.999163,
              -5.921381
            ],
            [
              105.9992,
              -5.921324
            ]
          ],
          [
            [
              105.9992,
              -5.921324
            ],
            [
              105.99926,
              -5.921316
            ]
          ],
          [
            [
              105.99926,
              -5.921316
            ],
            [
              105.999302,
              -5.921341
            ]
          ],
          [
            [
              105.999302,
              -5.921341
            ],
            [
              105.999299,
              -5.921562
            ]
          ],
          [
            [
              105.999299,
              -5.921562
            ],
            [
              105.999321,
              -5.921609
            ]
          ],
          [
            [
              105.999321,
              -5.921609
            ],
            [
              105.999304,
              -5.921648
            ]
          ],
          [
            [
              105.999304,
              -5.921648
            ],
            [
              105.999395,
              -5.921757
            ]
          ],
          [
            [
              105.999395,
              -5.921757
            ],
            [
              105.99941,
              -5.921814
            ]
          ],
          [
            [
              105.99941,
              -5.921814
            ],
            [
              105.999434,
              -5.921836
            ]
          ],
          [
            [
              105.999434,
              -5.921836
            ],
            [
              105.999418,
              -5.92188
            ]
          ],
          [
            [
              105.999418,
              -5.92188
            ],
            [
              105.999444,
              -5.921947
            ]
          ],
          [
            [
              105.999444,
              -5.921947
            ],
            [
              105.999434,
              -5.921983
            ]
          ],
          [
            [
              105.999434,
              -5.921983
            ],
            [
              105.999479,
              -5.922034
            ]
          ],
          [
            [
              105.999479,
              -5.922034
            ],
            [
              105.999508,
              -5.922041
            ]
          ],
          [
            [
              105.999508,
              -5.922041
            ],
            [
              105.999497,
              -5.922147
            ]
          ],
          [
            [
              105.999497,
              -5.922147
            ],
            [
              105.999514,
              -5.92217
            ]
          ],
          [
            [
              105.999514,
              -5.92217
            ],
            [
              105.99956,
              -5.922176
            ]
          ],
          [
            [
              105.99956,
              -5.922176
            ],
            [
              105.999623,
              -5.922161
            ]
          ],
          [
            [
              105.999623,
              -5.922161
            ],
            [
              105.999636,
              -5.922179
            ]
          ],
          [
            [
              105.999636,
              -5.922179
            ],
            [
              105.999642,
              -5.922138
            ]
          ],
          [
            [
              105.999642,
              -5.922138
            ],
            [
              105.999622,
              -5.922123
            ]
          ],
          [
            [
              105.999622,
              -5.922123
            ],
            [
              105.999638,
              -5.922117
            ]
          ],
          [
            [
              105.999638,
              -5.922117
            ],
            [
              105.999642,
              -5.92209
            ]
          ],
          [
            [
              105.999642,
              -5.92209
            ],
            [
              105.999605,
              -5.922067
            ]
          ],
          [
            [
              105.999605,
              -5.922067
            ],
            [
              105.999608,
              -5.922031
            ]
          ],
          [
            [
              105.999608,
              -5.922031
            ],
            [
              105.999735,
              -5.92198
            ]
          ],
          [
            [
              105.999735,
              -5.92198
            ],
            [
              105.999756,
              -5.922
            ]
          ],
          [
            [
              105.999756,
              -5.922
            ],
            [
              105.9998,
              -5.922163
            ]
          ],
          [
            [
              105.9998,
              -5.922163
            ],
            [
              105.999854,
              -5.922174
            ]
          ],
          [
            [
              105.999854,
              -5.922174
            ],
            [
              105.999997,
              -5.922165
            ]
          ],
          [
            [
              105.999997,
              -5.922165
            ],
            [
              106.000129,
              -5.922074
            ]
          ],
          [
            [
              106.000129,
              -5.922074
            ],
            [
              106.00014,
              -5.92201
            ]
          ],
          [
            [
              106.00014,
              -5.92201
            ],
            [
              106.000068,
              -5.921948
            ]
          ],
          [
            [
              106.000068,
              -5.921948
            ],
            [
              106.0001,
              -5.92193
            ]
          ],
          [
            [
              106.0001,
              -5.92193
            ],
            [
              106.000209,
              -5.921969
            ]
          ],
          [
            [
              106.000209,
              -5.921969
            ],
            [
              106.000262,
              -5.922073
            ]
          ],
          [
            [
              106.000262,
              -5.922073
            ],
            [
              106.000265,
              -5.922101
            ]
          ],
          [
            [
              106.000265,
              -5.922101
            ],
            [
              106.000235,
              -5.922155
            ]
          ],
          [
            [
              106.000235,
              -5.922155
            ],
            [
              106.000256,
              -5.922149
            ]
          ],
          [
            [
              106.000256,
              -5.922149
            ],
            [
              106.000285,
              -5.922103
            ]
          ],
          [
            [
              106.000285,
              -5.922103
            ],
            [
              106.000401,
              -5.921753
            ]
          ],
          [
            [
              106.000401,
              -5.921753
            ],
            [
              106.000471,
              -5.921621
            ]
          ],
          [
            [
              106.000471,
              -5.921621
            ],
            [
              106.000552,
              -5.921395
            ]
          ],
          [
            [
              106.000552,
              -5.921395
            ],
            [
              106.00058,
              -5.921379
            ]
          ],
          [
            [
              106.00058,
              -5.921379
            ],
            [
              106.00057,
              -5.921344
            ]
          ],
          [
            [
              106.00057,
              -5.921344
            ],
            [
              106.000725,
              -5.920973
            ]
          ],
          [
            [
              106.000725,
              -5.920973
            ],
            [
              106.000796,
              -5.920761
            ]
          ],
          [
            [
              106.000796,
              -5.920761
            ],
            [
              106.000827,
              -5.920715
            ]
          ],
          [
            [
              106.000827,
              -5.920715
            ],
            [
              106.000831,
              -5.920665
            ]
          ],
          [
            [
              106.000831,
              -5.920665
            ],
            [
              106.00088,
              -5.92054
            ]
          ],
          [
            [
              106.00088,
              -5.92054
            ],
            [
              106.00092,
              -5.920549
            ]
          ],
          [
            [
              106.00092,
              -5.920549
            ],
            [
              106.000898,
              -5.920514
            ]
          ],
          [
            [
              106.000898,
              -5.920514
            ],
            [
              106.00091,
              -5.920475
            ]
          ],
          [
            [
              106.00091,
              -5.920475
            ],
            [
              106.000972,
              -5.920356
            ]
          ],
          [
            [
              106.000972,
              -5.920356
            ],
            [
              106.001043,
              -5.920114
            ]
          ],
          [
            [
              106.001043,
              -5.920114
            ],
            [
              106.001197,
              -5.919731
            ]
          ],
          [
            [
              106.001197,
              -5.919731
            ],
            [
              106.001175,
              -5.919641
            ]
          ],
          [
            [
              106.001175,
              -5.919641
            ],
            [
              106.001189,
              -5.919591
            ]
          ],
          [
            [
              106.001189,
              -5.919591
            ],
            [
              106.001169,
              -5.919557
            ]
          ],
          [
            [
              106.001169,
              -5.919557
            ],
            [
              106.001203,
              -5.919497
            ]
          ],
          [
            [
              106.001203,
              -5.919497
            ],
            [
              106.001278,
              -5.919467
            ]
          ],
          [
            [
              106.001278,
              -5.919467
            ],
            [
              106.001508,
              -5.919553
            ]
          ],
          [
            [
              106.001508,
              -5.919553
            ],
            [
              106.001534,
              -5.919583
            ]
          ],
          [
            [
              106.001534,
              -5.919583
            ],
            [
              106.001645,
              -5.919601
            ]
          ],
          [
            [
              106.001645,
              -5.919601
            ],
            [
              106.001956,
              -5.919713
            ]
          ],
          [
            [
              106.001956,
              -5.919713
            ],
            [
              106.002143,
              -5.919788
            ]
          ],
          [
            [
              106.002143,
              -5.919788
            ],
            [
              106.002189,
              -5.919822
            ]
          ],
          [
            [
              106.002189,
              -5.919822
            ],
            [
              106.002671,
              -5.919982
            ]
          ],
          [
            [
              106.002671,
              -5.919982
            ],
            [
              106.00273,
              -5.920018
            ]
          ],
          [
            [
              106.00273,
              -5.920018
            ],
            [
              106.003291,
              -5.920232
            ]
          ],
          [
            [
              106.003291,
              -5.920232
            ],
            [
              106.003321,
              -5.920268
            ]
          ],
          [
            [
              106.003321,
              -5.920268
            ],
            [
              106.003318,
              -5.920343
            ]
          ],
          [
            [
              106.003318,
              -5.920343
            ],
            [
              106.003254,
              -5.920627
            ]
          ],
          [
            [
              106.003254,
              -5.920627
            ],
            [
              106.003247,
              -5.920721
            ]
          ],
          [
            [
              106.003247,
              -5.920721
            ],
            [
              106.00327,
              -5.920759
            ]
          ],
          [
            [
              106.00327,
              -5.920759
            ],
            [
              106.003274,
              -5.920841
            ]
          ],
          [
            [
              106.003274,
              -5.920841
            ],
            [
              106.003339,
              -5.920936
            ]
          ],
          [
            [
              106.003339,
              -5.920936
            ],
            [
              106.003394,
              -5.92091
            ]
          ],
          [
            [
              106.003394,
              -5.92091
            ],
            [
              106.003432,
              -5.920914
            ]
          ],
          [
            [
              106.003432,
              -5.920914
            ],
            [
              106.003531,
              -5.920822
            ]
          ],
          [
            [
              106.003531,
              -5.920822
            ],
            [
              106.003565,
              -5.920814
            ]
          ],
          [
            [
              106.003565,
              -5.920814
            ],
            [
              106.003574,
              -5.920793
            ]
          ],
          [
            [
              106.003574,
              -5.920793
            ],
            [
              106.003538,
              -5.920779
            ]
          ],
          [
            [
              106.003538,
              -5.920779
            ],
            [
              106.003537,
              -5.920766
            ]
          ],
          [
            [
              106.003537,
              -5.920766
            ],
            [
              106.003771,
              -5.920685
            ]
          ],
          [
            [
              106.003771,
              -5.920685
            ],
            [
              106.003806,
              -5.92074
            ]
          ],
          [
            [
              106.003806,
              -5.92074
            ],
            [
              106.003831,
              -5.920747
            ]
          ],
          [
            [
              106.003831,
              -5.920747
            ],
            [
              106.003837,
              -5.920784
            ]
          ],
          [
            [
              106.003837,
              -5.920784
            ],
            [
              106.003895,
              -5.920729
            ]
          ],
          [
            [
              106.003895,
              -5.920729
            ],
            [
              106.003872,
              -5.920718
            ]
          ],
          [
            [
              106.003872,
              -5.920718
            ],
            [
              106.003846,
              -5.920747
            ]
          ],
          [
            [
              106.003846,
              -5.920747
            ],
            [
              106.003802,
              -5.920654
            ]
          ],
          [
            [
              106.003802,
              -5.920654
            ],
            [
              106.003869,
              -5.92066
            ]
          ],
          [
            [
              106.003869,
              -5.92066
            ],
            [
              106.00388,
              -5.920636
            ]
          ],
          [
            [
              106.00388,
              -5.920636
            ],
            [
              106.003955,
              -5.92061
            ]
          ],
          [
            [
              106.003955,
              -5.92061
            ],
            [
              106.003964,
              -5.920557
            ]
          ],
          [
            [
              106.003964,
              -5.920557
            ],
            [
              106.004013,
              -5.920539
            ]
          ],
          [
            [
              106.004013,
              -5.920539
            ],
            [
              106.003996,
              -5.920512
            ]
          ],
          [
            [
              106.003996,
              -5.920512
            ],
            [
              106.004052,
              -5.92049
            ]
          ],
          [
            [
              106.004052,
              -5.92049
            ],
            [
              106.004069,
              -5.920433
            ]
          ],
          [
            [
              106.004069,
              -5.920433
            ],
            [
              106.004115,
              -5.920411
            ]
          ],
          [
            [
              106.004115,
              -5.920411
            ],
            [
              106.004153,
              -5.920352
            ]
          ],
          [
            [
              106.004153,
              -5.920352
            ],
            [
              106.004382,
              -5.919878
            ]
          ],
          [
            [
              106.004382,
              -5.919878
            ],
            [
              106.00443,
              -5.919725
            ]
          ],
          [
            [
              106.00443,
              -5.919725
            ],
            [
              106.004539,
              -5.919511
            ]
          ],
          [
            [
              106.004539,
              -5.919511
            ],
            [
              106.004635,
              -5.919165
            ]
          ],
          [
            [
              106.004635,
              -5.919165
            ],
            [
              106.004683,
              -5.919092
            ]
          ],
          [
            [
              106.004683,
              -5.919092
            ],
            [
              106.004689,
              -5.919015
            ]
          ],
          [
            [
              106.004689,
              -5.919015
            ],
            [
              106.004666,
              -5.918995
            ]
          ],
          [
            [
              106.004666,
              -5.918995
            ],
            [
              106.004679,
              -5.918979
            ]
          ],
          [
            [
              106.004679,
              -5.918979
            ],
            [
              106.004653,
              -5.918898
            ]
          ],
          [
            [
              106.004653,
              -5.918898
            ],
            [
              106.004682,
              -5.91884
            ]
          ],
          [
            [
              106.004682,
              -5.91884
            ],
            [
              106.004637,
              -5.91881
            ]
          ],
          [
            [
              106.004637,
              -5.91881
            ],
            [
              106.004613,
              -5.918816
            ]
          ],
          [
            [
              106.004613,
              -5.918816
            ],
            [
              106.004601,
              -5.918799
            ]
          ],
          [
            [
              106.004601,
              -5.918799
            ],
            [
              106.004609,
              -5.918764
            ]
          ],
          [
            [
              106.004609,
              -5.918764
            ],
            [
              106.004573,
              -5.918735
            ]
          ],
          [
            [
              106.004573,
              -5.918735
            ],
            [
              106.004588,
              -5.918632
            ]
          ],
          [
            [
              106.004588,
              -5.918632
            ],
            [
              106.004564,
              -5.918591
            ]
          ],
          [
            [
              106.004564,
              -5.918591
            ],
            [
              106.004576,
              -5.918591
            ]
          ],
          [
            [
              106.004576,
              -5.918591
            ],
            [
              106.004572,
              -5.918567
            ]
          ],
          [
            [
              106.004572,
              -5.918567
            ],
            [
              106.004603,
              -5.91854
            ]
          ],
          [
            [
              106.004603,
              -5.91854
            ],
            [
              106.004662,
              -5.918545
            ]
          ],
          [
            [
              106.004662,
              -5.918545
            ],
            [
              106.004738,
              -5.918269
            ]
          ],
          [
            [
              106.004738,
              -5.918269
            ],
            [
              106.004763,
              -5.918245
            ]
          ],
          [
            [
              106.004763,
              -5.918245
            ],
            [
              106.004826,
              -5.91823
            ]
          ],
          [
            [
              106.004826,
              -5.91823
            ],
            [
              106.004864,
              -5.918129
            ]
          ],
          [
            [
              106.004864,
              -5.918129
            ],
            [
              106.004903,
              -5.918093
            ]
          ],
          [
            [
              106.004903,
              -5.918093
            ],
            [
              106.004922,
              -5.918107
            ]
          ],
          [
            [
              106.004922,
              -5.918107
            ],
            [
              106.004957,
              -5.918061
            ]
          ],
          [
            [
              106.004957,
              -5.918061
            ],
            [
              106.004934,
              -5.918071
            ]
          ],
          [
            [
              106.004934,
              -5.918071
            ],
            [
              106.004924,
              -5.918054
            ]
          ],
          [
            [
              106.004924,
              -5.918054
            ],
            [
              106.004794,
              -5.918153
            ]
          ],
          [
            [
              106.004794,
              -5.918153
            ],
            [
              106.004671,
              -5.918135
            ]
          ],
          [
            [
              106.004671,
              -5.918135
            ],
            [
              106.004536,
              -5.918147
            ]
          ],
          [
            [
              106.004536,
              -5.918147
            ],
            [
              106.004467,
              -5.91812
            ]
          ],
          [
            [
              106.004467,
              -5.91812
            ],
            [
              106.004463,
              -5.918065
            ]
          ],
          [
            [
              106.004463,
              -5.918065
            ],
            [
              106.004518,
              -5.918032
            ]
          ],
          [
            [
              106.004518,
              -5.918032
            ],
            [
              106.004533,
              -5.917938
            ]
          ],
          [
            [
              106.004533,
              -5.917938
            ],
            [
              106.004486,
              -5.917679
            ]
          ],
          [
            [
              106.004486,
              -5.917679
            ],
            [
              106.004481,
              -5.91751
            ]
          ],
          [
            [
              106.004481,
              -5.91751
            ],
            [
              106.004391,
              -5.917
            ]
          ],
          [
            [
              106.004391,
              -5.917
            ],
            [
              106.004356,
              -5.916685
            ]
          ],
          [
            [
              106.004356,
              -5.916685
            ],
            [
              106.004273,
              -5.916428
            ]
          ],
          [
            [
              106.004273,
              -5.916428
            ],
            [
              106.004182,
              -5.916294
            ]
          ],
          [
            [
              106.004182,
              -5.916294
            ],
            [
              106.004065,
              -5.916167
            ]
          ],
          [
            [
              106.004065,
              -5.916167
            ],
            [
              106.00358,
              -5.915778
            ]
          ],
          [
            [
              106.00358,
              -5.915778
            ],
            [
              106.00335,
              -5.915742
            ]
          ],
          [
            [
              106.00335,
              -5.915742
            ],
            [
              106.003438,
              -5.915737
            ]
          ],
          [
            [
              106.003438,
              -5.915737
            ],
            [
              106.003522,
              -5.915754
            ]
          ],
          [
            [
              106.003522,
              -5.915754
            ],
            [
              106.003542,
              -5.915721
            ]
          ],
          [
            [
              106.003542,
              -5.915721
            ],
            [
              106.003496,
              -5.9157
            ]
          ],
          [
            [
              106.003496,
              -5.9157
            ],
            [
              106.003488,
              -5.915673
            ]
          ],
          [
            [
              106.003488,
              -5.915673
            ],
            [
              106.003457,
              -5.915665
            ]
          ],
          [
            [
              106.003457,
              -5.915665
            ],
            [
              106.00347,
              -5.915634
            ]
          ],
          [
            [
              106.00347,
              -5.915634
            ],
            [
              106.003434,
              -5.915613
            ]
          ],
          [
            [
              106.003434,
              -5.915613
            ],
            [
              106.00339,
              -5.915615
            ]
          ],
          [
            [
              106.00339,
              -5.915615
            ],
            [
              106.003375,
              -5.915588
            ]
          ],
          [
            [
              106.003375,
              -5.915588
            ],
            [
              106.003325,
              -5.915569
            ]
          ],
          [
            [
              106.003325,
              -5.915569
            ],
            [
              106.003193,
              -5.915549
            ]
          ],
          [
            [
              106.003193,
              -5.915549
            ],
            [
              106.00306,
              -5.915564
            ]
          ],
          [
            [
              106.00306,
              -5.915564
            ],
            [
              106.002987,
              -5.915646
            ]
          ],
          [
            [
              106.002987,
              -5.915646
            ],
            [
              106.002969,
              -5.915604
            ]
          ],
          [
            [
              106.002969,
              -5.915604
            ],
            [
              106.002916,
              -5.915701
            ]
          ],
          [
            [
              106.002916,
              -5.915701
            ],
            [
              106.002833,
              -5.915735
            ]
          ],
          [
            [
              106.002833,
              -5.915735
            ],
            [
              106.002814,
              -5.91578
            ]
          ],
          [
            [
              106.002814,
              -5.91578
            ],
            [
              106.002768,
              -5.915788
            ]
          ],
          [
            [
              106.002768,
              -5.915788
            ],
            [
              106.0027,
              -5.915766
            ]
          ],
          [
            [
              106.0027,
              -5.915766
            ],
            [
              106.002586,
              -5.915698
            ]
          ],
          [
            [
              106.002586,
              -5.915698
            ],
            [
              106.002429,
              -5.91556
            ]
          ],
          [
            [
              106.002429,
              -5.91556
            ],
            [
              106.002231,
              -5.915422
            ]
          ],
          [
            [
              106.002231,
              -5.915422
            ],
            [
              106.001979,
              -5.91537
            ]
          ],
          [
            [
              106.001979,
              -5.91537
            ],
            [
              106.001886,
              -5.915325
            ]
          ],
          [
            [
              106.001886,
              -5.915325
            ],
            [
              106.001822,
              -5.915272
            ]
          ],
          [
            [
              106.001822,
              -5.915272
            ],
            [
              106.0018,
              -5.91522
            ]
          ],
          [
            [
              106.0018,
              -5.91522
            ],
            [
              106.001716,
              -5.915108
            ]
          ],
          [
            [
              106.001716,
              -5.915108
            ],
            [
              106.001573,
              -5.915
            ]
          ],
          [
            [
              106.001573,
              -5.915
            ],
            [
              106.0017,
              -5.915067
            ]
          ],
          [
            [
              106.0017,
              -5.915067
            ],
            [
              106.00169,
              -5.915046
            ]
          ],
          [
            [
              106.00169,
              -5.915046
            ],
            [
              106.001616,
              -5.914976
            ]
          ],
          [
            [
              106.001616,
              -5.914976
            ],
            [
              106.00154,
              -5.914946
            ]
          ],
          [
            [
              106.00154,
              -5.914946
            ],
            [
              106.001461,
              -5.914842
            ]
          ],
          [
            [
              106.001461,
              -5.914842
            ],
            [
              106.001302,
              -5.914723
            ]
          ],
          [
            [
              106.001302,
              -5.914723
            ],
            [
              106.001235,
              -5.91462
            ]
          ],
          [
            [
              106.001235,
              -5.91462
            ],
            [
              106.001137,
              -5.914224
            ]
          ],
          [
            [
              106.001137,
              -5.914224
            ],
            [
              106.001153,
              -5.914175
            ]
          ],
          [
            [
              106.001153,
              -5.914175
            ],
            [
              106.001126,
              -5.913847
            ]
          ],
          [
            [
              106.001126,
              -5.913847
            ],
            [
              106.001142,
              -5.913265
            ]
          ],
          [
            [
              106.001142,
              -5.913265
            ],
            [
              106.001187,
              -5.913121
            ]
          ],
          [
            [
              106.001187,
              -5.913121
            ],
            [
              106.001212,
              -5.913109
            ]
          ],
          [
            [
              106.001212,
              -5.913109
            ],
            [
              106.001287,
              -5.91299
            ]
          ],
          [
            [
              106.001287,
              -5.91299
            ],
            [
              106.001522,
              -5.912829
            ]
          ],
          [
            [
              106.001522,
              -5.912829
            ],
            [
              106.001676,
              -5.912679
            ]
          ],
          [
            [
              106.001676,
              -5.912679
            ],
            [
              106.001727,
              -5.912646
            ]
          ],
          [
            [
              106.001727,
              -5.912646
            ],
            [
              106.001796,
              -5.912632
            ]
          ],
          [
            [
              106.001796,
              -5.912632
            ],
            [
              106.001833,
              -5.912603
            ]
          ],
          [
            [
              106.001833,
              -5.912603
            ],
            [
              106.002021,
              -5.912408
            ]
          ],
          [
            [
              106.002021,
              -5.912408
            ],
            [
              106.00207,
              -5.912334
            ]
          ],
          [
            [
              106.00207,
              -5.912334
            ],
            [
              106.00215,
              -5.912286
            ]
          ],
          [
            [
              106.00215,
              -5.912286
            ],
            [
              106.002333,
              -5.912102
            ]
          ],
          [
            [
              106.002333,
              -5.912102
            ],
            [
              106.002409,
              -5.912042
            ]
          ],
          [
            [
              106.002409,
              -5.912042
            ],
            [
              106.002477,
              -5.912011
            ]
          ],
          [
            [
              106.002477,
              -5.912011
            ],
            [
              106.002491,
              -5.911969
            ]
          ],
          [
            [
              106.002491,
              -5.911969
            ],
            [
              106.002574,
              -5.911952
            ]
          ],
          [
            [
              106.002574,
              -5.911952
            ],
            [
              106.002616,
              -5.911866
            ]
          ],
          [
            [
              106.002616,
              -5.911866
            ],
            [
              106.002671,
              -5.911852
            ]
          ],
          [
            [
              106.002671,
              -5.911852
            ],
            [
              106.002675,
              -5.911816
            ]
          ],
          [
            [
              106.002675,
              -5.911816
            ],
            [
              106.00266,
              -5.911798
            ]
          ],
          [
            [
              106.00266,
              -5.911798
            ],
            [
              106.002691,
              -5.911756
            ]
          ],
          [
            [
              106.002691,
              -5.911756
            ],
            [
              106.002723,
              -5.911771
            ]
          ],
          [
            [
              106.002723,
              -5.911771
            ],
            [
              106.002764,
              -5.91175
            ]
          ],
          [
            [
              106.002764,
              -5.91175
            ],
            [
              106.002781,
              -5.911708
            ]
          ],
          [
            [
              106.002781,
              -5.911708
            ],
            [
              106.002888,
              -5.911641
            ]
          ],
          [
            [
              106.002888,
              -5.911641
            ],
            [
              106.002894,
              -5.911603
            ]
          ],
          [
            [
              106.002894,
              -5.911603
            ],
            [
              106.003054,
              -5.911532
            ]
          ],
          [
            [
              106.003054,
              -5.911532
            ],
            [
              106.003088,
              -5.911474
            ]
          ],
          [
            [
              106.003088,
              -5.911474
            ],
            [
              106.003122,
              -5.911472
            ]
          ],
          [
            [
              106.003122,
              -5.911472
            ],
            [
              106.003165,
              -5.91144
            ]
          ],
          [
            [
              106.003165,
              -5.91144
            ],
            [
              106.003189,
              -5.911394
            ]
          ],
          [
            [
              106.003189,
              -5.911394
            ],
            [
              106.003217,
              -5.911387
            ]
          ],
          [
            [
              106.003217,
              -5.911387
            ],
            [
              106.003279,
              -5.91133
            ]
          ],
          [
            [
              106.003279,
              -5.91133
            ],
            [
              106.003314,
              -5.911246
            ]
          ],
          [
            [
              106.003314,
              -5.911246
            ],
            [
              106.003351,
              -5.911226
            ]
          ],
          [
            [
              106.003351,
              -5.911226
            ],
            [
              106.003421,
              -5.911147
            ]
          ],
          [
            [
              106.003421,
              -5.911147
            ],
            [
              106.00348,
              -5.91112
            ]
          ],
          [
            [
              106.00348,
              -5.91112
            ],
            [
              106.003509,
              -5.911087
            ]
          ],
          [
            [
              106.003509,
              -5.911087
            ],
            [
              106.003505,
              -5.911059
            ]
          ],
          [
            [
              106.003505,
              -5.911059
            ],
            [
              106.003543,
              -5.911054
            ]
          ],
          [
            [
              106.003543,
              -5.911054
            ],
            [
              106.003576,
              -5.911029
            ]
          ],
          [
            [
              106.003576,
              -5.911029
            ],
            [
              106.003628,
              -5.91092
            ]
          ],
          [
            [
              106.003628,
              -5.91092
            ],
            [
              106.003672,
              -5.910881
            ]
          ],
          [
            [
              106.003672,
              -5.910881
            ],
            [
              106.003677,
              -5.910853
            ]
          ],
          [
            [
              106.003677,
              -5.910853
            ],
            [
              106.003694,
              -5.910862
            ]
          ],
          [
            [
              106.003694,
              -5.910862
            ],
            [
              106.003713,
              -5.910813
            ]
          ],
          [
            [
              106.003713,
              -5.910813
            ],
            [
              106.003735,
              -5.91081
            ]
          ],
          [
            [
              106.003735,
              -5.91081
            ],
            [
              106.003834,
              -5.910692
            ]
          ],
          [
            [
              106.003834,
              -5.910692
            ],
            [
              106.003934,
              -5.910613
            ]
          ],
          [
            [
              106.003934,
              -5.910613
            ],
            [
              106.003996,
              -5.91052
            ]
          ],
          [
            [
              106.003996,
              -5.91052
            ],
            [
              106.004106,
              -5.910439
            ]
          ],
          [
            [
              106.004106,
              -5.910439
            ],
            [
              106.004248,
              -5.910302
            ]
          ],
          [
            [
              106.004248,
              -5.910302
            ],
            [
              106.004454,
              -5.910162
            ]
          ],
          [
            [
              106.004454,
              -5.910162
            ],
            [
              106.00457,
              -5.910107
            ]
          ],
          [
            [
              106.00457,
              -5.910107
            ],
            [
              106.004605,
              -5.910106
            ]
          ],
          [
            [
              106.004605,
              -5.910106
            ],
            [
              106.00463,
              -5.910082
            ]
          ],
          [
            [
              106.00463,
              -5.910082
            ],
            [
              106.004723,
              -5.91006
            ]
          ],
          [
            [
              106.004723,
              -5.91006
            ],
            [
              106.004791,
              -5.910019
            ]
          ],
          [
            [
              106.004791,
              -5.910019
            ],
            [
              106.004838,
              -5.91002
            ]
          ],
          [
            [
              106.004838,
              -5.91002
            ],
            [
              106.004883,
              -5.909991
            ]
          ],
          [
            [
              106.004883,
              -5.909991
            ],
            [
              106.005026,
              -5.909952
            ]
          ],
          [
            [
              106.005026,
              -5.909952
            ],
            [
              106.005186,
              -5.909885
            ]
          ],
          [
            [
              106.005186,
              -5.909885
            ],
            [
              106.005463,
              -5.909818
            ]
          ],
          [
            [
              106.005463,
              -5.909818
            ],
            [
              106.005815,
              -5.909703
            ]
          ],
          [
            [
              106.005815,
              -5.909703
            ],
            [
              106.006019,
              -5.909657
            ]
          ],
          [
            [
              106.006019,
              -5.909657
            ],
            [
              106.006087,
              -5.909656
            ]
          ],
          [
            [
              106.006087,
              -5.909656
            ],
            [
              106.006132,
              -5.909632
            ]
          ],
          [
            [
              106.006132,
              -5.909632
            ],
            [
              106.006254,
              -5.909644
            ]
          ],
          [
            [
              106.006254,
              -5.909644
            ],
            [
              106.006296,
              -5.909664
            ]
          ],
          [
            [
              106.006296,
              -5.909664
            ],
            [
              106.006391,
              -5.909765
            ]
          ],
          [
            [
              106.006391,
              -5.909765
            ],
            [
              106.006872,
              -5.910139
            ]
          ],
          [
            [
              106.006872,
              -5.910139
            ],
            [
              106.006918,
              -5.910065
            ]
          ],
          [
            [
              106.006918,
              -5.910065
            ],
            [
              106.006905,
              -5.909984
            ]
          ],
          [
            [
              106.006905,
              -5.909984
            ],
            [
              106.006921,
              -5.909961
            ]
          ],
          [
            [
              106.006921,
              -5.909961
            ],
            [
              106.006967,
              -5.909944
            ]
          ],
          [
            [
              106.006967,
              -5.909944
            ],
            [
              106.007013,
              -5.909953
            ]
          ],
          [
            [
              106.007013,
              -5.909953
            ],
            [
              106.007034,
              -5.909985
            ]
          ],
          [
            [
              106.007034,
              -5.909985
            ],
            [
              106.007093,
              -5.910021
            ]
          ],
          [
            [
              106.007093,
              -5.910021
            ],
            [
              106.007081,
              -5.91008
            ]
          ],
          [
            [
              106.007081,
              -5.91008
            ],
            [
              106.007157,
              -5.91004
            ]
          ],
          [
            [
              106.007157,
              -5.91004
            ],
            [
              106.00718,
              -5.910066
            ]
          ],
          [
            [
              106.00718,
              -5.910066
            ],
            [
              106.007153,
              -5.910102
            ]
          ],
          [
            [
              106.007153,
              -5.910102
            ],
            [
              106.007214,
              -5.910089
            ]
          ],
          [
            [
              106.007214,
              -5.910089
            ],
            [
              106.007211,
              -5.91012
            ]
          ],
          [
            [
              106.007211,
              -5.91012
            ],
            [
              106.007141,
              -5.910133
            ]
          ],
          [
            [
              106.007141,
              -5.910133
            ],
            [
              106.007137,
              -5.910165
            ]
          ],
          [
            [
              106.007137,
              -5.910165
            ],
            [
              106.007102,
              -5.910187
            ]
          ],
          [
            [
              106.007102,
              -5.910187
            ],
            [
              106.007071,
              -5.910175
            ]
          ],
          [
            [
              106.007071,
              -5.910175
            ],
            [
              106.007024,
              -5.910114
            ]
          ],
          [
            [
              106.007024,
              -5.910114
            ],
            [
              106.007014,
              -5.910206
            ]
          ],
          [
            [
              106.007014,
              -5.910206
            ],
            [
              106.006979,
              -5.910229
            ]
          ],
          [
            [
              106.006979,
              -5.910229
            ],
            [
              106.007002,
              -5.910238
            ]
          ],
          [
            [
              106.007002,
              -5.910238
            ],
            [
              106.007,
              -5.91027
            ]
          ],
          [
            [
              106.007,
              -5.91027
            ],
            [
              106.007016,
              -5.910286
            ]
          ],
          [
            [
              106.007016,
              -5.910286
            ],
            [
              106.006967,
              -5.910286
            ]
          ],
          [
            [
              106.006967,
              -5.910286
            ],
            [
              106.006947,
              -5.910251
            ]
          ],
          [
            [
              106.006947,
              -5.910251
            ],
            [
              106.006963,
              -5.910234
            ]
          ],
          [
            [
              106.006963,
              -5.910234
            ],
            [
              106.006915,
              -5.910241
            ]
          ],
          [
            [
              106.006915,
              -5.910241
            ],
            [
              106.006863,
              -5.910391
            ]
          ],
          [
            [
              106.006863,
              -5.910391
            ],
            [
              106.006858,
              -5.910461
            ]
          ],
          [
            [
              106.006858,
              -5.910461
            ],
            [
              106.006885,
              -5.910589
            ]
          ],
          [
            [
              106.006885,
              -5.910589
            ],
            [
              106.0069,
              -5.910616
            ]
          ],
          [
            [
              106.0069,
              -5.910616
            ],
            [
              106.006951,
              -5.910638
            ]
          ],
          [
            [
              106.006951,
              -5.910638
            ],
            [
              106.006952,
              -5.910684
            ]
          ],
          [
            [
              106.006952,
              -5.910684
            ],
            [
              106.007,
              -5.910748
            ]
          ],
          [
            [
              106.007,
              -5.910748
            ],
            [
              106.006967,
              -5.910835
            ]
          ],
          [
            [
              106.006967,
              -5.910835
            ],
            [
              106.00699,
              -5.910842
            ]
          ],
          [
            [
              106.00699,
              -5.910842
            ],
            [
              106.006998,
              -5.910791
            ]
          ],
          [
            [
              106.006998,
              -5.910791
            ],
            [
              106.00702,
              -5.910797
            ]
          ],
          [
            [
              106.00702,
              -5.910797
            ],
            [
              106.007007,
              -5.910845
            ]
          ],
          [
            [
              106.007007,
              -5.910845
            ],
            [
              106.007034,
              -5.910832
            ]
          ],
          [
            [
              106.007034,
              -5.910832
            ],
            [
              106.007032,
              -5.91081
            ]
          ],
          [
            [
              106.007032,
              -5.91081
            ],
            [
              106.007062,
              -5.910822
            ]
          ],
          [
            [
              106.007062,
              -5.910822
            ],
            [
              106.007042,
              -5.910865
            ]
          ],
          [
            [
              106.007042,
              -5.910865
            ],
            [
              106.007016,
              -5.910874
            ]
          ],
          [
            [
              106.007016,
              -5.910874
            ],
            [
              106.007007,
              -5.910934
            ]
          ],
          [
            [
              106.007007,
              -5.910934
            ],
            [
              106.007069,
              -5.911007
            ]
          ],
          [
            [
              106.007069,
              -5.911007
            ],
            [
              106.007053,
              -5.911055
            ]
          ],
          [
            [
              106.007053,
              -5.911055
            ],
            [
              106.00702,
              -5.911079
            ]
          ],
          [
            [
              106.00702,
              -5.911079
            ],
            [
              106.007034,
              -5.911128
            ]
          ],
          [
            [
              106.007034,
              -5.911128
            ],
            [
              106.007009,
              -5.911159
            ]
          ],
          [
            [
              106.007009,
              -5.911159
            ],
            [
              106.007026,
              -5.911177
            ]
          ],
          [
            [
              106.007026,
              -5.911177
            ],
            [
              106.007006,
              -5.911215
            ]
          ],
          [
            [
              106.007006,
              -5.911215
            ],
            [
              106.007019,
              -5.911314
            ]
          ],
          [
            [
              106.007019,
              -5.911314
            ],
            [
              106.007048,
              -5.911293
            ]
          ],
          [
            [
              106.007048,
              -5.911293
            ],
            [
              106.007079,
              -5.911321
            ]
          ],
          [
            [
              106.007079,
              -5.911321
            ],
            [
              106.007033,
              -5.91139
            ]
          ],
          [
            [
              106.007033,
              -5.91139
            ],
            [
              106.007048,
              -5.911407
            ]
          ],
          [
            [
              106.007048,
              -5.911407
            ],
            [
              106.007049,
              -5.911495
            ]
          ],
          [
            [
              106.007049,
              -5.911495
            ],
            [
              106.007084,
              -5.911535
            ]
          ],
          [
            [
              106.007084,
              -5.911535
            ],
            [
              106.007067,
              -5.911572
            ]
          ],
          [
            [
              106.007067,
              -5.911572
            ],
            [
              106.007075,
              -5.911628
            ]
          ],
          [
            [
              106.007075,
              -5.911628
            ],
            [
              106.007118,
              -5.911731
            ]
          ],
          [
            [
              106.007118,
              -5.911731
            ],
            [
              106.007138,
              -5.911748
            ]
          ],
          [
            [
              106.007138,
              -5.911748
            ],
            [
              106.007131,
              -5.911766
            ]
          ],
          [
            [
              106.007131,
              -5.911766
            ],
            [
              106.007173,
              -5.911835
            ]
          ],
          [
            [
              106.007173,
              -5.911835
            ],
            [
              106.00728,
              -5.911882
            ]
          ],
          [
            [
              106.00728,
              -5.911882
            ],
            [
              106.007371,
              -5.911894
            ]
          ],
          [
            [
              106.007371,
              -5.911894
            ],
            [
              106.007501,
              -5.911874
            ]
          ],
          [
            [
              106.007501,
              -5.911874
            ],
            [
              106.007512,
              -5.911837
            ]
          ],
          [
            [
              106.007512,
              -5.911837
            ],
            [
              106.007483,
              -5.91184
            ]
          ],
          [
            [
              106.007483,
              -5.91184
            ],
            [
              106.007484,
              -5.911869
            ]
          ],
          [
            [
              106.007484,
              -5.911869
            ],
            [
              106.007439,
              -5.911876
            ]
          ],
          [
            [
              106.007439,
              -5.911876
            ],
            [
              106.007421,
              -5.911865
            ]
          ],
          [
            [
              106.007421,
              -5.911865
            ],
            [
              106.007429,
              -5.911831
            ]
          ],
          [
            [
              106.007429,
              -5.911831
            ],
            [
              106.007245,
              -5.911808
            ]
          ],
          [
            [
              106.007245,
              -5.911808
            ],
            [
              106.007203,
              -5.911769
            ]
          ],
          [
            [
              106.007203,
              -5.911769
            ],
            [
              106.007147,
              -5.911659
            ]
          ],
          [
            [
              106.007147,
              -5.911659
            ],
            [
              106.007116,
              -5.911491
            ]
          ],
          [
            [
              106.007116,
              -5.911491
            ],
            [
              106.007124,
              -5.911417
            ]
          ],
          [
            [
              106.007124,
              -5.911417
            ],
            [
              106.007103,
              -5.911388
            ]
          ],
          [
            [
              106.007103,
              -5.911388
            ],
            [
              106.007118,
              -5.911368
            ]
          ],
          [
            [
              106.007118,
              -5.911368
            ],
            [
              106.007102,
              -5.911299
            ]
          ],
          [
            [
              106.007102,
              -5.911299
            ],
            [
              106.007113,
              -5.911215
            ]
          ],
          [
            [
              106.007113,
              -5.911215
            ],
            [
              106.007095,
              -5.911191
            ]
          ],
          [
            [
              106.007095,
              -5.911191
            ],
            [
              106.007109,
              -5.91116
            ]
          ],
          [
            [
              106.007109,
              -5.91116
            ],
            [
              106.00709,
              -5.911024
            ]
          ],
          [
            [
              106.00709,
              -5.911024
            ],
            [
              106.007103,
              -5.910978
            ]
          ],
          [
            [
              106.007103,
              -5.910978
            ],
            [
              106.007085,
              -5.910948
            ]
          ],
          [
            [
              106.007085,
              -5.910948
            ],
            [
              106.007111,
              -5.910899
            ]
          ],
          [
            [
              106.007111,
              -5.910899
            ],
            [
              106.007119,
              -5.910792
            ]
          ],
          [
            [
              106.007119,
              -5.910792
            ],
            [
              106.00711,
              -5.910757
            ]
          ],
          [
            [
              106.00711,
              -5.910757
            ],
            [
              106.007101,
              -5.910783
            ]
          ],
          [
            [
              106.007101,
              -5.910783
            ],
            [
              106.007079,
              -5.910784
            ]
          ],
          [
            [
              106.007079,
              -5.910784
            ],
            [
              106.007072,
              -5.910723
            ]
          ],
          [
            [
              106.007072,
              -5.910723
            ],
            [
              106.007097,
              -5.910699
            ]
          ],
          [
            [
              106.007097,
              -5.910699
            ],
            [
              106.007117,
              -5.910712
            ]
          ],
          [
            [
              106.007117,
              -5.910712
            ],
            [
              106.007109,
              -5.91074
            ]
          ],
          [
            [
              106.007109,
              -5.91074
            ],
            [
              106.007124,
              -5.910742
            ]
          ],
          [
            [
              106.007124,
              -5.910742
            ],
            [
              106.007131,
              -5.910687
            ]
          ],
          [
            [
              106.007131,
              -5.910687
            ],
            [
              106.007085,
              -5.91068
            ]
          ],
          [
            [
              106.007085,
              -5.91068
            ],
            [
              106.007077,
              -5.910621
            ]
          ],
          [
            [
              106.007077,
              -5.910621
            ],
            [
              106.007116,
              -5.910602
            ]
          ],
          [
            [
              106.007116,
              -5.910602
            ],
            [
              106.007156,
              -5.910618
            ]
          ],
          [
            [
              106.007156,
              -5.910618
            ],
            [
              106.007163,
              -5.910538
            ]
          ],
          [
            [
              106.007163,
              -5.910538
            ],
            [
              106.007199,
              -5.910468
            ]
          ],
          [
            [
              106.007199,
              -5.910468
            ],
            [
              106.007297,
              -5.910411
            ]
          ],
          [
            [
              106.007297,
              -5.910411
            ],
            [
              106.007425,
              -5.910393
            ]
          ],
          [
            [
              106.007425,
              -5.910393
            ],
            [
              106.007571,
              -5.91042
            ]
          ],
          [
            [
              106.007571,
              -5.91042
            ],
            [
              106.007607,
              -5.910366
            ]
          ],
          [
            [
              106.007607,
              -5.910366
            ],
            [
              106.007603,
              -5.910394
            ]
          ],
          [
            [
              106.007603,
              -5.910394
            ],
            [
              106.007651,
              -5.910409
            ]
          ],
          [
            [
              106.007651,
              -5.910409
            ],
            [
              106.007654,
              -5.910452
            ]
          ],
          [
            [
              106.007654,
              -5.910452
            ],
            [
              106.007866,
              -5.910514
            ]
          ],
          [
            [
              106.007866,
              -5.910514
            ],
            [
              106.007863,
              -5.910465
            ]
          ],
          [
            [
              106.007863,
              -5.910465
            ],
            [
              106.007919,
              -5.910478
            ]
          ],
          [
            [
              106.007919,
              -5.910478
            ],
            [
              106.00794,
              -5.910432
            ]
          ],
          [
            [
              106.00794,
              -5.910432
            ],
            [
              106.007968,
              -5.910435
            ]
          ],
          [
            [
              106.007968,
              -5.910435
            ],
            [
              106.007987,
              -5.910471
            ]
          ],
          [
            [
              106.007987,
              -5.910471
            ],
            [
              106.008027,
              -5.910451
            ]
          ],
          [
            [
              106.008027,
              -5.910451
            ],
            [
              106.008039,
              -5.910425
            ]
          ],
          [
            [
              106.008039,
              -5.910425
            ],
            [
              106.008093,
              -5.910421
            ]
          ],
          [
            [
              106.008093,
              -5.910421
            ],
            [
              106.008067,
              -5.910366
            ]
          ],
          [
            [
              106.008067,
              -5.910366
            ],
            [
              106.008082,
              -5.91035
            ]
          ],
          [
            [
              106.008082,
              -5.91035
            ],
            [
              106.00813,
              -5.910406
            ]
          ],
          [
            [
              106.00813,
              -5.910406
            ],
            [
              106.008165,
              -5.910377
            ]
          ],
          [
            [
              106.008165,
              -5.910377
            ],
            [
              106.008274,
              -5.910347
            ]
          ],
          [
            [
              106.008274,
              -5.910347
            ],
            [
              106.008285,
              -5.910299
            ]
          ],
          [
            [
              106.008285,
              -5.910299
            ],
            [
              106.008348,
              -5.910283
            ]
          ],
          [
            [
              106.008348,
              -5.910283
            ],
            [
              106.008359,
              -5.910208
            ]
          ],
          [
            [
              106.008359,
              -5.910208
            ],
            [
              106.008391,
              -5.910194
            ]
          ],
          [
            [
              106.008391,
              -5.910194
            ],
            [
              106.008406,
              -5.910166
            ]
          ],
          [
            [
              106.008406,
              -5.910166
            ],
            [
              106.008382,
              -5.910154
            ]
          ],
          [
            [
              106.008382,
              -5.910154
            ],
            [
              106.008369,
              -5.910174
            ]
          ],
          [
            [
              106.008369,
              -5.910174
            ],
            [
              106.008296,
              -5.910149
            ]
          ],
          [
            [
              106.008296,
              -5.910149
            ],
            [
              106.008218,
              -5.910099
            ]
          ],
          [
            [
              106.008218,
              -5.910099
            ],
            [
              106.008178,
              -5.910059
            ]
          ],
          [
            [
              106.008178,
              -5.910059
            ],
            [
              106.008199,
              -5.910005
            ]
          ],
          [
            [
              106.008199,
              -5.910005
            ],
            [
              106.00806,
              -5.909864
            ]
          ],
          [
            [
              106.00806,
              -5.909864
            ],
            [
              106.007843,
              -5.909763
            ]
          ],
          [
            [
              106.007843,
              -5.909763
            ],
            [
              106.007813,
              -5.909773
            ]
          ],
          [
            [
              106.007813,
              -5.909773
            ],
            [
              106.007799,
              -5.909749
            ]
          ],
          [
            [
              106.007799,
              -5.909749
            ],
            [
              106.007761,
              -5.909748
            ]
          ],
          [
            [
              106.007761,
              -5.909748
            ],
            [
              106.007758,
              -5.909778
            ]
          ],
          [
            [
              106.007758,
              -5.909778
            ],
            [
              106.007724,
              -5.909752
            ]
          ],
          [
            [
              106.007724,
              -5.909752
            ],
            [
              106.007748,
              -5.90974
            ]
          ],
          [
            [
              106.007748,
              -5.90974
            ],
            [
              106.007746,
              -5.909716
            ]
          ],
          [
            [
              106.007746,
              -5.909716
            ],
            [
              106.007522,
              -5.909655
            ]
          ],
          [
            [
              106.007522,
              -5.909655
            ],
            [
              106.007393,
              -5.909554
            ]
          ],
          [
            [
              106.007393,
              -5.909554
            ],
            [
              106.007329,
              -5.909478
            ]
          ],
          [
            [
              106.007329,
              -5.909478
            ],
            [
              106.007264,
              -5.909351
            ]
          ],
          [
            [
              106.007264,
              -5.909351
            ],
            [
              106.007273,
              -5.909298
            ]
          ],
          [
            [
              106.007273,
              -5.909298
            ],
            [
              106.007255,
              -5.909174
            ]
          ],
          [
            [
              106.007255,
              -5.909174
            ],
            [
              106.007338,
              -5.909141
            ]
          ],
          [
            [
              106.007338,
              -5.909141
            ],
            [
              106.00732,
              -5.909051
            ]
          ],
          [
            [
              106.00732,
              -5.909051
            ],
            [
              106.007432,
              -5.908954
            ]
          ],
          [
            [
              106.007432,
              -5.908954
            ],
            [
              106.007498,
              -5.908931
            ]
          ],
          [
            [
              106.007498,
              -5.908931
            ],
            [
              106.007607,
              -5.908947
            ]
          ],
          [
            [
              106.007607,
              -5.908947
            ],
            [
              106.007857,
              -5.909072
            ]
          ],
          [
            [
              106.007857,
              -5.909072
            ],
            [
              106.007981,
              -5.909108
            ]
          ],
          [
            [
              106.007981,
              -5.909108
            ],
            [
              106.008103,
              -5.909191
            ]
          ],
          [
            [
              106.008103,
              -5.909191
            ],
            [
              106.008298,
              -5.909259
            ]
          ],
          [
            [
              106.008298,
              -5.909259
            ],
            [
              106.008475,
              -5.909375
            ]
          ],
          [
            [
              106.008475,
              -5.909375
            ],
            [
              106.008641,
              -5.909436
            ]
          ],
          [
            [
              106.008641,
              -5.909436
            ],
            [
              106.008737,
              -5.909443
            ]
          ],
          [
            [
              106.008737,
              -5.909443
            ],
            [
              106.008892,
              -5.909495
            ]
          ],
          [
            [
              106.008892,
              -5.909495
            ],
            [
              106.009174,
              -5.909496
            ]
          ],
          [
            [
              106.009174,
              -5.909496
            ],
            [
              106.00924,
              -5.909482
            ]
          ],
          [
            [
              106.00924,
              -5.909482
            ],
            [
              106.009274,
              -5.909456
            ]
          ],
          [
            [
              106.009274,
              -5.909456
            ],
            [
              106.009243,
              -5.909426
            ]
          ],
          [
            [
              106.009243,
              -5.909426
            ],
            [
              106.009244,
              -5.909406
            ]
          ],
          [
            [
              106.009244,
              -5.909406
            ],
            [
              106.009279,
              -5.909407
            ]
          ],
          [
            [
              106.009279,
              -5.909407
            ],
            [
              106.009299,
              -5.909367
            ]
          ],
          [
            [
              106.009299,
              -5.909367
            ],
            [
              106.009282,
              -5.909356
            ]
          ],
          [
            [
              106.009282,
              -5.909356
            ],
            [
              106.009264,
              -5.909365
            ]
          ],
          [
            [
              106.009264,
              -5.909365
            ],
            [
              106.009235,
              -5.909343
            ]
          ],
          [
            [
              106.009235,
              -5.909343
            ],
            [
              106.009199,
              -5.909362
            ]
          ],
          [
            [
              106.009199,
              -5.909362
            ],
            [
              106.009196,
              -5.909336
            ]
          ],
          [
            [
              106.009196,
              -5.909336
            ],
            [
              106.009148,
              -5.909361
            ]
          ],
          [
            [
              106.009148,
              -5.909361
            ],
            [
              106.009099,
              -5.909352
            ]
          ],
          [
            [
              106.009099,
              -5.909352
            ],
            [
              106.009062,
              -5.909281
            ]
          ],
          [
            [
              106.009062,
              -5.909281
            ],
            [
              106.009102,
              -5.909272
            ]
          ],
          [
            [
              106.009102,
              -5.909272
            ],
            [
              106.009091,
              -5.909244
            ]
          ],
          [
            [
              106.009091,
              -5.909244
            ],
            [
              106.009107,
              -5.909239
            ]
          ],
          [
            [
              106.009107,
              -5.909239
            ],
            [
              106.009058,
              -5.909196
            ]
          ],
          [
            [
              106.009058,
              -5.909196
            ],
            [
              106.008995,
              -5.909179
            ]
          ],
          [
            [
              106.008995,
              -5.909179
            ],
            [
              106.00897,
              -5.90915
            ]
          ],
          [
            [
              106.00897,
              -5.90915
            ],
            [
              106.008907,
              -5.909135
            ]
          ],
          [
            [
              106.008907,
              -5.909135
            ],
            [
              106.0089,
              -5.909098
            ]
          ],
          [
            [
              106.0089,
              -5.909098
            ],
            [
              106.00881,
              -5.909048
            ]
          ],
          [
            [
              106.00881,
              -5.909048
            ],
            [
              106.008748,
              -5.909026
            ]
          ],
          [
            [
              106.008748,
              -5.909026
            ],
            [
              106.008687,
              -5.909033
            ]
          ],
          [
            [
              106.008687,
              -5.909033
            ],
            [
              106.00858,
              -5.908992
            ]
          ],
          [
            [
              106.00858,
              -5.908992
            ],
            [
              106.008526,
              -5.908984
            ]
          ],
          [
            [
              106.008526,
              -5.908984
            ],
            [
              106.008491,
              -5.909003
            ]
          ],
          [
            [
              106.008491,
              -5.909003
            ],
            [
              106.008383,
              -5.908972
            ]
          ],
          [
            [
              106.008383,
              -5.908972
            ],
            [
              106.007842,
              -5.908721
            ]
          ],
          [
            [
              106.007842,
              -5.908721
            ],
            [
              106.0076,
              -5.908627
            ]
          ],
          [
            [
              106.0076,
              -5.908627
            ],
            [
              106.007569,
              -5.908566
            ]
          ],
          [
            [
              106.007569,
              -5.908566
            ],
            [
              106.007588,
              -5.908491
            ]
          ],
          [
            [
              106.007588,
              -5.908491
            ],
            [
              106.007619,
              -5.908446
            ]
          ],
          [
            [
              106.007619,
              -5.908446
            ],
            [
              106.007682,
              -5.908181
            ]
          ],
          [
            [
              106.007682,
              -5.908181
            ],
            [
              106.0078,
              -5.907947
            ]
          ],
          [
            [
              106.0078,
              -5.907947
            ],
            [
              106.007808,
              -5.90789
            ]
          ],
          [
            [
              106.007808,
              -5.90789
            ],
            [
              106.007845,
              -5.907808
            ]
          ],
          [
            [
              106.007845,
              -5.907808
            ],
            [
              106.007836,
              -5.907798
            ]
          ],
          [
            [
              106.007836,
              -5.907798
            ],
            [
              106.007891,
              -5.907731
            ]
          ],
          [
            [
              106.007891,
              -5.907731
            ],
            [
              106.007887,
              -5.907688
            ]
          ],
          [
            [
              106.007887,
              -5.907688
            ],
            [
              106.007934,
              -5.907622
            ]
          ],
          [
            [
              106.007934,
              -5.907622
            ],
            [
              106.008054,
              -5.907318
            ]
          ],
          [
            [
              106.008054,
              -5.907318
            ],
            [
              106.008106,
              -5.907267
            ]
          ],
          [
            [
              106.008106,
              -5.907267
            ],
            [
              106.008181,
              -5.907271
            ]
          ],
          [
            [
              106.008181,
              -5.907271
            ],
            [
              106.008212,
              -5.907222
            ]
          ],
          [
            [
              106.008212,
              -5.907222
            ],
            [
              106.00819,
              -5.907091
            ]
          ],
          [
            [
              106.00819,
              -5.907091
            ],
            [
              106.008285,
              -5.906991
            ]
          ],
          [
            [
              106.008285,
              -5.906991
            ],
            [
              106.008218,
              -5.906941
            ]
          ],
          [
            [
              106.008218,
              -5.906941
            ],
            [
              106.008232,
              -5.9069
            ]
          ],
          [
            [
              106.008232,
              -5.9069
            ],
            [
              106.008278,
              -5.906847
            ]
          ],
          [
            [
              106.008278,
              -5.906847
            ],
            [
              106.00832,
              -5.906844
            ]
          ],
          [
            [
              106.00832,
              -5.906844
            ],
            [
              106.008356,
              -5.906847
            ]
          ],
          [
            [
              106.008356,
              -5.906847
            ],
            [
              106.008425,
              -5.906895
            ]
          ],
          [
            [
              106.008425,
              -5.906895
            ],
            [
              106.008473,
              -5.906894
            ]
          ],
          [
            [
              106.008473,
              -5.906894
            ],
            [
              106.00851,
              -5.90683
            ]
          ],
          [
            [
              106.00851,
              -5.90683
            ],
            [
              106.008505,
              -5.906797
            ]
          ],
          [
            [
              106.008505,
              -5.906797
            ],
            [
              106.008546,
              -5.90677
            ]
          ],
          [
            [
              106.008546,
              -5.90677
            ],
            [
              106.008564,
              -5.90669
            ]
          ],
          [
            [
              106.008564,
              -5.90669
            ],
            [
              106.008544,
              -5.90649
            ]
          ],
          [
            [
              106.008544,
              -5.90649
            ],
            [
              106.008509,
              -5.906426
            ]
          ],
          [
            [
              106.008509,
              -5.906426
            ],
            [
              106.008465,
              -5.90639
            ]
          ],
          [
            [
              106.008465,
              -5.90639
            ],
            [
              106.008465,
              -5.906352
            ]
          ],
          [
            [
              106.008465,
              -5.906352
            ],
            [
              106.008416,
              -5.906289
            ]
          ],
          [
            [
              106.008416,
              -5.906289
            ],
            [
              106.008305,
              -5.906276
            ]
          ],
          [
            [
              106.008305,
              -5.906276
            ],
            [
              106.008146,
              -5.906288
            ]
          ],
          [
            [
              106.008146,
              -5.906288
            ],
            [
              106.008088,
              -5.906253
            ]
          ],
          [
            [
              106.008088,
              -5.906253
            ],
            [
              106.008095,
              -5.906187
            ]
          ],
          [
            [
              106.008095,
              -5.906187
            ],
            [
              106.008268,
              -5.906158
            ]
          ],
          [
            [
              106.008268,
              -5.906158
            ],
            [
              106.008255,
              -5.906093
            ]
          ],
          [
            [
              106.008255,
              -5.906093
            ],
            [
              106.008211,
              -5.906069
            ]
          ],
          [
            [
              106.008211,
              -5.906069
            ],
            [
              106.008168,
              -5.906086
            ]
          ],
          [
            [
              106.008168,
              -5.906086
            ],
            [
              106.008117,
              -5.906084
            ]
          ],
          [
            [
              106.008117,
              -5.906084
            ],
            [
              106.00806,
              -5.906024
            ]
          ],
          [
            [
              106.00806,
              -5.906024
            ],
            [
              106.007954,
              -5.906023
            ]
          ],
          [
            [
              106.007954,
              -5.906023
            ],
            [
              106.007948,
              -5.905868
            ]
          ],
          [
            [
              106.007948,
              -5.905868
            ],
            [
              106.007924,
              -5.905778
            ]
          ],
          [
            [
              106.007924,
              -5.905778
            ],
            [
              106.007931,
              -5.905702
            ]
          ],
          [
            [
              106.007931,
              -5.905702
            ],
            [
              106.007892,
              -5.905508
            ]
          ],
          [
            [
              106.007892,
              -5.905508
            ],
            [
              106.007927,
              -5.905411
            ]
          ],
          [
            [
              106.007927,
              -5.905411
            ],
            [
              106.007874,
              -5.905338
            ]
          ],
          [
            [
              106.007874,
              -5.905338
            ],
            [
              106.007871,
              -5.905128
            ]
          ],
          [
            [
              106.007871,
              -5.905128
            ],
            [
              106.007914,
              -5.9051
            ]
          ],
          [
            [
              106.007914,
              -5.9051
            ],
            [
              106.007999,
              -5.905091
            ]
          ],
          [
            [
              106.007999,
              -5.905091
            ],
            [
              106.008088,
              -5.905049
            ]
          ],
          [
            [
              106.008088,
              -5.905049
            ],
            [
              106.008138,
              -5.905012
            ]
          ],
          [
            [
              106.008138,
              -5.905012
            ],
            [
              106.008184,
              -5.904945
            ]
          ],
          [
            [
              106.008184,
              -5.904945
            ],
            [
              106.008236,
              -5.904932
            ]
          ],
          [
            [
              106.008236,
              -5.904932
            ],
            [
              106.008283,
              -5.904836
            ]
          ],
          [
            [
              106.008283,
              -5.904836
            ],
            [
              106.008336,
              -5.904808
            ]
          ],
          [
            [
              106.008336,
              -5.904808
            ],
            [
              106.00836,
              -5.904761
            ]
          ],
          [
            [
              106.00836,
              -5.904761
            ],
            [
              106.008349,
              -5.904717
            ]
          ],
          [
            [
              106.008349,
              -5.904717
            ],
            [
              106.008252,
              -5.90466
            ]
          ],
          [
            [
              106.008252,
              -5.90466
            ],
            [
              106.008275,
              -5.904625
            ]
          ],
          [
            [
              106.008275,
              -5.904625
            ],
            [
              106.008333,
              -5.904645
            ]
          ],
          [
            [
              106.008333,
              -5.904645
            ],
            [
              106.008359,
              -5.904675
            ]
          ],
          [
            [
              106.008359,
              -5.904675
            ],
            [
              106.008365,
              -5.904665
            ]
          ],
          [
            [
              106.008365,
              -5.904665
            ],
            [
              106.008386,
              -5.904686
            ]
          ],
          [
            [
              106.008386,
              -5.904686
            ],
            [
              106.008434,
              -5.904698
            ]
          ],
          [
            [
              106.008434,
              -5.904698
            ],
            [
              106.008514,
              -5.904801
            ]
          ],
          [
            [
              106.008514,
              -5.904801
            ],
            [
              106.00853,
              -5.904792
            ]
          ],
          [
            [
              106.00853,
              -5.904792
            ],
            [
              106.008516,
              -5.904772
            ]
          ],
          [
            [
              106.008516,
              -5.904772
            ],
            [
              106.00853,
              -5.904754
            ]
          ],
          [
            [
              106.00853,
              -5.904754
            ],
            [
              106.008631,
              -5.904727
            ]
          ],
          [
            [
              106.008631,
              -5.904727
            ],
            [
              106.008654,
              -5.904748
            ]
          ],
          [
            [
              106.008654,
              -5.904748
            ],
            [
              106.008683,
              -5.904748
            ]
          ],
          [
            [
              106.008683,
              -5.904748
            ],
            [
              106.008678,
              -5.904761
            ]
          ],
          [
            [
              106.008678,
              -5.904761
            ],
            [
              106.008629,
              -5.904757
            ]
          ],
          [
            [
              106.008629,
              -5.904757
            ],
            [
              106.008597,
              -5.904776
            ]
          ],
          [
            [
              106.008597,
              -5.904776
            ],
            [
              106.008639,
              -5.904791
            ]
          ],
          [
            [
              106.008639,
              -5.904791
            ],
            [
              106.008701,
              -5.904773
            ]
          ],
          [
            [
              106.008701,
              -5.904773
            ],
            [
              106.008713,
              -5.904832
            ]
          ],
          [
            [
              106.008713,
              -5.904832
            ],
            [
              106.008731,
              -5.904851
            ]
          ],
          [
            [
              106.008731,
              -5.904851
            ],
            [
              106.00875,
              -5.904848
            ]
          ],
          [
            [
              106.00875,
              -5.904848
            ],
            [
              106.008764,
              -5.90483
            ]
          ],
          [
            [
              106.008764,
              -5.90483
            ],
            [
              106.008732,
              -5.904763
            ]
          ],
          [
            [
              106.008732,
              -5.904763
            ],
            [
              106.008749,
              -5.904765
            ]
          ],
          [
            [
              106.008749,
              -5.904765
            ],
            [
              106.008744,
              -5.904726
            ]
          ],
          [
            [
              106.008744,
              -5.904726
            ],
            [
              106.008804,
              -5.904631
            ]
          ],
          [
            [
              106.008804,
              -5.904631
            ],
            [
              106.008834,
              -5.904629
            ]
          ],
          [
            [
              106.008834,
              -5.904629
            ],
            [
              106.008832,
              -5.90465
            ]
          ],
          [
            [
              106.008832,
              -5.90465
            ],
            [
              106.00887,
              -5.904668
            ]
          ],
          [
            [
              106.00887,
              -5.904668
            ],
            [
              106.008895,
              -5.90471
            ]
          ],
          [
            [
              106.008895,
              -5.90471
            ],
            [
              106.008915,
              -5.904714
            ]
          ],
          [
            [
              106.008915,
              -5.904714
            ],
            [
              106.008904,
              -5.904691
            ]
          ],
          [
            [
              106.008904,
              -5.904691
            ],
            [
              106.00894,
              -5.9047
            ]
          ],
          [
            [
              106.00894,
              -5.9047
            ],
            [
              106.008935,
              -5.904644
            ]
          ],
          [
            [
              106.008935,
              -5.904644
            ],
            [
              106.008976,
              -5.904577
            ]
          ],
          [
            [
              106.008976,
              -5.904577
            ],
            [
              106.008969,
              -5.904562
            ]
          ],
          [
            [
              106.008969,
              -5.904562
            ],
            [
              106.008946,
              -5.904561
            ]
          ],
          [
            [
              106.008946,
              -5.904561
            ],
            [
              106.008972,
              -5.90453
            ]
          ],
          [
            [
              106.008972,
              -5.90453
            ],
            [
              106.008981,
              -5.904479
            ]
          ],
          [
            [
              106.008981,
              -5.904479
            ],
            [
              106.009002,
              -5.904492
            ]
          ],
          [
            [
              106.009002,
              -5.904492
            ],
            [
              106.009036,
              -5.904559
            ]
          ],
          [
            [
              106.009036,
              -5.904559
            ],
            [
              106.009164,
              -5.904501
            ]
          ],
          [
            [
              106.009164,
              -5.904501
            ],
            [
              106.009241,
              -5.904487
            ]
          ],
          [
            [
              106.009241,
              -5.904487
            ],
            [
              106.009293,
              -5.904453
            ]
          ],
          [
            [
              106.009293,
              -5.904453
            ],
            [
              106.009321,
              -5.904413
            ]
          ],
          [
            [
              106.009321,
              -5.904413
            ],
            [
              106.009326,
              -5.904356
            ]
          ],
          [
            [
              106.009326,
              -5.904356
            ],
            [
              106.009357,
              -5.904376
            ]
          ],
          [
            [
              106.009357,
              -5.904376
            ],
            [
              106.009399,
              -5.904376
            ]
          ],
          [
            [
              106.009399,
              -5.904376
            ],
            [
              106.009608,
              -5.904314
            ]
          ],
          [
            [
              106.009608,
              -5.904314
            ],
            [
              106.009676,
              -5.90425
            ]
          ],
          [
            [
              106.009676,
              -5.90425
            ],
            [
              106.009704,
              -5.904248
            ]
          ],
          [
            [
              106.009704,
              -5.904248
            ],
            [
              106.009732,
              -5.904202
            ]
          ],
          [
            [
              106.009732,
              -5.904202
            ],
            [
              106.009767,
              -5.904217
            ]
          ],
          [
            [
              106.009767,
              -5.904217
            ],
            [
              106.009789,
              -5.904175
            ]
          ],
          [
            [
              106.009789,
              -5.904175
            ],
            [
              106.009825,
              -5.904226
            ]
          ],
          [
            [
              106.009825,
              -5.904226
            ],
            [
              106.009852,
              -5.904217
            ]
          ],
          [
            [
              106.009852,
              -5.904217
            ],
            [
              106.009859,
              -5.904194
            ]
          ],
          [
            [
              106.009859,
              -5.904194
            ],
            [
              106.009866,
              -5.904221
            ]
          ],
          [
            [
              106.009866,
              -5.904221
            ],
            [
              106.009875,
              -5.904199
            ]
          ],
          [
            [
              106.009875,
              -5.904199
            ],
            [
              106.009906,
              -5.904216
            ]
          ],
          [
            [
              106.009906,
              -5.904216
            ],
            [
              106.009951,
              -5.904176
            ]
          ],
          [
            [
              106.009951,
              -5.904176
            ],
            [
              106.01,
              -5.904189300000002
            ]
          ]
        ]
      },
      "properties": {
        "OBJECTID": 2424,
        "NAMOBJ": "Garis Pantai",
        "REMARK": null,
        "METADATA": null,
        "DTMVER": 30,
        "KARGPN": null,
        "TIPGPN": 2,
        "KODGPN": null,
        "THNSBDATA": "2020",
        "SBDATA": 4,
        "SKL": 4,
        "THNPBL": "2022",
        "KET": "Survei LiDAR"
      }
    },
    {
      "type": "Feature",
      "id": 2522,
      "geometry": {
        "type": "MultiLineString",
        "coordinates": [
          [
            [
              105.997764,
              -5.941441
            ],
            [
              105.997741,
              -5.941408
            ]
          ],
          [
            [
              105.997741,
              -5.941408
            ],
            [
              105.997706,
              -5.941415
            ]
          ],
          [
            [
              105.997706,
              -5.941415
            ],
            [
              105.997759,
              -5.941381
            ]
          ],
          [
            [
              105.997759,
              -5.941381
            ],
            [
              105.997708,
              -5.941369
            ]
          ],
          [
            [
              105.997708,
              -5.941369
            ],
            [
              105.997497,
              -5.94146
            ]
          ],
          [
            [
              105.997497,
              -5.94146
            ],
            [
              105.997398,
              -5.941531
            ]
          ],
          [
            [
              105.997398,
              -5.941531
            ],
            [
              105.997377,
              -5.941576
            ]
          ],
          [
            [
              105.997377,
              -5.941576
            ],
            [
              105.997315,
              -5.941603
            ]
          ],
          [
            [
              105.997315,
              -5.941603
            ],
            [
              105.997267,
              -5.941609
            ]
          ],
          [
            [
              105.997267,
              -5.941609
            ],
            [
              105.997289,
              -5.9416
            ]
          ],
          [
            [
              105.997289,
              -5.9416
            ],
            [
              105.997281,
              -5.94157
            ]
          ],
          [
            [
              105.997281,
              -5.94157
            ],
            [
              105.997211,
              -5.94157
            ]
          ],
          [
            [
              105.997211,
              -5.94157
            ],
            [
              105.997196,
              -5.941616
            ]
          ],
          [
            [
              105.997196,
              -5.941616
            ],
            [
              105.997216,
              -5.941625
            ]
          ],
          [
            [
              105.997216,
              -5.941625
            ],
            [
              105.997225,
              -5.941662
            ]
          ],
          [
            [
              105.997225,
              -5.941662
            ],
            [
              105.997186,
              -5.941673
            ]
          ],
          [
            [
              105.997186,
              -5.941673
            ],
            [
              105.997176,
              -5.941693
            ]
          ],
          [
            [
              105.997176,
              -5.941693
            ],
            [
              105.997035,
              -5.941773
            ]
          ],
          [
            [
              105.997035,
              -5.941773
            ],
            [
              105.996973,
              -5.941785
            ]
          ],
          [
            [
              105.996973,
              -5.941785
            ],
            [
              105.996879,
              -5.94183
            ]
          ],
          [
            [
              105.996879,
              -5.94183
            ],
            [
              105.996791,
              -5.941836
            ]
          ],
          [
            [
              105.996791,
              -5.941836
            ],
            [
              105.996766,
              -5.941868
            ]
          ],
          [
            [
              105.996766,
              -5.941868
            ],
            [
              105.996728,
              -5.941868
            ]
          ],
          [
            [
              105.996728,
              -5.941868
            ],
            [
              105.996639,
              -5.94191
            ]
          ],
          [
            [
              105.996639,
              -5.94191
            ],
            [
              105.996629,
              -5.941942
            ]
          ],
          [
            [
              105.996629,
              -5.941942
            ],
            [
              105.996551,
              -5.941943
            ]
          ],
          [
            [
              105.996551,
              -5.941943
            ],
            [
              105.99652,
              -5.941966
            ]
          ],
          [
            [
              105.99652,
              -5.941966
            ],
            [
              105.996558,
              -5.942012
            ]
          ],
          [
            [
              105.996558,
              -5.942012
            ],
            [
              105.996475,
              -5.942006
            ]
          ],
          [
            [
              105.996475,
              -5.942006
            ],
            [
              105.996422,
              -5.942024
            ]
          ],
          [
            [
              105.996422,
              -5.942024
            ],
            [
              105.996386,
              -5.942065
            ]
          ],
          [
            [
              105.996386,
              -5.942065
            ],
            [
              105.996381,
              -5.942097
            ]
          ],
          [
            [
              105.996381,
              -5.942097
            ],
            [
              105.996344,
              -5.942106
            ]
          ],
          [
            [
              105.996344,
              -5.942106
            ],
            [
              105.996318,
              -5.942154
            ]
          ],
          [
            [
              105.996318,
              -5.942154
            ],
            [
              105.996394,
              -5.942184
            ]
          ],
          [
            [
              105.996394,
              -5.942184
            ],
            [
              105.996385,
              -5.942213
            ]
          ],
          [
            [
              105.996385,
              -5.942213
            ],
            [
              105.996488,
              -5.942232
            ]
          ],
          [
            [
              105.996488,
              -5.942232
            ],
            [
              105.996518,
              -5.942256
            ]
          ],
          [
            [
              105.996518,
              -5.942256
            ],
            [
              105.996588,
              -5.94225
            ]
          ],
          [
            [
              105.996588,
              -5.94225
            ],
            [
              105.996619,
              -5.942258
            ]
          ],
          [
            [
              105.996619,
              -5.942258
            ],
            [
              105.996626,
              -5.942279
            ]
          ],
          [
            [
              105.996626,
              -5.942279
            ],
            [
              105.996687,
              -5.942269
            ]
          ],
          [
            [
              105.996687,
              -5.942269
            ],
            [
              105.996815,
              -5.942294
            ]
          ],
          [
            [
              105.996815,
              -5.942294
            ],
            [
              105.996912,
              -5.942294
            ]
          ],
          [
            [
              105.996912,
              -5.942294
            ],
            [
              105.996947,
              -5.942284
            ]
          ],
          [
            [
              105.996947,
              -5.942284
            ],
            [
              105.996984,
              -5.942226
            ]
          ],
          [
            [
              105.996984,
              -5.942226
            ],
            [
              105.997053,
              -5.942203
            ]
          ],
          [
            [
              105.997053,
              -5.942203
            ],
            [
              105.997097,
              -5.942211
            ]
          ],
          [
            [
              105.997097,
              -5.942211
            ],
            [
              105.997095,
              -5.942181
            ]
          ],
          [
            [
              105.997095,
              -5.942181
            ],
            [
              105.997135,
              -5.942186
            ]
          ],
          [
            [
              105.997135,
              -5.942186
            ],
            [
              105.997135,
              -5.942211
            ]
          ],
          [
            [
              105.997135,
              -5.942211
            ],
            [
              105.997262,
              -5.942207
            ]
          ],
          [
            [
              105.997262,
              -5.942207
            ],
            [
              105.997475,
              -5.942135
            ]
          ],
          [
            [
              105.997475,
              -5.942135
            ],
            [
              105.997628,
              -5.942017
            ]
          ],
          [
            [
              105.997628,
              -5.942017
            ],
            [
              105.997708,
              -5.941864
            ]
          ],
          [
            [
              105.997708,
              -5.941864
            ],
            [
              105.997753,
              -5.941815
            ]
          ],
          [
            [
              105.997753,
              -5.941815
            ],
            [
              105.997783,
              -5.941703
            ]
          ],
          [
            [
              105.997783,
              -5.941703
            ],
            [
              105.997799,
              -5.941546
            ]
          ],
          [
            [
              105.997799,
              -5.941546
            ],
            [
              105.997764,
              -5.941441
            ]
          ]
        ]
      },
      "properties": {
        "OBJECTID": 2522,
        "NAMOBJ": "Garis Pantai",
        "REMARK": null,
        "METADATA": null,
        "DTMVER": 30,
        "KARGPN": null,
        "TIPGPN": 2,
        "KODGPN": null,
        "THNSBDATA": "2020",
        "SBDATA": 4,
        "SKL": 4,
        "THNPBL": "2022",
        "KET": "Survei LiDAR"
      }
    },
    {
      "type": "Feature",
      "id": 1984,
      "geometry": {
        "type": "MultiLineString",
        "coordinates": [
          [
            [
              105.931924,
              -5.90279
            ],
            [
              105.932168,
              -5.902315
            ]
          ],
          [
            [
              105.932168,
              -5.902315
            ],
            [
              105.932242,
              -5.902064
            ]
          ],
          [
            [
              105.932242,
              -5.902064
            ],
            [
              105.932241,
              -5.901792
            ]
          ],
          [
            [
              105.932241,
              -5.901792
            ],
            [
              105.9322,
              -5.901501
            ]
          ],
          [
            [
              105.9322,
              -5.901501
            ],
            [
              105.932064,
              -5.901257
            ]
          ],
          [
            [
              105.932064,
              -5.901257
            ],
            [
              105.931799,
              -5.900952
            ]
          ],
          [
            [
              105.931799,
              -5.900952
            ],
            [
              105.931664,
              -5.900823
            ]
          ],
          [
            [
              105.931664,
              -5.900823
            ],
            [
              105.931508,
              -5.900722
            ]
          ],
          [
            [
              105.931508,
              -5.900722
            ],
            [
              105.931325,
              -5.900674
            ]
          ],
          [
            [
              105.931325,
              -5.900674
            ],
            [
              105.931101,
              -5.900682
            ]
          ],
          [
            [
              105.931101,
              -5.900682
            ],
            [
              105.930702,
              -5.900798
            ]
          ],
          [
            [
              105.930702,
              -5.900798
            ],
            [
              105.930526,
              -5.90092
            ]
          ],
          [
            [
              105.930526,
              -5.90092
            ],
            [
              105.930228,
              -5.901171
            ]
          ],
          [
            [
              105.930228,
              -5.901171
            ],
            [
              105.930133,
              -5.901321
            ]
          ],
          [
            [
              105.930133,
              -5.901321
            ],
            [
              105.9301,
              -5.901484
            ]
          ],
          [
            [
              105.9301,
              -5.901484
            ],
            [
              105.930175,
              -5.901619
            ]
          ],
          [
            [
              105.930175,
              -5.901619
            ],
            [
              105.930358,
              -5.901707
            ]
          ],
          [
            [
              105.930358,
              -5.901707
            ],
            [
              105.930507,
              -5.901822
            ]
          ],
          [
            [
              105.930507,
              -5.901822
            ],
            [
              105.930731,
              -5.902209
            ]
          ],
          [
            [
              105.930731,
              -5.902209
            ],
            [
              105.930874,
              -5.902337
            ]
          ],
          [
            [
              105.930874,
              -5.902337
            ],
            [
              105.931077,
              -5.902615
            ]
          ],
          [
            [
              105.931077,
              -5.902615
            ],
            [
              105.931186,
              -5.90273
            ]
          ],
          [
            [
              105.931186,
              -5.90273
            ],
            [
              105.931207,
              -5.903001
            ]
          ],
          [
            [
              105.931207,
              -5.903001
            ],
            [
              105.931241,
              -5.90311
            ]
          ],
          [
            [
              105.931241,
              -5.90311
            ],
            [
              105.931336,
              -5.903144
            ]
          ],
          [
            [
              105.931336,
              -5.903144
            ],
            [
              105.931478,
              -5.903096
            ]
          ],
          [
            [
              105.931478,
              -5.903096
            ],
            [
              105.931701,
              -5.902912
            ]
          ],
          [
            [
              105.931701,
              -5.902912
            ],
            [
              105.931924,
              -5.90279
            ]
          ]
        ]
      },
      "properties": {
        "OBJECTID": 1984,
        "NAMOBJ": "Garis Pantai",
        "REMARK": "P. Tempurung",
        "METADATA": null,
        "DTMVER": null,
        "KARGPN": 6,
        "TIPGPN": 4,
        "KODGPN": null,
        "THNSBDATA": "2017",
        "SBDATA": 6,
        "SKL": 3,
        "THNPBL": "2022",
        "KET": null
      }
    },
    {
      "type": "Feature",
      "id": 2521,
      "geometry": {
        "type": "MultiLineString",
        "coordinates": [
          [
            [
              105.99281,
              -5.934333
            ],
            [
              105.992859,
              -5.93428
            ]
          ],
          [
            [
              105.992859,
              -5.93428
            ],
            [
              105.992944,
              -5.934252
            ]
          ],
          [
            [
              105.992944,
              -5.934252
            ],
            [
              105.992981,
              -5.934212
            ]
          ],
          [
            [
              105.992981,
              -5.934212
            ],
            [
              105.992976,
              -5.934197
            ]
          ],
          [
            [
              105.992976,
              -5.934197
            ],
            [
              105.992998,
              -5.934205
            ]
          ],
          [
            [
              105.992998,
              -5.934205
            ],
            [
              105.993017,
              -5.934159
            ]
          ],
          [
            [
              105.993017,
              -5.934159
            ],
            [
              105.993147,
              -5.934071
            ]
          ],
          [
            [
              105.993147,
              -5.934071
            ],
            [
              105.993197,
              -5.934052
            ]
          ],
          [
            [
              105.993197,
              -5.934052
            ],
            [
              105.99317,
              -5.934091
            ]
          ],
          [
            [
              105.99317,
              -5.934091
            ],
            [
              105.99318,
              -5.93409
            ]
          ],
          [
            [
              105.99318,
              -5.93409
            ],
            [
              105.993288,
              -5.934039
            ]
          ],
          [
            [
              105.993288,
              -5.934039
            ],
            [
              105.993554,
              -5.933631
            ]
          ],
          [
            [
              105.993554,
              -5.933631
            ],
            [
              105.993573,
              -5.933535
            ]
          ],
          [
            [
              105.993573,
              -5.933535
            ],
            [
              105.9936,
              -5.933511
            ]
          ],
          [
            [
              105.9936,
              -5.933511
            ],
            [
              105.993586,
              -5.933509
            ]
          ],
          [
            [
              105.993586,
              -5.933509
            ],
            [
              105.993586,
              -5.933482
            ]
          ],
          [
            [
              105.993586,
              -5.933482
            ],
            [
              105.993615,
              -5.933475
            ]
          ],
          [
            [
              105.993615,
              -5.933475
            ],
            [
              105.993606,
              -5.93343
            ]
          ],
          [
            [
              105.993606,
              -5.93343
            ],
            [
              105.993711,
              -5.933245
            ]
          ],
          [
            [
              105.993711,
              -5.933245
            ],
            [
              105.993744,
              -5.932982
            ]
          ],
          [
            [
              105.993744,
              -5.932982
            ],
            [
              105.993721,
              -5.932766
            ]
          ],
          [
            [
              105.993721,
              -5.932766
            ],
            [
              105.993667,
              -5.93259
            ]
          ],
          [
            [
              105.993667,
              -5.93259
            ],
            [
              105.99365,
              -5.932589
            ]
          ],
          [
            [
              105.99365,
              -5.932589
            ],
            [
              105.993522,
              -5.932407
            ]
          ],
          [
            [
              105.993522,
              -5.932407
            ],
            [
              105.993528,
              -5.932251
            ]
          ],
          [
            [
              105.993528,
              -5.932251
            ],
            [
              105.993458,
              -5.932149
            ]
          ],
          [
            [
              105.993458,
              -5.932149
            ],
            [
              105.993268,
              -5.932004
            ]
          ],
          [
            [
              105.993268,
              -5.932004
            ],
            [
              105.993242,
              -5.931953
            ]
          ],
          [
            [
              105.993242,
              -5.931953
            ],
            [
              105.993244,
              -5.931922
            ]
          ],
          [
            [
              105.993244,
              -5.931922
            ],
            [
              105.993207,
              -5.931865
            ]
          ],
          [
            [
              105.993207,
              -5.931865
            ],
            [
              105.993064,
              -5.931723
            ]
          ],
          [
            [
              105.993064,
              -5.931723
            ],
            [
              105.993,
              -5.931707
            ]
          ],
          [
            [
              105.993,
              -5.931707
            ],
            [
              105.992985,
              -5.931743
            ]
          ],
          [
            [
              105.992985,
              -5.931743
            ],
            [
              105.992885,
              -5.931779
            ]
          ],
          [
            [
              105.992885,
              -5.931779
            ],
            [
              105.992868,
              -5.931771
            ]
          ],
          [
            [
              105.992868,
              -5.931771
            ],
            [
              105.992863,
              -5.931711
            ]
          ],
          [
            [
              105.992863,
              -5.931711
            ],
            [
              105.992809,
              -5.9317
            ]
          ],
          [
            [
              105.992809,
              -5.9317
            ],
            [
              105.992752,
              -5.93166
            ]
          ],
          [
            [
              105.992752,
              -5.93166
            ],
            [
              105.992668,
              -5.931687
            ]
          ],
          [
            [
              105.992668,
              -5.931687
            ],
            [
              105.992641,
              -5.931682
            ]
          ],
          [
            [
              105.992641,
              -5.931682
            ],
            [
              105.99264,
              -5.931726
            ]
          ],
          [
            [
              105.99264,
              -5.931726
            ],
            [
              105.992773,
              -5.931752
            ]
          ],
          [
            [
              105.992773,
              -5.931752
            ],
            [
              105.992782,
              -5.93177
            ]
          ],
          [
            [
              105.992782,
              -5.93177
            ],
            [
              105.99276,
              -5.931771
            ]
          ],
          [
            [
              105.99276,
              -5.931771
            ],
            [
              105.992751,
              -5.931756
            ]
          ],
          [
            [
              105.992751,
              -5.931756
            ],
            [
              105.992716,
              -5.931765
            ]
          ],
          [
            [
              105.992716,
              -5.931765
            ],
            [
              105.99263,
              -5.931735
            ]
          ],
          [
            [
              105.99263,
              -5.931735
            ],
            [
              105.992579,
              -5.931686
            ]
          ],
          [
            [
              105.992579,
              -5.931686
            ],
            [
              105.992517,
              -5.931663
            ]
          ],
          [
            [
              105.992517,
              -5.931663
            ],
            [
              105.992472,
              -5.931675
            ]
          ],
          [
            [
              105.992472,
              -5.931675
            ],
            [
              105.99245,
              -5.931641
            ]
          ],
          [
            [
              105.99245,
              -5.931641
            ],
            [
              105.992413,
              -5.931619
            ]
          ],
          [
            [
              105.992413,
              -5.931619
            ],
            [
              105.992362,
              -5.93162
            ]
          ],
          [
            [
              105.992362,
              -5.93162
            ],
            [
              105.992303,
              -5.931589
            ]
          ],
          [
            [
              105.992303,
              -5.931589
            ],
            [
              105.992314,
              -5.931585
            ]
          ],
          [
            [
              105.992314,
              -5.931585
            ],
            [
              105.992304,
              -5.931571
            ]
          ],
          [
            [
              105.992304,
              -5.931571
            ],
            [
              105.992278,
              -5.931583
            ]
          ],
          [
            [
              105.992278,
              -5.931583
            ],
            [
              105.99228,
              -5.93162
            ]
          ],
          [
            [
              105.99228,
              -5.93162
            ],
            [
              105.992229,
              -5.93164
            ]
          ],
          [
            [
              105.992229,
              -5.93164
            ],
            [
              105.992121,
              -5.931588
            ]
          ],
          [
            [
              105.992121,
              -5.931588
            ],
            [
              105.992119,
              -5.931523
            ]
          ],
          [
            [
              105.992119,
              -5.931523
            ],
            [
              105.9921,
              -5.931528
            ]
          ],
          [
            [
              105.9921,
              -5.931528
            ],
            [
              105.992088,
              -5.93151
            ]
          ],
          [
            [
              105.992088,
              -5.93151
            ],
            [
              105.992079,
              -5.93154
            ]
          ],
          [
            [
              105.992079,
              -5.93154
            ],
            [
              105.992068,
              -5.931507
            ]
          ],
          [
            [
              105.992068,
              -5.931507
            ],
            [
              105.992,
              -5.931478
            ]
          ],
          [
            [
              105.992,
              -5.931478
            ],
            [
              105.991979,
              -5.931495
            ]
          ],
          [
            [
              105.991979,
              -5.931495
            ],
            [
              105.991997,
              -5.931506
            ]
          ],
          [
            [
              105.991997,
              -5.931506
            ],
            [
              105.991979,
              -5.931534
            ]
          ],
          [
            [
              105.991979,
              -5.931534
            ],
            [
              105.992009,
              -5.931563
            ]
          ],
          [
            [
              105.992009,
              -5.931563
            ],
            [
              105.991992,
              -5.931576
            ]
          ],
          [
            [
              105.991992,
              -5.931576
            ],
            [
              105.991931,
              -5.931535
            ]
          ],
          [
            [
              105.991931,
              -5.931535
            ],
            [
              105.991885,
              -5.931527
            ]
          ],
          [
            [
              105.991885,
              -5.931527
            ],
            [
              105.991826,
              -5.931477
            ]
          ],
          [
            [
              105.991826,
              -5.931477
            ],
            [
              105.9918,
              -5.931481
            ]
          ],
          [
            [
              105.9918,
              -5.931481
            ],
            [
              105.991647,
              -5.931416
            ]
          ],
          [
            [
              105.991647,
              -5.931416
            ],
            [
              105.991635,
              -5.931396
            ]
          ],
          [
            [
              105.991635,
              -5.931396
            ],
            [
              105.991658,
              -5.93135
            ]
          ],
          [
            [
              105.991658,
              -5.93135
            ],
            [
              105.991625,
              -5.931327
            ]
          ],
          [
            [
              105.991625,
              -5.931327
            ],
            [
              105.991593,
              -5.93133
            ]
          ],
          [
            [
              105.991593,
              -5.93133
            ],
            [
              105.991558,
              -5.931376
            ]
          ],
          [
            [
              105.991558,
              -5.931376
            ],
            [
              105.991501,
              -5.931336
            ]
          ],
          [
            [
              105.991501,
              -5.931336
            ],
            [
              105.991463,
              -5.931337
            ]
          ],
          [
            [
              105.991463,
              -5.931337
            ],
            [
              105.991424,
              -5.93131
            ]
          ],
          [
            [
              105.991424,
              -5.93131
            ],
            [
              105.991322,
              -5.931283
            ]
          ],
          [
            [
              105.991322,
              -5.931283
            ],
            [
              105.991329,
              -5.931253
            ]
          ],
          [
            [
              105.991329,
              -5.931253
            ],
            [
              105.991313,
              -5.93123
            ]
          ],
          [
            [
              105.991313,
              -5.93123
            ],
            [
              105.991334,
              -5.931193
            ]
          ],
          [
            [
              105.991334,
              -5.931193
            ],
            [
              105.991285,
              -5.931158
            ]
          ],
          [
            [
              105.991285,
              -5.931158
            ],
            [
              105.991214,
              -5.931191
            ]
          ],
          [
            [
              105.991214,
              -5.931191
            ],
            [
              105.991211,
              -5.931146
            ]
          ],
          [
            [
              105.991211,
              -5.931146
            ],
            [
              105.99115,
              -5.931108
            ]
          ],
          [
            [
              105.99115,
              -5.931108
            ],
            [
              105.99117,
              -5.93108
            ]
          ],
          [
            [
              105.99117,
              -5.93108
            ],
            [
              105.991146,
              -5.931065
            ]
          ],
          [
            [
              105.991146,
              -5.931065
            ],
            [
              105.991102,
              -5.931079
            ]
          ],
          [
            [
              105.991102,
              -5.931079
            ],
            [
              105.991087,
              -5.93112
            ]
          ],
          [
            [
              105.991087,
              -5.93112
            ],
            [
              105.991035,
              -5.931115
            ]
          ],
          [
            [
              105.991035,
              -5.931115
            ],
            [
              105.990933,
              -5.931008
            ]
          ],
          [
            [
              105.990933,
              -5.931008
            ],
            [
              105.990966,
              -5.931009
            ]
          ],
          [
            [
              105.990966,
              -5.931009
            ],
            [
              105.990972,
              -5.930991
            ]
          ],
          [
            [
              105.990972,
              -5.930991
            ],
            [
              105.990926,
              -5.930986
            ]
          ],
          [
            [
              105.990926,
              -5.930986
            ],
            [
              105.990903,
              -5.930952
            ]
          ],
          [
            [
              105.990903,
              -5.930952
            ],
            [
              105.990842,
              -5.930928
            ]
          ],
          [
            [
              105.990842,
              -5.930928
            ],
            [
              105.99076,
              -5.930868
            ]
          ],
          [
            [
              105.99076,
              -5.930868
            ],
            [
              105.990753,
              -5.930884
            ]
          ],
          [
            [
              105.990753,
              -5.930884
            ],
            [
              105.990723,
              -5.930869
            ]
          ],
          [
            [
              105.990723,
              -5.930869
            ],
            [
              105.99074,
              -5.930851
            ]
          ],
          [
            [
              105.99074,
              -5.930851
            ],
            [
              105.99071,
              -5.930828
            ]
          ],
          [
            [
              105.99071,
              -5.930828
            ],
            [
              105.990711,
              -5.93076
            ]
          ],
          [
            [
              105.990711,
              -5.93076
            ],
            [
              105.990684,
              -5.930728
            ]
          ],
          [
            [
              105.990684,
              -5.930728
            ],
            [
              105.990669,
              -5.930726
            ]
          ],
          [
            [
              105.990669,
              -5.930726
            ],
            [
              105.99066,
              -5.930744
            ]
          ],
          [
            [
              105.99066,
              -5.930744
            ],
            [
              105.990626,
              -5.930733
            ]
          ],
          [
            [
              105.990626,
              -5.930733
            ],
            [
              105.990634,
              -5.930758
            ]
          ],
          [
            [
              105.990634,
              -5.930758
            ],
            [
              105.990612,
              -5.930763
            ]
          ],
          [
            [
              105.990612,
              -5.930763
            ],
            [
              105.990552,
              -5.93074
            ]
          ],
          [
            [
              105.990552,
              -5.93074
            ],
            [
              105.990548,
              -5.930761
            ]
          ],
          [
            [
              105.990548,
              -5.930761
            ],
            [
              105.990368,
              -5.930692
            ]
          ],
          [
            [
              105.990368,
              -5.930692
            ],
            [
              105.99016,
              -5.930747
            ]
          ],
          [
            [
              105.99016,
              -5.930747
            ],
            [
              105.99013,
              -5.93074
            ]
          ],
          [
            [
              105.99013,
              -5.93074
            ],
            [
              105.990091,
              -5.930681
            ]
          ],
          [
            [
              105.990091,
              -5.930681
            ],
            [
              105.990056,
              -5.930686
            ]
          ],
          [
            [
              105.990056,
              -5.930686
            ],
            [
              105.990049,
              -5.930721
            ]
          ],
          [
            [
              105.990049,
              -5.930721
            ],
            [
              105.989959,
              -5.930691
            ]
          ],
          [
            [
              105.989959,
              -5.930691
            ],
            [
              105.989939,
              -5.930714
            ]
          ],
          [
            [
              105.989939,
              -5.930714
            ],
            [
              105.989923,
              -5.930707
            ]
          ],
          [
            [
              105.989923,
              -5.930707
            ],
            [
              105.989932,
              -5.93069
            ]
          ],
          [
            [
              105.989932,
              -5.93069
            ],
            [
              105.989863,
              -5.930686
            ]
          ],
          [
            [
              105.989863,
              -5.930686
            ],
            [
              105.989617,
              -5.930743
            ]
          ],
          [
            [
              105.989617,
              -5.930743
            ],
            [
              105.989578,
              -5.930733
            ]
          ],
          [
            [
              105.989578,
              -5.930733
            ],
            [
              105.989515,
              -5.930757
            ]
          ],
          [
            [
              105.989515,
              -5.930757
            ],
            [
              105.989438,
              -5.930706
            ]
          ],
          [
            [
              105.989438,
              -5.930706
            ],
            [
              105.989367,
              -5.930716
            ]
          ],
          [
            [
              105.989367,
              -5.930716
            ],
            [
              105.989248,
              -5.930696
            ]
          ],
          [
            [
              105.989248,
              -5.930696
            ],
            [
              105.989121,
              -5.930722
            ]
          ],
          [
            [
              105.989121,
              -5.930722
            ],
            [
              105.989068,
              -5.93068
            ]
          ],
          [
            [
              105.989068,
              -5.93068
            ],
            [
              105.988837,
              -5.93068
            ]
          ],
          [
            [
              105.988837,
              -5.93068
            ],
            [
              105.98878,
              -5.930658
            ]
          ],
          [
            [
              105.98878,
              -5.930658
            ],
            [
              105.988749,
              -5.930695
            ]
          ],
          [
            [
              105.988749,
              -5.930695
            ],
            [
              105.988701,
              -5.930701
            ]
          ],
          [
            [
              105.988701,
              -5.930701
            ],
            [
              105.988689,
              -5.930682
            ]
          ],
          [
            [
              105.988689,
              -5.930682
            ],
            [
              105.988562,
              -5.930746
            ]
          ],
          [
            [
              105.988562,
              -5.930746
            ],
            [
              105.988361,
              -5.930807
            ]
          ],
          [
            [
              105.988361,
              -5.930807
            ],
            [
              105.988259,
              -5.930855
            ]
          ],
          [
            [
              105.988259,
              -5.930855
            ],
            [
              105.98824,
              -5.930884
            ]
          ],
          [
            [
              105.98824,
              -5.930884
            ],
            [
              105.988145,
              -5.930936
            ]
          ],
          [
            [
              105.988145,
              -5.930936
            ],
            [
              105.988113,
              -5.930929
            ]
          ],
          [
            [
              105.988113,
              -5.930929
            ],
            [
              105.988059,
              -5.930953
            ]
          ],
          [
            [
              105.988059,
              -5.930953
            ],
            [
              105.987968,
              -5.930931
            ]
          ],
          [
            [
              105.987968,
              -5.930931
            ],
            [
              105.987921,
              -5.930963
            ]
          ],
          [
            [
              105.987921,
              -5.930963
            ],
            [
              105.987883,
              -5.93096
            ]
          ],
          [
            [
              105.987883,
              -5.93096
            ],
            [
              105.987819,
              -5.930984
            ]
          ],
          [
            [
              105.987819,
              -5.930984
            ],
            [
              105.98778,
              -5.930973
            ]
          ],
          [
            [
              105.98778,
              -5.930973
            ],
            [
              105.987768,
              -5.930943
            ]
          ],
          [
            [
              105.987768,
              -5.930943
            ],
            [
              105.987763,
              -5.930974
            ]
          ],
          [
            [
              105.987763,
              -5.930974
            ],
            [
              105.987725,
              -5.930977
            ]
          ],
          [
            [
              105.987725,
              -5.930977
            ],
            [
              105.987721,
              -5.930963
            ]
          ],
          [
            [
              105.987721,
              -5.930963
            ],
            [
              105.987648,
              -5.931004
            ]
          ],
          [
            [
              105.987648,
              -5.931004
            ],
            [
              105.987607,
              -5.930997
            ]
          ],
          [
            [
              105.987607,
              -5.930997
            ],
            [
              105.987565,
              -5.931019
            ]
          ],
          [
            [
              105.987565,
              -5.931019
            ],
            [
              105.987557,
              -5.931007
            ]
          ],
          [
            [
              105.987557,
              -5.931007
            ],
            [
              105.987555,
              -5.931025
            ]
          ],
          [
            [
              105.987555,
              -5.931025
            ],
            [
              105.987476,
              -5.931072
            ]
          ],
          [
            [
              105.987476,
              -5.931072
            ],
            [
              105.987421,
              -5.931134
            ]
          ],
          [
            [
              105.987421,
              -5.931134
            ],
            [
              105.98736,
              -5.931143
            ]
          ],
          [
            [
              105.98736,
              -5.931143
            ],
            [
              105.987351,
              -5.931168
            ]
          ],
          [
            [
              105.987351,
              -5.931168
            ],
            [
              105.987332,
              -5.931157
            ]
          ],
          [
            [
              105.987332,
              -5.931157
            ],
            [
              105.987317,
              -5.931189
            ]
          ],
          [
            [
              105.987317,
              -5.931189
            ],
            [
              105.987285,
              -5.931182
            ]
          ],
          [
            [
              105.987285,
              -5.931182
            ],
            [
              105.987302,
              -5.931164
            ]
          ],
          [
            [
              105.987302,
              -5.931164
            ],
            [
              105.987278,
              -5.931134
            ]
          ],
          [
            [
              105.987278,
              -5.931134
            ],
            [
              105.987223,
              -5.931141
            ]
          ],
          [
            [
              105.987223,
              -5.931141
            ],
            [
              105.98722,
              -5.931201
            ]
          ],
          [
            [
              105.98722,
              -5.931201
            ],
            [
              105.9872,
              -5.93123
            ]
          ],
          [
            [
              105.9872,
              -5.93123
            ],
            [
              105.987174,
              -5.931212
            ]
          ],
          [
            [
              105.987174,
              -5.931212
            ],
            [
              105.987163,
              -5.931233
            ]
          ],
          [
            [
              105.987163,
              -5.931233
            ],
            [
              105.987153,
              -5.931193
            ]
          ],
          [
            [
              105.987153,
              -5.931193
            ],
            [
              105.987119,
              -5.931181
            ]
          ],
          [
            [
              105.987119,
              -5.931181
            ],
            [
              105.987107,
              -5.931189
            ]
          ],
          [
            [
              105.987107,
              -5.931189
            ],
            [
              105.987109,
              -5.931243
            ]
          ],
          [
            [
              105.987109,
              -5.931243
            ],
            [
              105.987016,
              -5.931298
            ]
          ],
          [
            [
              105.987016,
              -5.931298
            ],
            [
              105.986996,
              -5.931297
            ]
          ],
          [
            [
              105.986996,
              -5.931297
            ],
            [
              105.986972,
              -5.931263
            ]
          ],
          [
            [
              105.986972,
              -5.931263
            ],
            [
              105.986966,
              -5.931283
            ]
          ],
          [
            [
              105.986966,
              -5.931283
            ],
            [
              105.986941,
              -5.931284
            ]
          ],
          [
            [
              105.986941,
              -5.931284
            ],
            [
              105.986943,
              -5.931301
            ]
          ],
          [
            [
              105.986943,
              -5.931301
            ],
            [
              105.986919,
              -5.931311
            ]
          ],
          [
            [
              105.986919,
              -5.931311
            ],
            [
              105.98686,
              -5.931307
            ]
          ],
          [
            [
              105.98686,
              -5.931307
            ],
            [
              105.986885,
              -5.931316
            ]
          ],
          [
            [
              105.986885,
              -5.931316
            ],
            [
              105.986865,
              -5.931328
            ]
          ],
          [
            [
              105.986865,
              -5.931328
            ],
            [
              105.986763,
              -5.931318
            ]
          ],
          [
            [
              105.986763,
              -5.931318
            ],
            [
              105.986719,
              -5.931224
            ]
          ],
          [
            [
              105.986719,
              -5.931224
            ],
            [
              105.986675,
              -5.931226
            ]
          ],
          [
            [
              105.986675,
              -5.931226
            ],
            [
              105.986667,
              -5.931255
            ]
          ],
          [
            [
              105.986667,
              -5.931255
            ],
            [
              105.986596,
              -5.931286
            ]
          ],
          [
            [
              105.986596,
              -5.931286
            ],
            [
              105.986577,
              -5.931276
            ]
          ],
          [
            [
              105.986577,
              -5.931276
            ],
            [
              105.986559,
              -5.931228
            ]
          ],
          [
            [
              105.986559,
              -5.931228
            ],
            [
              105.986528,
              -5.931224
            ]
          ],
          [
            [
              105.986528,
              -5.931224
            ],
            [
              105.986496,
              -5.93125
            ]
          ],
          [
            [
              105.986496,
              -5.93125
            ],
            [
              105.986501,
              -5.93128
            ]
          ],
          [
            [
              105.986501,
              -5.93128
            ],
            [
              105.986463,
              -5.931281
            ]
          ],
          [
            [
              105.986463,
              -5.931281
            ],
            [
              105.986462,
              -5.93131
            ]
          ],
          [
            [
              105.986462,
              -5.93131
            ],
            [
              105.986476,
              -5.931315
            ]
          ],
          [
            [
              105.986476,
              -5.931315
            ],
            [
              105.98645,
              -5.931322
            ]
          ],
          [
            [
              105.98645,
              -5.931322
            ],
            [
              105.986427,
              -5.931306
            ]
          ],
          [
            [
              105.986427,
              -5.931306
            ],
            [
              105.986415,
              -5.931322
            ]
          ],
          [
            [
              105.986415,
              -5.931322
            ],
            [
              105.98635,
              -5.931325
            ]
          ],
          [
            [
              105.98635,
              -5.931325
            ],
            [
              105.986316,
              -5.93134
            ]
          ],
          [
            [
              105.986316,
              -5.93134
            ],
            [
              105.986287,
              -5.931378
            ]
          ],
          [
            [
              105.986287,
              -5.931378
            ],
            [
              105.986226,
              -5.931388
            ]
          ],
          [
            [
              105.986226,
              -5.931388
            ],
            [
              105.986207,
              -5.931375
            ]
          ],
          [
            [
              105.986207,
              -5.931375
            ],
            [
              105.986202,
              -5.931389
            ]
          ],
          [
            [
              105.986202,
              -5.931389
            ],
            [
              105.986219,
              -5.931395
            ]
          ],
          [
            [
              105.986219,
              -5.931395
            ],
            [
              105.986208,
              -5.931412
            ]
          ],
          [
            [
              105.986208,
              -5.931412
            ],
            [
              105.986134,
              -5.931439
            ]
          ],
          [
            [
              105.986134,
              -5.931439
            ],
            [
              105.98611,
              -5.931434
            ]
          ],
          [
            [
              105.98611,
              -5.931434
            ],
            [
              105.986,
              -5.931496
            ]
          ],
          [
            [
              105.986,
              -5.931496
            ],
            [
              105.98593,
              -5.9315
            ]
          ],
          [
            [
              105.98593,
              -5.9315
            ],
            [
              105.985887,
              -5.931535
            ]
          ],
          [
            [
              105.985887,
              -5.931535
            ],
            [
              105.98584,
              -5.93153
            ]
          ],
          [
            [
              105.98584,
              -5.93153
            ],
            [
              105.98581,
              -5.93155
            ]
          ],
          [
            [
              105.98581,
              -5.93155
            ],
            [
              105.985746,
              -5.931534
            ]
          ],
          [
            [
              105.985746,
              -5.931534
            ],
            [
              105.985718,
              -5.931572
            ]
          ],
          [
            [
              105.985718,
              -5.931572
            ],
            [
              105.985666,
              -5.931575
            ]
          ],
          [
            [
              105.985666,
              -5.931575
            ],
            [
              105.985645,
              -5.931595
            ]
          ],
          [
            [
              105.985645,
              -5.931595
            ],
            [
              105.985623,
              -5.931562
            ]
          ],
          [
            [
              105.985623,
              -5.931562
            ],
            [
              105.985614,
              -5.931579
            ]
          ],
          [
            [
              105.985614,
              -5.931579
            ],
            [
              105.985582,
              -5.931581
            ]
          ],
          [
            [
              105.985582,
              -5.931581
            ],
            [
              105.985541,
              -5.931619
            ]
          ],
          [
            [
              105.985541,
              -5.931619
            ],
            [
              105.985536,
              -5.931667
            ]
          ],
          [
            [
              105.985536,
              -5.931667
            ],
            [
              105.985491,
              -5.931683
            ]
          ],
          [
            [
              105.985491,
              -5.931683
            ],
            [
              105.985482,
              -5.931721
            ]
          ],
          [
            [
              105.985482,
              -5.931721
            ],
            [
              105.985422,
              -5.931722
            ]
          ],
          [
            [
              105.985422,
              -5.931722
            ],
            [
              105.985452,
              -5.931809
            ]
          ],
          [
            [
              105.985452,
              -5.931809
            ],
            [
              105.985446,
              -5.931906
            ]
          ],
          [
            [
              105.985446,
              -5.931906
            ],
            [
              105.985518,
              -5.932025
            ]
          ],
          [
            [
              105.985518,
              -5.932025
            ],
            [
              105.985563,
              -5.9322
            ]
          ],
          [
            [
              105.985563,
              -5.9322
            ],
            [
              105.985611,
              -5.932299
            ]
          ],
          [
            [
              105.985611,
              -5.932299
            ],
            [
              105.986045,
              -5.932797
            ]
          ],
          [
            [
              105.986045,
              -5.932797
            ],
            [
              105.986046,
              -5.932841
            ]
          ],
          [
            [
              105.986046,
              -5.932841
            ],
            [
              105.986088,
              -5.932855
            ]
          ],
          [
            [
              105.986088,
              -5.932855
            ],
            [
              105.986115,
              -5.932885
            ]
          ],
          [
            [
              105.986115,
              -5.932885
            ],
            [
              105.986251,
              -5.933142
            ]
          ],
          [
            [
              105.986251,
              -5.933142
            ],
            [
              105.986446,
              -5.933454
            ]
          ],
          [
            [
              105.986446,
              -5.933454
            ],
            [
              105.986526,
              -5.933658
            ]
          ],
          [
            [
              105.986526,
              -5.933658
            ],
            [
              105.98657,
              -5.93383
            ]
          ],
          [
            [
              105.98657,
              -5.93383
            ],
            [
              105.986589,
              -5.934014
            ]
          ],
          [
            [
              105.986589,
              -5.934014
            ],
            [
              105.986622,
              -5.934787
            ]
          ],
          [
            [
              105.986622,
              -5.934787
            ],
            [
              105.986614,
              -5.934972
            ]
          ],
          [
            [
              105.986614,
              -5.934972
            ],
            [
              105.986644,
              -5.935294
            ]
          ],
          [
            [
              105.986644,
              -5.935294
            ],
            [
              105.986707,
              -5.935623
            ]
          ],
          [
            [
              105.986707,
              -5.935623
            ],
            [
              105.986833,
              -5.936075
            ]
          ],
          [
            [
              105.986833,
              -5.936075
            ],
            [
              105.986903,
              -5.936425
            ]
          ],
          [
            [
              105.986903,
              -5.936425
            ],
            [
              105.986987,
              -5.936598
            ]
          ],
          [
            [
              105.986987,
              -5.936598
            ],
            [
              105.987041,
              -5.936672
            ]
          ],
          [
            [
              105.987041,
              -5.936672
            ],
            [
              105.987054,
              -5.93672
            ]
          ],
          [
            [
              105.987054,
              -5.93672
            ],
            [
              105.987126,
              -5.936759
            ]
          ],
          [
            [
              105.987126,
              -5.936759
            ],
            [
              105.987167,
              -5.936868
            ]
          ],
          [
            [
              105.987167,
              -5.936868
            ],
            [
              105.987205,
              -5.936847
            ]
          ],
          [
            [
              105.987205,
              -5.936847
            ],
            [
              105.987233,
              -5.936857
            ]
          ],
          [
            [
              105.987233,
              -5.936857
            ],
            [
              105.987352,
              -5.936983
            ]
          ],
          [
            [
              105.987352,
              -5.936983
            ],
            [
              105.987449,
              -5.93704
            ]
          ],
          [
            [
              105.987449,
              -5.93704
            ],
            [
              105.987497,
              -5.937095
            ]
          ],
          [
            [
              105.987497,
              -5.937095
            ],
            [
              105.987535,
              -5.937104
            ]
          ],
          [
            [
              105.987535,
              -5.937104
            ],
            [
              105.98759,
              -5.937179
            ]
          ],
          [
            [
              105.98759,
              -5.937179
            ],
            [
              105.987592,
              -5.937208
            ]
          ],
          [
            [
              105.987592,
              -5.937208
            ],
            [
              105.987629,
              -5.937239
            ]
          ],
          [
            [
              105.987629,
              -5.937239
            ],
            [
              105.987701,
              -5.937219
            ]
          ],
          [
            [
              105.987701,
              -5.937219
            ],
            [
              105.987748,
              -5.937224
            ]
          ],
          [
            [
              105.987748,
              -5.937224
            ],
            [
              105.98778,
              -5.937204
            ]
          ],
          [
            [
              105.98778,
              -5.937204
            ],
            [
              105.987953,
              -5.937168
            ]
          ],
          [
            [
              105.987953,
              -5.937168
            ],
            [
              105.988066,
              -5.937173
            ]
          ],
          [
            [
              105.988066,
              -5.937173
            ],
            [
              105.988244,
              -5.937105
            ]
          ],
          [
            [
              105.988244,
              -5.937105
            ],
            [
              105.988345,
              -5.937154
            ]
          ],
          [
            [
              105.988345,
              -5.937154
            ],
            [
              105.988517,
              -5.937188
            ]
          ],
          [
            [
              105.988517,
              -5.937188
            ],
            [
              105.988863,
              -5.937134
            ]
          ],
          [
            [
              105.988863,
              -5.937134
            ],
            [
              105.989117,
              -5.937068
            ]
          ],
          [
            [
              105.989117,
              -5.937068
            ],
            [
              105.989222,
              -5.937104
            ]
          ],
          [
            [
              105.989222,
              -5.937104
            ],
            [
              105.989258,
              -5.937088
            ]
          ],
          [
            [
              105.989258,
              -5.937088
            ],
            [
              105.989352,
              -5.937097
            ]
          ],
          [
            [
              105.989352,
              -5.937097
            ],
            [
              105.989494,
              -5.937143
            ]
          ],
          [
            [
              105.989494,
              -5.937143
            ],
            [
              105.989671,
              -5.937137
            ]
          ],
          [
            [
              105.989671,
              -5.937137
            ],
            [
              105.989822,
              -5.937078
            ]
          ],
          [
            [
              105.989822,
              -5.937078
            ],
            [
              105.989872,
              -5.937076
            ]
          ],
          [
            [
              105.989872,
              -5.937076
            ],
            [
              105.989966,
              -5.936999
            ]
          ],
          [
            [
              105.989966,
              -5.936999
            ],
            [
              105.990053,
              -5.936972
            ]
          ],
          [
            [
              105.990053,
              -5.936972
            ],
            [
              105.990181,
              -5.936975
            ]
          ],
          [
            [
              105.990181,
              -5.936975
            ],
            [
              105.990439,
              -5.93704
            ]
          ],
          [
            [
              105.990439,
              -5.93704
            ],
            [
              105.990628,
              -5.936949
            ]
          ],
          [
            [
              105.990628,
              -5.936949
            ],
            [
              105.990744,
              -5.936919
            ]
          ],
          [
            [
              105.990744,
              -5.936919
            ],
            [
              105.990771,
              -5.936859
            ]
          ],
          [
            [
              105.990771,
              -5.936859
            ],
            [
              105.990817,
              -5.936868
            ]
          ],
          [
            [
              105.990817,
              -5.936868
            ],
            [
              105.990835,
              -5.936848
            ]
          ],
          [
            [
              105.990835,
              -5.936848
            ],
            [
              105.990781,
              -5.936818
            ]
          ],
          [
            [
              105.990781,
              -5.936818
            ],
            [
              105.990759,
              -5.93685
            ]
          ],
          [
            [
              105.990759,
              -5.93685
            ],
            [
              105.990736,
              -5.936827
            ]
          ],
          [
            [
              105.990736,
              -5.936827
            ],
            [
              105.990734,
              -5.936855
            ]
          ],
          [
            [
              105.990734,
              -5.936855
            ],
            [
              105.99072,
              -5.936843
            ]
          ],
          [
            [
              105.99072,
              -5.936843
            ],
            [
              105.990798,
              -5.936716
            ]
          ],
          [
            [
              105.990798,
              -5.936716
            ],
            [
              105.990908,
              -5.936683
            ]
          ],
          [
            [
              105.990908,
              -5.936683
            ],
            [
              105.990852,
              -5.936737
            ]
          ],
          [
            [
              105.990852,
              -5.936737
            ],
            [
              105.990872,
              -5.93673
            ]
          ],
          [
            [
              105.990872,
              -5.93673
            ],
            [
              105.991058,
              -5.936635
            ]
          ],
          [
            [
              105.991058,
              -5.936635
            ],
            [
              105.991177,
              -5.936535
            ]
          ],
          [
            [
              105.991177,
              -5.936535
            ],
            [
              105.99142,
              -5.93612
            ]
          ],
          [
            [
              105.99142,
              -5.93612
            ],
            [
              105.991483,
              -5.936048
            ]
          ],
          [
            [
              105.991483,
              -5.936048
            ],
            [
              105.991618,
              -5.935945
            ]
          ],
          [
            [
              105.991618,
              -5.935945
            ],
            [
              105.991632,
              -5.935879
            ]
          ],
          [
            [
              105.991632,
              -5.935879
            ],
            [
              105.991749,
              -5.935684
            ]
          ],
          [
            [
              105.991749,
              -5.935684
            ],
            [
              105.991852,
              -5.935576
            ]
          ],
          [
            [
              105.991852,
              -5.935576
            ],
            [
              105.991905,
              -5.935491
            ]
          ],
          [
            [
              105.991905,
              -5.935491
            ],
            [
              105.992036,
              -5.935336
            ]
          ],
          [
            [
              105.992036,
              -5.935336
            ],
            [
              105.992082,
              -5.935249
            ]
          ],
          [
            [
              105.992082,
              -5.935249
            ],
            [
              105.992095,
              -5.935137
            ]
          ],
          [
            [
              105.992095,
              -5.935137
            ],
            [
              105.992122,
              -5.935068
            ]
          ],
          [
            [
              105.992122,
              -5.935068
            ],
            [
              105.992289,
              -5.93488
            ]
          ],
          [
            [
              105.992289,
              -5.93488
            ],
            [
              105.99235,
              -5.934851
            ]
          ],
          [
            [
              105.99235,
              -5.934851
            ],
            [
              105.99281,
              -5.934333
            ]
          ]
        ]
      },
      "properties": {
        "OBJECTID": 2521,
        "NAMOBJ": "Garis Pantai",
        "REMARK": null,
        "METADATA": null,
        "DTMVER": 30,
        "KARGPN": null,
        "TIPGPN": 2,
        "KODGPN": null,
        "THNSBDATA": "2020",
        "SBDATA": 4,
        "SKL": 4,
        "THNPBL": "2022",
        "KET": "Survei LiDAR"
      }
    }
  ],
  "name": "cilegon-industrial-coast-big-coastline-25k",
  "dcoast_provenance": {
    "source": "Badan Informasi Geospasial",
    "service_layer": "https://geoservices.big.go.id/rbi/rest/services/GARISPANTAI/GarisPantai_25K/MapServer/0",
    "query_bounds_wgs84": [
      105.9,
      -6.13,
      106.01,
      -5.88
    ],
    "query_crs": "EPSG:4326",
    "output_crs": "EPSG:4326",
    "retrieval_scope": "bounded Phase 0.7 AOI review",
    "geometry_processing": "client-side segment clipping to query bounds",
    "server_geometry_tolerance_degrees": 1e-05
  }
}
