{
  "type": "FeatureCollection",
  "features": [
    {
      "type": "Feature",
      "id": 40267,
      "geometry": {
        "type": "MultiLineString",
        "coordinates": [
          [
            [
              110.633848,
              -6.677521
            ],
            [
              110.633946,
              -6.677389
            ]
          ],
          [
            [
              110.633946,
              -6.677389
            ],
            [
              110.634389,
              -6.67667
            ]
          ],
          [
            [
              110.634389,
              -6.67667
            ],
            [
              110.635222,
              -6.67523
            ]
          ],
          [
            [
              110.635222,
              -6.67523
            ],
            [
              110.636662,
              -6.672995
            ]
          ],
          [
            [
              110.636662,
              -6.672995
            ],
            [
              110.637235,
              -6.672019
            ]
          ],
          [
            [
              110.637235,
              -6.672019
            ],
            [
              110.637334,
              -6.671879
            ]
          ],
          [
            [
              110.637334,
              -6.671879
            ],
            [
              110.637723,
              -6.671225
            ]
          ],
          [
            [
              110.637723,
              -6.671225
            ],
            [
              110.637826,
              -6.671083
            ]
          ],
          [
            [
              110.637826,
              -6.671083
            ],
            [
              110.63788,
              -6.670955
            ]
          ],
          [
            [
              110.63788,
              -6.670955
            ],
            [
              110.638167,
              -6.670533
            ]
          ],
          [
            [
              110.638167,
              -6.670533
            ],
            [
              110.638655,
              -6.66971
            ]
          ],
          [
            [
              110.638655,
              -6.66971
            ],
            [
              110.639024,
              -6.669138
            ]
          ],
          [
            [
              110.639024,
              -6.669138
            ],
            [
              110.63906,
              -6.669051
            ]
          ],
          [
            [
              110.63906,
              -6.669051
            ],
            [
              110.639237,
              -6.66883
            ]
          ],
          [
            [
              110.639237,
              -6.66883
            ],
            [
              110.639597,
              -6.668265
            ]
          ],
          [
            [
              110.639597,
              -6.668265
            ],
            [
              110.639792,
              -6.668046
            ]
          ],
          [
            [
              110.639792,
              -6.668046
            ],
            [
              110.63994,
              -6.66779
            ]
          ],
          [
            [
              110.63994,
              -6.66779
            ],
            [
              110.640218,
              -6.667423
            ]
          ],
          [
            [
              110.640218,
              -6.667423
            ],
            [
              110.640261,
              -6.667298
            ]
          ],
          [
            [
              110.640261,
              -6.667298
            ],
            [
              110.640364,
              -6.666816
            ]
          ],
          [
            [
              110.640364,
              -6.666816
            ],
            [
              110.640354,
              -6.666773
            ]
          ],
          [
            [
              110.640354,
              -6.666773
            ],
            [
              110.640267,
              -6.666708
            ]
          ],
          [
            [
              110.640267,
              -6.666708
            ],
            [
              110.640266,
              -6.666614
            ]
          ],
          [
            [
              110.640266,
              -6.666614
            ],
            [
              110.640306,
              -6.666536
            ]
          ],
          [
            [
              110.640306,
              -6.666536
            ],
            [
              110.640394,
              -6.666555
            ]
          ],
          [
            [
              110.640394,
              -6.666555
            ],
            [
              110.640426,
              -6.666518
            ]
          ],
          [
            [
              110.640426,
              -6.666518
            ],
            [
              110.64044,
              -6.666448
            ]
          ],
          [
            [
              110.64044,
              -6.666448
            ],
            [
              110.640414,
              -6.666337
            ]
          ],
          [
            [
              110.640414,
              -6.666337
            ],
            [
              110.640552,
              -6.666108
            ]
          ],
          [
            [
              110.640552,
              -6.666108
            ],
            [
              110.640592,
              -6.665932
            ]
          ],
          [
            [
              110.640592,
              -6.665932
            ],
            [
              110.640695,
              -6.665742
            ]
          ],
          [
            [
              110.640695,
              -6.665742
            ],
            [
              110.640728,
              -6.665508
            ]
          ],
          [
            [
              110.640728,
              -6.665508
            ],
            [
              110.640801,
              -6.665405
            ]
          ],
          [
            [
              110.640801,
              -6.665405
            ],
            [
              110.640885,
              -6.66534
            ]
          ],
          [
            [
              110.640885,
              -6.66534
            ],
            [
              110.640882,
              -6.665197
            ]
          ],
          [
            [
              110.640882,
              -6.665197
            ],
            [
              110.640945,
              -6.665067
            ]
          ],
          [
            [
              110.640945,
              -6.665067
            ],
            [
              110.641027,
              -6.665013
            ]
          ],
          [
            [
              110.641027,
              -6.665013
            ],
            [
              110.641186,
              -6.664992
            ]
          ],
          [
            [
              110.641186,
              -6.664992
            ],
            [
              110.641266,
              -6.665045
            ]
          ],
          [
            [
              110.641266,
              -6.665045
            ],
            [
              110.641328,
              -6.664869
            ]
          ],
          [
            [
              110.641328,
              -6.664869
            ],
            [
              110.64147,
              -6.664726
            ]
          ],
          [
            [
              110.64147,
              -6.664726
            ],
            [
              110.641454,
              -6.66438
            ]
          ],
          [
            [
              110.641454,
              -6.66438
            ],
            [
              110.641362,
              -6.664221
            ]
          ],
          [
            [
              110.641362,
              -6.664221
            ],
            [
              110.641364,
              -6.664117
            ]
          ],
          [
            [
              110.641364,
              -6.664117
            ],
            [
              110.641477,
              -6.663976
            ]
          ],
          [
            [
              110.641477,
              -6.663976
            ],
            [
              110.641655,
              -6.663518
            ]
          ],
          [
            [
              110.641655,
              -6.663518
            ],
            [
              110.641816,
              -6.663163
            ]
          ],
          [
            [
              110.641816,
              -6.663163
            ],
            [
              110.64202,
              -6.66284
            ]
          ],
          [
            [
              110.64202,
              -6.66284
            ],
            [
              110.642247,
              -6.662424
            ]
          ],
          [
            [
              110.642247,
              -6.662424
            ],
            [
              110.642552,
              -6.661782
            ]
          ],
          [
            [
              110.642552,
              -6.661782
            ],
            [
              110.64257,
              -6.661677
            ]
          ],
          [
            [
              110.64257,
              -6.661677
            ],
            [
              110.642903,
              -6.66118
            ]
          ],
          [
            [
              110.642903,
              -6.66118
            ],
            [
              110.643186,
              -6.660603
            ]
          ],
          [
            [
              110.643186,
              -6.660603
            ],
            [
              110.643408,
              -6.66021
            ]
          ],
          [
            [
              110.643408,
              -6.66021
            ],
            [
              110.643474,
              -6.660163
            ]
          ],
          [
            [
              110.643474,
              -6.660163
            ],
            [
              110.64353,
              -6.660082
            ]
          ],
          [
            [
              110.64353,
              -6.660082
            ],
            [
              110.644229,
              -6.65878
            ]
          ],
          [
            [
              110.644229,
              -6.65878
            ],
            [
              110.644399,
              -6.658436
            ]
          ],
          [
            [
              110.644399,
              -6.658436
            ],
            [
              110.644432,
              -6.65834
            ]
          ],
          [
            [
              110.644432,
              -6.65834
            ],
            [
              110.64441,
              -6.658243
            ]
          ],
          [
            [
              110.64441,
              -6.658243
            ],
            [
              110.644806,
              -6.657436
            ]
          ],
          [
            [
              110.644806,
              -6.657436
            ],
            [
              110.644851,
              -6.657232
            ]
          ],
          [
            [
              110.644851,
              -6.657232
            ],
            [
              110.64506,
              -6.656774
            ]
          ],
          [
            [
              110.64506,
              -6.656774
            ],
            [
              110.645089,
              -6.656678
            ]
          ],
          [
            [
              110.645089,
              -6.656678
            ],
            [
              110.645183,
              -6.656605
            ]
          ],
          [
            [
              110.645183,
              -6.656605
            ],
            [
              110.645193,
              -6.656495
            ]
          ],
          [
            [
              110.645193,
              -6.656495
            ],
            [
              110.645313,
              -6.656232
            ]
          ],
          [
            [
              110.645313,
              -6.656232
            ],
            [
              110.645393,
              -6.655928
            ]
          ],
          [
            [
              110.645393,
              -6.655928
            ],
            [
              110.645457,
              -6.655874
            ]
          ],
          [
            [
              110.645457,
              -6.655874
            ],
            [
              110.645509,
              -6.655799
            ]
          ],
          [
            [
              110.645509,
              -6.655799
            ],
            [
              110.645725,
              -6.655255
            ]
          ],
          [
            [
              110.645725,
              -6.655255
            ],
            [
              110.645731,
              -6.655154
            ]
          ],
          [
            [
              110.645731,
              -6.655154
            ],
            [
              110.645898,
              -6.65479
            ]
          ],
          [
            [
              110.645898,
              -6.65479
            ],
            [
              110.64596,
              -6.654607
            ]
          ],
          [
            [
              110.64596,
              -6.654607
            ],
            [
              110.646068,
              -6.654426
            ]
          ],
          [
            [
              110.646068,
              -6.654426
            ],
            [
              110.646194,
              -6.654162
            ]
          ],
          [
            [
              110.646194,
              -6.654162
            ],
            [
              110.646229,
              -6.653969
            ]
          ],
          [
            [
              110.646229,
              -6.653969
            ],
            [
              110.6463,
              -6.653902
            ]
          ],
          [
            [
              110.6463,
              -6.653902
            ],
            [
              110.646347,
              -6.653827
            ]
          ],
          [
            [
              110.646347,
              -6.653827
            ],
            [
              110.646418,
              -6.653648
            ]
          ],
          [
            [
              110.646418,
              -6.653648
            ],
            [
              110.646476,
              -6.65355
            ]
          ],
          [
            [
              110.646476,
              -6.65355
            ],
            [
              110.646507,
              -6.653244
            ]
          ],
          [
            [
              110.646507,
              -6.653244
            ],
            [
              110.646594,
              -6.65296
            ]
          ],
          [
            [
              110.646594,
              -6.65296
            ],
            [
              110.646628,
              -6.652866
            ]
          ],
          [
            [
              110.646628,
              -6.652866
            ],
            [
              110.646771,
              -6.652613
            ]
          ],
          [
            [
              110.646771,
              -6.652613
            ],
            [
              110.646836,
              -6.652367
            ]
          ],
          [
            [
              110.646836,
              -6.652367
            ],
            [
              110.646985,
              -6.651934
            ]
          ],
          [
            [
              110.646985,
              -6.651934
            ],
            [
              110.646991,
              -6.651835
            ]
          ],
          [
            [
              110.646991,
              -6.651835
            ],
            [
              110.64691,
              -6.651661
            ]
          ],
          [
            [
              110.64691,
              -6.651661
            ],
            [
              110.646943,
              -6.651576
            ]
          ],
          [
            [
              110.646943,
              -6.651576
            ],
            [
              110.646998,
              -6.651498
            ]
          ],
          [
            [
              110.646998,
              -6.651498
            ],
            [
              110.647008,
              -6.651295
            ]
          ],
          [
            [
              110.647008,
              -6.651295
            ],
            [
              110.647065,
              -6.651017
            ]
          ],
          [
            [
              110.647065,
              -6.651017
            ],
            [
              110.647034,
              -6.65092
            ]
          ],
          [
            [
              110.647034,
              -6.65092
            ],
            [
              110.646975,
              -6.650841
            ]
          ],
          [
            [
              110.646975,
              -6.650841
            ],
            [
              110.646891,
              -6.650795
            ]
          ],
          [
            [
              110.646891,
              -6.650795
            ],
            [
              110.646894,
              -6.650708
            ]
          ],
          [
            [
              110.646894,
              -6.650708
            ],
            [
              110.647187,
              -6.649532
            ]
          ],
          [
            [
              110.647187,
              -6.649532
            ],
            [
              110.647204,
              -6.649445
            ]
          ],
          [
            [
              110.647204,
              -6.649445
            ],
            [
              110.647206,
              -6.649177
            ]
          ],
          [
            [
              110.647206,
              -6.649177
            ],
            [
              110.64727,
              -6.649016
            ]
          ],
          [
            [
              110.64727,
              -6.649016
            ],
            [
              110.647272,
              -6.648928
            ]
          ],
          [
            [
              110.647272,
              -6.648928
            ],
            [
              110.647177,
              -6.648814
            ]
          ],
          [
            [
              110.647177,
              -6.648814
            ],
            [
              110.647235,
              -6.648543
            ]
          ],
          [
            [
              110.647235,
              -6.648543
            ],
            [
              110.647297,
              -6.648355
            ]
          ],
          [
            [
              110.647297,
              -6.648355
            ],
            [
              110.647303,
              -6.64817
            ]
          ],
          [
            [
              110.647303,
              -6.64817
            ],
            [
              110.64728,
              -6.647904
            ]
          ],
          [
            [
              110.64728,
              -6.647904
            ],
            [
              110.647301,
              -6.647628
            ]
          ],
          [
            [
              110.647301,
              -6.647628
            ],
            [
              110.647279,
              -6.647201
            ]
          ]
        ]
      },
      "properties": {
        "OBJECTID": 40267,
        "NAMOBJ": "Garis Pantai",
        "REMARK": "HAT_TERESTRIS",
        "METADATA": " ",
        "DTMVER": 0,
        "KARGPN": 5,
        "TIPGPN": 2,
        "KODGPN": " ",
        "THNSBDATA": "2016",
        "SBDATA": 1,
        "SKL": 3,
        "THNPBL": "2022",
        "KET": null
      }
    },
    {
      "type": "Feature",
      "id": 40433,
      "geometry": {
        "type": "MultiLineString",
        "coordinates": [
          [
            [
              110.645381,
              -6.583596
            ],
            [
              110.645513,
              -6.583577
            ]
          ]
        ]
      },
      "properties": {
        "OBJECTID": 40433,
        "NAMOBJ": "Garis Penutup Sungai",
        "REMARK": "Penyesuaian Citra Bing Maps 2020",
        "METADATA": " ",
        "DTMVER": 0,
        "KARGPN": 999,
        "TIPGPN": 999,
        "KODGPN": " ",
        "THNSBDATA": "2020",
        "SBDATA": 6,
        "SKL": 1,
        "THNPBL": "2022",
        "KET": "RTRW Jepara"
      }
    },
    {
      "type": "Feature",
      "id": 40419,
      "geometry": {
        "type": "MultiLineString",
        "coordinates": [
          [
            [
              110.647014,
              -6.558862
            ],
            [
              110.646836,
              -6.558675
            ]
          ],
          [
            [
              110.646836,
              -6.558675
            ],
            [
              110.646631,
              -6.558505
            ]
          ],
          [
            [
              110.646631,
              -6.558505
            ],
            [
              110.646502,
              -6.558408
            ]
          ],
          [
            [
              110.646502,
              -6.558408
            ],
            [
              110.646402,
              -6.558365
            ]
          ],
          [
            [
              110.646402,
              -6.558365
            ],
            [
              110.646305,
              -6.558406
            ]
          ],
          [
            [
              110.646305,
              -6.558406
            ],
            [
              110.64592,
              -6.558984
            ]
          ],
          [
            [
              110.64592,
              -6.558984
            ],
            [
              110.645483,
              -6.558594
            ]
          ],
          [
            [
              110.645483,
              -6.558594
            ],
            [
              110.645778,
              -6.558075
            ]
          ],
          [
            [
              110.645778,
              -6.558075
            ],
            [
              110.645776,
              -6.558043
            ]
          ],
          [
            [
              110.645776,
              -6.558043
            ],
            [
              110.645653,
              -6.557889
            ]
          ],
          [
            [
              110.645653,
              -6.557889
            ],
            [
              110.645473,
              -6.557762
            ]
          ],
          [
            [
              110.645473,
              -6.557762
            ],
            [
              110.645296,
              -6.557666
            ]
          ],
          [
            [
              110.645296,
              -6.557666
            ],
            [
              110.645194,
              -6.55763
            ]
          ],
          [
            [
              110.645194,
              -6.55763
            ],
            [
              110.645118,
              -6.557632
            ]
          ],
          [
            [
              110.645118,
              -6.557632
            ],
            [
              110.645001,
              -6.557597
            ]
          ],
          [
            [
              110.645001,
              -6.557597
            ],
            [
              110.644786,
              -6.557271
            ]
          ],
          [
            [
              110.644786,
              -6.557271
            ],
            [
              110.644671,
              -6.557232
            ]
          ],
          [
            [
              110.644671,
              -6.557232
            ],
            [
              110.644602,
              -6.55706
            ]
          ],
          [
            [
              110.644602,
              -6.55706
            ],
            [
              110.644623,
              -6.557001
            ]
          ],
          [
            [
              110.644623,
              -6.557001
            ],
            [
              110.64469,
              -6.557011
            ]
          ],
          [
            [
              110.64469,
              -6.557011
            ],
            [
              110.644712,
              -6.556975
            ]
          ],
          [
            [
              110.644712,
              -6.556975
            ],
            [
              110.644684,
              -6.556911
            ]
          ],
          [
            [
              110.644684,
              -6.556911
            ],
            [
              110.644606,
              -6.556836
            ]
          ],
          [
            [
              110.644606,
              -6.556836
            ],
            [
              110.644391,
              -6.556728
            ]
          ],
          [
            [
              110.644391,
              -6.556728
            ],
            [
              110.644351,
              -6.556678
            ]
          ],
          [
            [
              110.644351,
              -6.556678
            ],
            [
              110.644496,
              -6.556483
            ]
          ],
          [
            [
              110.644496,
              -6.556483
            ],
            [
              110.644547,
              -6.556376
            ]
          ],
          [
            [
              110.644547,
              -6.556376
            ],
            [
              110.644599,
              -6.556207
            ]
          ],
          [
            [
              110.644599,
              -6.556207
            ],
            [
              110.644599,
              -6.556136
            ]
          ]
        ]
      },
      "properties": {
        "OBJECTID": 40419,
        "NAMOBJ": "Garis Pantai",
        "REMARK": "HAT_TERESTRIS",
        "METADATA": " ",
        "DTMVER": 0,
        "KARGPN": 5,
        "TIPGPN": 2,
        "KODGPN": " ",
        "THNSBDATA": "2016",
        "SBDATA": 1,
        "SKL": 3,
        "THNPBL": "2022",
        "KET": null
      }
    },
    {
      "type": "Feature",
      "id": 40273,
      "geometry": {
        "type": "MultiLineString",
        "coordinates": [
          [
            [
              110.645513,
              -6.583577
            ],
            [
              110.64564,
              -6.583526
            ]
          ],
          [
            [
              110.64564,
              -6.583526
            ],
            [
              110.645706,
              -6.583517
            ]
          ],
          [
            [
              110.645706,
              -6.583517
            ],
            [
              110.645886,
              -6.583532
            ]
          ],
          [
            [
              110.645886,
              -6.583532
            ],
            [
              110.646173,
              -6.583626
            ]
          ],
          [
            [
              110.646173,
              -6.583626
            ],
            [
              110.646358,
              -6.583723
            ]
          ],
          [
            [
              110.646358,
              -6.583723
            ],
            [
              110.646673,
              -6.584003
            ]
          ],
          [
            [
              110.646673,
              -6.584003
            ],
            [
              110.646956,
              -6.584366
            ]
          ],
          [
            [
              110.646956,
              -6.584366
            ],
            [
              110.647196,
              -6.584733
            ]
          ],
          [
            [
              110.647196,
              -6.584733
            ],
            [
              110.647461,
              -6.585198
            ]
          ],
          [
            [
              110.647461,
              -6.585198
            ],
            [
              110.64755,
              -6.585269
            ]
          ],
          [
            [
              110.64755,
              -6.585269
            ],
            [
              110.647675,
              -6.585312
            ]
          ],
          [
            [
              110.647675,
              -6.585312
            ],
            [
              110.647707,
              -6.585338
            ]
          ],
          [
            [
              110.647707,
              -6.585338
            ],
            [
              110.647697,
              -6.585401
            ]
          ],
          [
            [
              110.647697,
              -6.585401
            ],
            [
              110.647658,
              -6.585437
            ]
          ]
        ]
      },
      "properties": {
        "OBJECTID": 40273,
        "NAMOBJ": "Garis Pantai",
        "REMARK": "Penyesuaian Citra Bing Maps 2020",
        "METADATA": " ",
        "DTMVER": 0,
        "KARGPN": 5,
        "TIPGPN": 4,
        "KODGPN": " ",
        "THNSBDATA": "2020",
        "SBDATA": 6,
        "SKL": 1,
        "THNPBL": "2022",
        "KET": "RTRW Jepara"
      }
    },
    {
      "type": "Feature",
      "id": 40417,
      "geometry": {
        "type": "MultiLineString",
        "coordinates": [
          [
            [
              110.64712,
              -6.553533
            ],
            [
              110.647328,
              -6.553683
            ]
          ],
          [
            [
              110.647328,
              -6.553683
            ],
            [
              110.647466,
              -6.553757
            ]
          ],
          [
            [
              110.647466,
              -6.553757
            ],
            [
              110.647656,
              -6.553942
            ]
          ],
          [
            [
              110.647656,
              -6.553942
            ],
            [
              110.648426,
              -6.554205
            ]
          ],
          [
            [
              110.648426,
              -6.554205
            ],
            [
              110.6489,
              -6.554283
            ]
          ],
          [
            [
              110.6489,
              -6.554283
            ],
            [
              110.648964,
              -6.55431
            ]
          ],
          [
            [
              110.648964,
              -6.55431
            ],
            [
              110.649057,
              -6.554278
            ]
          ],
          [
            [
              110.649057,
              -6.554278
            ],
            [
              110.649228,
              -6.554258
            ]
          ],
          [
            [
              110.649228,
              -6.554258
            ],
            [
              110.649419,
              -6.554263
            ]
          ],
          [
            [
              110.649419,
              -6.554263
            ],
            [
              110.65001,
              -6.554377
            ]
          ]
        ]
      },
      "properties": {
        "OBJECTID": 40417,
        "NAMOBJ": "Garis Pantai",
        "REMARK": "HAT_TERESTRIS",
        "METADATA": " ",
        "DTMVER": 0,
        "KARGPN": 5,
        "TIPGPN": 2,
        "KODGPN": " ",
        "THNSBDATA": "2016",
        "SBDATA": 1,
        "SKL": 3,
        "THNPBL": "2022",
        "KET": null
      }
    },
    {
      "type": "Feature",
      "id": 40297,
      "geometry": {
        "type": "MultiLineString",
        "coordinates": [
          [
            [
              110.650866,
              -6.554704
            ],
            [
              110.651431,
              -6.554711
            ]
          ],
          [
            [
              110.651431,
              -6.554711
            ],
            [
              110.651675,
              -6.554686
            ]
          ],
          [
            [
              110.651675,
              -6.554686
            ],
            [
              110.652259,
              -6.554493
            ]
          ],
          [
            [
              110.652259,
              -6.554493
            ],
            [
              110.652838,
              -6.5542
            ]
          ],
          [
            [
              110.652838,
              -6.5542
            ],
            [
              110.653087,
              -6.55404
            ]
          ],
          [
            [
              110.653087,
              -6.55404
            ],
            [
              110.653233,
              -6.55392
            ]
          ],
          [
            [
              110.653233,
              -6.55392
            ],
            [
              110.653462,
              -6.553691
            ]
          ],
          [
            [
              110.653462,
              -6.553691
            ],
            [
              110.653745,
              -6.553379
            ]
          ],
          [
            [
              110.653745,
              -6.553379
            ],
            [
              110.653966,
              -6.553018
            ]
          ],
          [
            [
              110.653966,
              -6.553018
            ],
            [
              110.654081,
              -6.552738
            ]
          ],
          [
            [
              110.654081,
              -6.552738
            ],
            [
              110.654122,
              -6.552545
            ]
          ],
          [
            [
              110.654122,
              -6.552545
            ],
            [
              110.654125,
              -6.552156
            ]
          ],
          [
            [
              110.654125,
              -6.552156
            ],
            [
              110.654177,
              -6.55176
            ]
          ],
          [
            [
              110.654177,
              -6.55176
            ],
            [
              110.654246,
              -6.551462
            ]
          ],
          [
            [
              110.654246,
              -6.551462
            ],
            [
              110.654269,
              -6.551234
            ]
          ],
          [
            [
              110.654269,
              -6.551234
            ],
            [
              110.654244,
              -6.55043
            ]
          ],
          [
            [
              110.654244,
              -6.55043
            ],
            [
              110.654283,
              -6.550271
            ]
          ],
          [
            [
              110.654283,
              -6.550271
            ],
            [
              110.654659,
              -6.549712
            ]
          ],
          [
            [
              110.654659,
              -6.549712
            ],
            [
              110.654838,
              -6.549344
            ]
          ],
          [
            [
              110.654838,
              -6.549344
            ],
            [
              110.655055,
              -6.548997
            ]
          ],
          [
            [
              110.655055,
              -6.548997
            ],
            [
              110.65522,
              -6.548674
            ]
          ],
          [
            [
              110.65522,
              -6.548674
            ],
            [
              110.65541,
              -6.548411
            ]
          ],
          [
            [
              110.65541,
              -6.548411
            ],
            [
              110.655542,
              -6.548196
            ]
          ],
          [
            [
              110.655542,
              -6.548196
            ],
            [
              110.655665,
              -6.547943
            ]
          ],
          [
            [
              110.655665,
              -6.547943
            ],
            [
              110.655755,
              -6.547591
            ]
          ],
          [
            [
              110.655755,
              -6.547591
            ],
            [
              110.655777,
              -6.547328
            ]
          ],
          [
            [
              110.655777,
              -6.547328
            ],
            [
              110.655755,
              -6.54665
            ]
          ],
          [
            [
              110.655755,
              -6.54665
            ],
            [
              110.655715,
              -6.546176
            ]
          ],
          [
            [
              110.655715,
              -6.546176
            ],
            [
              110.655605,
              -6.5456
            ]
          ],
          [
            [
              110.655605,
              -6.5456
            ],
            [
              110.655587,
              -6.545207
            ]
          ],
          [
            [
              110.655587,
              -6.545207
            ],
            [
              110.655605,
              -6.544935
            ]
          ],
          [
            [
              110.655605,
              -6.544935
            ],
            [
              110.655666,
              -6.544775
            ]
          ],
          [
            [
              110.655666,
              -6.544775
            ],
            [
              110.655721,
              -6.544704
            ]
          ],
          [
            [
              110.655721,
              -6.544704
            ],
            [
              110.655816,
              -6.544454
            ]
          ],
          [
            [
              110.655816,
              -6.544454
            ],
            [
              110.655979,
              -6.544269
            ]
          ],
          [
            [
              110.655979,
              -6.544269
            ],
            [
              110.656054,
              -6.54422
            ]
          ],
          [
            [
              110.656054,
              -6.54422
            ],
            [
              110.656241,
              -6.544177
            ]
          ],
          [
            [
              110.656241,
              -6.544177
            ],
            [
              110.656439,
              -6.544191
            ]
          ],
          [
            [
              110.656439,
              -6.544191
            ],
            [
              110.65656,
              -6.54423
            ]
          ],
          [
            [
              110.65656,
              -6.54423
            ],
            [
              110.656616,
              -6.544275
            ]
          ],
          [
            [
              110.656616,
              -6.544275
            ],
            [
              110.656664,
              -6.544343
            ]
          ],
          [
            [
              110.656664,
              -6.544343
            ],
            [
              110.656784,
              -6.54454
            ]
          ],
          [
            [
              110.656784,
              -6.54454
            ],
            [
              110.656826,
              -6.544707
            ]
          ],
          [
            [
              110.656826,
              -6.544707
            ],
            [
              110.657101,
              -6.545101
            ]
          ],
          [
            [
              110.657101,
              -6.545101
            ],
            [
              110.657376,
              -6.545371
            ]
          ],
          [
            [
              110.657376,
              -6.545371
            ],
            [
              110.657444,
              -6.545415
            ]
          ],
          [
            [
              110.657444,
              -6.545415
            ],
            [
              110.657547,
              -6.545451
            ]
          ],
          [
            [
              110.657547,
              -6.545451
            ],
            [
              110.658032,
              -6.545545
            ]
          ],
          [
            [
              110.658032,
              -6.545545
            ],
            [
              110.658392,
              -6.545643
            ]
          ],
          [
            [
              110.658392,
              -6.545643
            ],
            [
              110.659045,
              -6.545718
            ]
          ],
          [
            [
              110.659045,
              -6.545718
            ],
            [
              110.659254,
              -6.545723
            ]
          ],
          [
            [
              110.659254,
              -6.545723
            ],
            [
              110.65985,
              -6.54564
            ]
          ],
          [
            [
              110.65985,
              -6.54564
            ],
            [
              110.66,
              -6.545602051282054
            ]
          ]
        ]
      },
      "properties": {
        "OBJECTID": 40297,
        "NAMOBJ": "Garis Pantai",
        "REMARK": "HAT_TERESTRIS",
        "METADATA": " ",
        "DTMVER": 0,
        "KARGPN": 5,
        "TIPGPN": 2,
        "KODGPN": " ",
        "THNSBDATA": "2016",
        "SBDATA": 1,
        "SKL": 3,
        "THNPBL": "2022",
        "KET": null
      }
    },
    {
      "type": "Feature",
      "id": 40456,
      "geometry": {
        "type": "MultiLineString",
        "coordinates": [
          [
            [
              110.6207,
              -6.698772
            ],
            [
              110.621011,
              -6.698436
            ]
          ],
          [
            [
              110.621011,
              -6.698436
            ],
            [
              110.621255,
              -6.698204
            ]
          ],
          [
            [
              110.621255,
              -6.698204
            ],
            [
              110.622373,
              -6.697262
            ]
          ],
          [
            [
              110.622373,
              -6.697262
            ],
            [
              110.622816,
              -6.696847
            ]
          ]
        ]
      },
      "properties": {
        "OBJECTID": 40456,
        "NAMOBJ": "Garis Pantai",
        "REMARK": " ",
        "METADATA": " ",
        "DTMVER": 23,
        "KARGPN": 2,
        "TIPGPN": 2,
        "KODGPN": " ",
        "THNSBDATA": "2017",
        "SBDATA": 1,
        "SKL": 3,
        "THNPBL": "2022",
        "KET": null
      }
    },
    {
      "type": "Feature",
      "id": 40264,
      "geometry": {
        "type": "MultiLineString",
        "coordinates": [
          [
            [
              110.622816,
              -6.696847
            ],
            [
              110.622784,
              -6.69664
            ]
          ]
        ]
      },
      "properties": {
        "OBJECTID": 40264,
        "NAMOBJ": "Garis Penutup Sungai",
        "REMARK": "HAT_TERESTRIS",
        "METADATA": " ",
        "DTMVER": 0,
        "KARGPN": 999,
        "TIPGPN": 999,
        "KODGPN": " ",
        "THNSBDATA": "2016",
        "SBDATA": 1,
        "SKL": 3,
        "THNPBL": "2022",
        "KET": null
      }
    },
    {
      "type": "Feature",
      "id": 40430,
      "geometry": {
        "type": "MultiLineString",
        "coordinates": [
          [
            [
              110.656167,
              -6.583356
            ],
            [
              110.656843,
              -6.582824
            ]
          ]
        ]
      },
      "properties": {
        "OBJECTID": 40430,
        "NAMOBJ": "Garis Penutup Sungai",
        "REMARK": "Penyesuaian Citra Bing Maps 2020",
        "METADATA": " ",
        "DTMVER": 0,
        "KARGPN": 999,
        "TIPGPN": 999,
        "KODGPN": " ",
        "THNSBDATA": "2020",
        "SBDATA": 6,
        "SKL": 1,
        "THNPBL": "2022",
        "KET": "RTRW Jepara"
      }
    },
    {
      "type": "Feature",
      "id": 40461,
      "geometry": {
        "type": "MultiLineString",
        "coordinates": [
          [
            [
              110.596048,
              -6.72648
            ],
            [
              110.596419,
              -6.725375
            ]
          ]
        ]
      },
      "properties": {
        "OBJECTID": 40461,
        "NAMOBJ": "Garis Penutup Sungai",
        "REMARK": "Penyesuaian Citra Bing Maps 2020",
        "METADATA": " ",
        "DTMVER": null,
        "KARGPN": 999,
        "TIPGPN": 999,
        "KODGPN": " ",
        "THNSBDATA": "2020",
        "SBDATA": 6,
        "SKL": 1,
        "THNPBL": "2022",
        "KET": "RTRW Jepara"
      }
    },
    {
      "type": "Feature",
      "id": 40460,
      "geometry": {
        "type": "MultiLineString",
        "coordinates": [
          [
            [
              110.617032,
              -6.706222
            ],
            [
              110.617205,
              -6.704832
            ]
          ]
        ]
      },
      "properties": {
        "OBJECTID": 40460,
        "NAMOBJ": "Garis Penutup Sungai",
        "REMARK": "Penyesuaian Citra Bing Maps 2020",
        "METADATA": " ",
        "DTMVER": null,
        "KARGPN": 999,
        "TIPGPN": 999,
        "KODGPN": " ",
        "THNSBDATA": "2020",
        "SBDATA": 6,
        "SKL": 1,
        "THNPBL": "2022",
        "KET": "RTRW Jepara"
      }
    },
    {
      "type": "Feature",
      "id": 40454,
      "geometry": {
        "type": "MultiLineString",
        "coordinates": [
          [
            [
              110.625661,
              -6.691809
            ],
            [
              110.626254,
              -6.691154
            ]
          ],
          [
            [
              110.626254,
              -6.691154
            ],
            [
              110.626446,
              -6.69097
            ]
          ],
          [
            [
              110.626446,
              -6.69097
            ],
            [
              110.626758,
              -6.690731
            ]
          ]
        ]
      },
      "properties": {
        "OBJECTID": 40454,
        "NAMOBJ": "Garis Pantai",
        "REMARK": "Penyesuaian Citra Bing Maps 2020",
        "METADATA": " ",
        "DTMVER": 0,
        "KARGPN": 5,
        "TIPGPN": 4,
        "KODGPN": " ",
        "THNSBDATA": "2020",
        "SBDATA": 6,
        "SKL": 1,
        "THNPBL": "2022",
        "KET": "RTRW Jepara"
      }
    },
    {
      "type": "Feature",
      "id": 40449,
      "geometry": {
        "type": "MultiLineString",
        "coordinates": [
          [
            [
              110.634249,
              -6.67843
            ],
            [
              110.634252,
              -6.678385
            ]
          ],
          [
            [
              110.634252,
              -6.678385
            ],
            [
              110.63421,
              -6.678339
            ]
          ],
          [
            [
              110.63421,
              -6.678339
            ],
            [
              110.63364,
              -6.678058
            ]
          ],
          [
            [
              110.63364,
              -6.678058
            ],
            [
              110.633573,
              -6.678005
            ]
          ],
          [
            [
              110.633573,
              -6.678005
            ],
            [
              110.633595,
              -6.677997
            ]
          ],
          [
            [
              110.633595,
              -6.677997
            ],
            [
              110.634259,
              -6.678318
            ]
          ]
        ]
      },
      "properties": {
        "OBJECTID": 40449,
        "NAMOBJ": "Garis Pantai",
        "REMARK": "Penyesuaian Citra Bing Maps 2020",
        "METADATA": " ",
        "DTMVER": 0,
        "KARGPN": 5,
        "TIPGPN": 4,
        "KODGPN": " ",
        "THNSBDATA": "2020",
        "SBDATA": 6,
        "SKL": 1,
        "THNPBL": "2022",
        "KET": "RTRW Jepara"
      }
    },
    {
      "type": "Feature",
      "id": 40270,
      "geometry": {
        "type": "MultiLineString",
        "coordinates": [
          [
            [
              110.644573,
              -6.644056
            ],
            [
              110.64445,
              -6.643322
            ]
          ],
          [
            [
              110.64445,
              -6.643322
            ],
            [
              110.644409,
              -6.642859
            ]
          ],
          [
            [
              110.644409,
              -6.642859
            ],
            [
              110.644343,
              -6.642482
            ]
          ],
          [
            [
              110.644343,
              -6.642482
            ],
            [
              110.644308,
              -6.642374
            ]
          ],
          [
            [
              110.644308,
              -6.642374
            ],
            [
              110.644227,
              -6.642353
            ]
          ],
          [
            [
              110.644227,
              -6.642353
            ],
            [
              110.644161,
              -6.642293
            ]
          ],
          [
            [
              110.644161,
              -6.642293
            ],
            [
              110.644155,
              -6.642263
            ]
          ],
          [
            [
              110.644155,
              -6.642263
            ],
            [
              110.644043,
              -6.642095
            ]
          ],
          [
            [
              110.644043,
              -6.642095
            ],
            [
              110.644038,
              -6.641781
            ]
          ],
          [
            [
              110.644038,
              -6.641781
            ],
            [
              110.643868,
              -6.64121
            ]
          ],
          [
            [
              110.643868,
              -6.64121
            ],
            [
              110.643778,
              -6.641165
            ]
          ],
          [
            [
              110.643778,
              -6.641165
            ],
            [
              110.643761,
              -6.641078
            ]
          ],
          [
            [
              110.643761,
              -6.641078
            ],
            [
              110.643564,
              -6.640794
            ]
          ],
          [
            [
              110.643564,
              -6.640794
            ],
            [
              110.643447,
              -6.640554
            ]
          ],
          [
            [
              110.643447,
              -6.640554
            ],
            [
              110.643136,
              -6.640309
            ]
          ],
          [
            [
              110.643136,
              -6.640309
            ],
            [
              110.643024,
              -6.640245
            ]
          ],
          [
            [
              110.643024,
              -6.640245
            ],
            [
              110.642909,
              -6.640324
            ]
          ],
          [
            [
              110.642909,
              -6.640324
            ],
            [
              110.642759,
              -6.64027
            ]
          ],
          [
            [
              110.642759,
              -6.64027
            ],
            [
              110.642669,
              -6.640299
            ]
          ],
          [
            [
              110.642669,
              -6.640299
            ],
            [
              110.642469,
              -6.640063
            ]
          ],
          [
            [
              110.642469,
              -6.640063
            ],
            [
              110.642291,
              -6.639929
            ]
          ]
        ]
      },
      "properties": {
        "OBJECTID": 40270,
        "NAMOBJ": "Garis Pantai",
        "REMARK": "Penyesuaian Citra Bing Maps 2020",
        "METADATA": " ",
        "DTMVER": 0,
        "KARGPN": 5,
        "TIPGPN": 4,
        "KODGPN": " ",
        "THNSBDATA": "2020",
        "SBDATA": 6,
        "SKL": 1,
        "THNPBL": "2022",
        "KET": "RTRW Jepara"
      }
    },
    {
      "type": "Feature",
      "id": 40269,
      "geometry": {
        "type": "MultiLineString",
        "coordinates": [
          [
            [
              110.645834,
              -6.644279
            ],
            [
              110.645688,
              -6.644272
            ]
          ],
          [
            [
              110.645688,
              -6.644272
            ],
            [
              110.645484,
              -6.644288
            ]
          ],
          [
            [
              110.645484,
              -6.644288
            ],
            [
              110.645086,
              -6.644341
            ]
          ],
          [
            [
              110.645086,
              -6.644341
            ],
            [
              110.644343,
              -6.644545
            ]
          ],
          [
            [
              110.644343,
              -6.644545
            ],
            [
              110.644326,
              -6.644535
            ]
          ],
          [
            [
              110.644326,
              -6.644535
            ],
            [
              110.644347,
              -6.644515
            ]
          ],
          [
            [
              110.644347,
              -6.644515
            ],
            [
              110.644607,
              -6.644444
            ]
          ],
          [
            [
              110.644607,
              -6.644444
            ],
            [
              110.644624,
              -6.644417
            ]
          ],
          [
            [
              110.644624,
              -6.644417
            ],
            [
              110.644634,
              -6.644394
            ]
          ],
          [
            [
              110.644634,
              -6.644394
            ],
            [
              110.644573,
              -6.644056
            ]
          ]
        ]
      },
      "properties": {
        "OBJECTID": 40269,
        "NAMOBJ": "Garis Pantai",
        "REMARK": "HAT_TERESTRIS",
        "METADATA": " ",
        "DTMVER": 0,
        "KARGPN": 5,
        "TIPGPN": 2,
        "KODGPN": " ",
        "THNSBDATA": "2016",
        "SBDATA": 1,
        "SKL": 3,
        "THNPBL": "2022",
        "KET": null
      }
    },
    {
      "type": "Feature",
      "id": 40271,
      "geometry": {
        "type": "MultiLineString",
        "coordinates": [
          [
            [
              110.639974,
              -6.633873
            ],
            [
              110.639618,
              -6.63378
            ]
          ],
          [
            [
              110.639618,
              -6.63378
            ],
            [
              110.639625,
              -6.633663
            ]
          ],
          [
            [
              110.639625,
              -6.633663
            ],
            [
              110.639572,
              -6.633346
            ]
          ],
          [
            [
              110.639572,
              -6.633346
            ],
            [
              110.639512,
              -6.633108
            ]
          ],
          [
            [
              110.639512,
              -6.633108
            ],
            [
              110.639464,
              -6.632988
            ]
          ],
          [
            [
              110.639464,
              -6.632988
            ],
            [
              110.639409,
              -6.632992
            ]
          ],
          [
            [
              110.639409,
              -6.632992
            ],
            [
              110.639365,
              -6.632796
            ]
          ],
          [
            [
              110.639365,
              -6.632796
            ],
            [
              110.639333,
              -6.632804
            ]
          ],
          [
            [
              110.639333,
              -6.632804
            ],
            [
              110.639282,
              -6.632647
            ]
          ],
          [
            [
              110.639282,
              -6.632647
            ],
            [
              110.639215,
              -6.632665
            ]
          ],
          [
            [
              110.639215,
              -6.632665
            ],
            [
              110.639189,
              -6.632529
            ]
          ],
          [
            [
              110.639189,
              -6.632529
            ],
            [
              110.63913,
              -6.6324
            ]
          ],
          [
            [
              110.63913,
              -6.6324
            ],
            [
              110.639028,
              -6.632314
            ]
          ],
          [
            [
              110.639028,
              -6.632314
            ],
            [
              110.638777,
              -6.631878
            ]
          ],
          [
            [
              110.638777,
              -6.631878
            ],
            [
              110.638138,
              -6.631582
            ]
          ],
          [
            [
              110.638138,
              -6.631582
            ],
            [
              110.637993,
              -6.631635
            ]
          ],
          [
            [
              110.637993,
              -6.631635
            ],
            [
              110.637955,
              -6.631537
            ]
          ],
          [
            [
              110.637955,
              -6.631537
            ],
            [
              110.637825,
              -6.631396
            ]
          ],
          [
            [
              110.637825,
              -6.631396
            ],
            [
              110.637675,
              -6.631189
            ]
          ],
          [
            [
              110.637675,
              -6.631189
            ],
            [
              110.637587,
              -6.630908
            ]
          ],
          [
            [
              110.637587,
              -6.630908
            ],
            [
              110.637567,
              -6.630491
            ]
          ],
          [
            [
              110.637567,
              -6.630491
            ],
            [
              110.637533,
              -6.630396
            ]
          ],
          [
            [
              110.637533,
              -6.630396
            ],
            [
              110.637524,
              -6.630297
            ]
          ],
          [
            [
              110.637524,
              -6.630297
            ],
            [
              110.637534,
              -6.630107
            ]
          ],
          [
            [
              110.637534,
              -6.630107
            ],
            [
              110.637579,
              -6.629739
            ]
          ],
          [
            [
              110.637579,
              -6.629739
            ],
            [
              110.637641,
              -6.62954
            ]
          ],
          [
            [
              110.637641,
              -6.62954
            ],
            [
              110.637711,
              -6.629099
            ]
          ],
          [
            [
              110.637711,
              -6.629099
            ],
            [
              110.637635,
              -6.628896
            ]
          ],
          [
            [
              110.637635,
              -6.628896
            ],
            [
              110.637638,
              -6.628809
            ]
          ],
          [
            [
              110.637638,
              -6.628809
            ],
            [
              110.637692,
              -6.628356
            ]
          ],
          [
            [
              110.637692,
              -6.628356
            ],
            [
              110.637771,
              -6.628092
            ]
          ],
          [
            [
              110.637771,
              -6.628092
            ],
            [
              110.637749,
              -6.62791
            ]
          ],
          [
            [
              110.637749,
              -6.62791
            ],
            [
              110.637795,
              -6.627767
            ]
          ],
          [
            [
              110.637795,
              -6.627767
            ],
            [
              110.637824,
              -6.627493
            ]
          ],
          [
            [
              110.637824,
              -6.627493
            ],
            [
              110.637797,
              -6.627363
            ]
          ],
          [
            [
              110.637797,
              -6.627363
            ],
            [
              110.637923,
              -6.626786
            ]
          ],
          [
            [
              110.637923,
              -6.626786
            ],
            [
              110.638295,
              -6.625852
            ]
          ],
          [
            [
              110.638295,
              -6.625852
            ],
            [
              110.638344,
              -6.625446
            ]
          ],
          [
            [
              110.638344,
              -6.625446
            ],
            [
              110.638475,
              -6.625013
            ]
          ],
          [
            [
              110.638475,
              -6.625013
            ],
            [
              110.638568,
              -6.62459
            ]
          ],
          [
            [
              110.638568,
              -6.62459
            ],
            [
              110.638568,
              -6.624493
            ]
          ],
          [
            [
              110.638568,
              -6.624493
            ],
            [
              110.638599,
              -6.624372
            ]
          ],
          [
            [
              110.638599,
              -6.624372
            ],
            [
              110.638642,
              -6.623989
            ]
          ],
          [
            [
              110.638642,
              -6.623989
            ],
            [
              110.638631,
              -6.623811
            ]
          ],
          [
            [
              110.638631,
              -6.623811
            ],
            [
              110.638589,
              -6.623603
            ]
          ],
          [
            [
              110.638589,
              -6.623603
            ],
            [
              110.638579,
              -6.62321
            ]
          ],
          [
            [
              110.638579,
              -6.62321
            ],
            [
              110.638542,
              -6.623015
            ]
          ],
          [
            [
              110.638542,
              -6.623015
            ],
            [
              110.638544,
              -6.622802
            ]
          ],
          [
            [
              110.638544,
              -6.622802
            ],
            [
              110.638523,
              -6.622734
            ]
          ],
          [
            [
              110.638523,
              -6.622734
            ],
            [
              110.638529,
              -6.622293
            ]
          ],
          [
            [
              110.638529,
              -6.622293
            ],
            [
              110.638506,
              -6.622075
            ]
          ],
          [
            [
              110.638506,
              -6.622075
            ],
            [
              110.638475,
              -6.621893
            ]
          ],
          [
            [
              110.638475,
              -6.621893
            ],
            [
              110.638444,
              -6.621833
            ]
          ],
          [
            [
              110.638444,
              -6.621833
            ],
            [
              110.638412,
              -6.621691
            ]
          ],
          [
            [
              110.638412,
              -6.621691
            ],
            [
              110.638373,
              -6.621395
            ]
          ],
          [
            [
              110.638373,
              -6.621395
            ],
            [
              110.638255,
              -6.620901
            ]
          ],
          [
            [
              110.638255,
              -6.620901
            ],
            [
              110.638271,
              -6.620354
            ]
          ],
          [
            [
              110.638271,
              -6.620354
            ],
            [
              110.63824,
              -6.620165
            ]
          ],
          [
            [
              110.63824,
              -6.620165
            ],
            [
              110.638243,
              -6.61961
            ]
          ],
          [
            [
              110.638243,
              -6.61961
            ],
            [
              110.638205,
              -6.61927
            ]
          ],
          [
            [
              110.638205,
              -6.61927
            ],
            [
              110.638186,
              -6.618836
            ]
          ],
          [
            [
              110.638186,
              -6.618836
            ],
            [
              110.638239,
              -6.618574
            ]
          ],
          [
            [
              110.638239,
              -6.618574
            ],
            [
              110.638328,
              -6.618433
            ]
          ],
          [
            [
              110.638328,
              -6.618433
            ],
            [
              110.638626,
              -6.618129
            ]
          ],
          [
            [
              110.638626,
              -6.618129
            ],
            [
              110.639024,
              -6.617768
            ]
          ],
          [
            [
              110.639024,
              -6.617768
            ],
            [
              110.639347,
              -6.617421
            ]
          ],
          [
            [
              110.639347,
              -6.617421
            ],
            [
              110.639476,
              -6.617425
            ]
          ],
          [
            [
              110.639476,
              -6.617425
            ],
            [
              110.639761,
              -6.617365
            ]
          ],
          [
            [
              110.639761,
              -6.617365
            ],
            [
              110.640695,
              -6.61814
            ]
          ],
          [
            [
              110.640695,
              -6.61814
            ],
            [
              110.640973,
              -6.61819
            ]
          ],
          [
            [
              110.640973,
              -6.61819
            ],
            [
              110.641087,
              -6.61818
            ]
          ],
          [
            [
              110.641087,
              -6.61818
            ],
            [
              110.641219,
              -6.618305
            ]
          ],
          [
            [
              110.641219,
              -6.618305
            ],
            [
              110.641442,
              -6.618365
            ]
          ],
          [
            [
              110.641442,
              -6.618365
            ],
            [
              110.641622,
              -6.618389
            ]
          ],
          [
            [
              110.641622,
              -6.618389
            ],
            [
              110.642066,
              -6.618393
            ]
          ],
          [
            [
              110.642066,
              -6.618393
            ],
            [
              110.642333,
              -6.618352
            ]
          ],
          [
            [
              110.642333,
              -6.618352
            ],
            [
              110.642403,
              -6.618386
            ]
          ],
          [
            [
              110.642403,
              -6.618386
            ],
            [
              110.64272,
              -6.618433
            ]
          ],
          [
            [
              110.64272,
              -6.618433
            ],
            [
              110.642793,
              -6.618475
            ]
          ],
          [
            [
              110.642793,
              -6.618475
            ],
            [
              110.643144,
              -6.618566
            ]
          ],
          [
            [
              110.643144,
              -6.618566
            ],
            [
              110.64349,
              -6.618607
            ]
          ],
          [
            [
              110.64349,
              -6.618607
            ],
            [
              110.643671,
              -6.618603
            ]
          ],
          [
            [
              110.643671,
              -6.618603
            ],
            [
              110.643952,
              -6.618629
            ]
          ],
          [
            [
              110.643952,
              -6.618629
            ],
            [
              110.644162,
              -6.61862
            ]
          ],
          [
            [
              110.644162,
              -6.61862
            ],
            [
              110.64479,
              -6.61855
            ]
          ],
          [
            [
              110.64479,
              -6.61855
            ],
            [
              110.645085,
              -6.618483
            ]
          ],
          [
            [
              110.645085,
              -6.618483
            ],
            [
              110.645425,
              -6.618364
            ]
          ],
          [
            [
              110.645425,
              -6.618364
            ],
            [
              110.645681,
              -6.618257
            ]
          ],
          [
            [
              110.645681,
              -6.618257
            ],
            [
              110.645842,
              -6.61817
            ]
          ],
          [
            [
              110.645842,
              -6.61817
            ],
            [
              110.646237,
              -6.617927
            ]
          ],
          [
            [
              110.646237,
              -6.617927
            ],
            [
              110.646537,
              -6.617686
            ]
          ],
          [
            [
              110.646537,
              -6.617686
            ],
            [
              110.646943,
              -6.617268
            ]
          ],
          [
            [
              110.646943,
              -6.617268
            ],
            [
              110.647117,
              -6.61701
            ]
          ],
          [
            [
              110.647117,
              -6.61701
            ],
            [
              110.647288,
              -6.616797
            ]
          ],
          [
            [
              110.647288,
              -6.616797
            ],
            [
              110.647484,
              -6.616438
            ]
          ],
          [
            [
              110.647484,
              -6.616438
            ],
            [
              110.64757,
              -6.616246
            ]
          ],
          [
            [
              110.64757,
              -6.616246
            ],
            [
              110.647721,
              -6.616002
            ]
          ],
          [
            [
              110.647721,
              -6.616002
            ],
            [
              110.648063,
              -6.615521
            ]
          ],
          [
            [
              110.648063,
              -6.615521
            ],
            [
              110.648504,
              -6.614831
            ]
          ],
          [
            [
              110.648504,
              -6.614831
            ],
            [
              110.648785,
              -6.614444
            ]
          ],
          [
            [
              110.648785,
              -6.614444
            ],
            [
              110.64891,
              -6.614311
            ]
          ],
          [
            [
              110.64891,
              -6.614311
            ],
            [
              110.648995,
              -6.614183
            ]
          ],
          [
            [
              110.648995,
              -6.614183
            ],
            [
              110.649028,
              -6.614104
            ]
          ],
          [
            [
              110.649028,
              -6.614104
            ],
            [
              110.649109,
              -6.614042
            ]
          ],
          [
            [
              110.649109,
              -6.614042
            ],
            [
              110.64931,
              -6.613952
            ]
          ],
          [
            [
              110.64931,
              -6.613952
            ],
            [
              110.649372,
              -6.613898
            ]
          ],
          [
            [
              110.649372,
              -6.613898
            ],
            [
              110.65025,
              -6.61302
            ]
          ],
          [
            [
              110.65025,
              -6.61302
            ],
            [
              110.650533,
              -6.612671
            ]
          ],
          [
            [
              110.650533,
              -6.612671
            ],
            [
              110.650781,
              -6.61241
            ]
          ],
          [
            [
              110.650781,
              -6.61241
            ],
            [
              110.650917,
              -6.612193
            ]
          ],
          [
            [
              110.650917,
              -6.612193
            ],
            [
              110.651502,
              -6.611522
            ]
          ],
          [
            [
              110.651502,
              -6.611522
            ],
            [
              110.651562,
              -6.61148
            ]
          ],
          [
            [
              110.651562,
              -6.61148
            ],
            [
              110.651682,
              -6.611344
            ]
          ],
          [
            [
              110.651682,
              -6.611344
            ],
            [
              110.651943,
              -6.611024
            ]
          ],
          [
            [
              110.651943,
              -6.611024
            ],
            [
              110.652282,
              -6.610658
            ]
          ],
          [
            [
              110.652282,
              -6.610658
            ],
            [
              110.652355,
              -6.610563
            ]
          ],
          [
            [
              110.652355,
              -6.610563
            ],
            [
              110.652349,
              -6.610521
            ]
          ],
          [
            [
              110.652349,
              -6.610521
            ],
            [
              110.652668,
              -6.610116
            ]
          ],
          [
            [
              110.652668,
              -6.610116
            ],
            [
              110.652898,
              -6.609773
            ]
          ],
          [
            [
              110.652898,
              -6.609773
            ],
            [
              110.653081,
              -6.609561
            ]
          ],
          [
            [
              110.653081,
              -6.609561
            ],
            [
              110.653161,
              -6.609506
            ]
          ],
          [
            [
              110.653161,
              -6.609506
            ],
            [
              110.653196,
              -6.609459
            ]
          ],
          [
            [
              110.653196,
              -6.609459
            ],
            [
              110.653268,
              -6.609153
            ]
          ],
          [
            [
              110.653268,
              -6.609153
            ],
            [
              110.653356,
              -6.608917
            ]
          ],
          [
            [
              110.653356,
              -6.608917
            ],
            [
              110.653442,
              -6.608622
            ]
          ],
          [
            [
              110.653442,
              -6.608622
            ],
            [
              110.653892,
              -6.607385
            ]
          ],
          [
            [
              110.653892,
              -6.607385
            ],
            [
              110.654176,
              -6.606349
            ]
          ],
          [
            [
              110.654176,
              -6.606349
            ],
            [
              110.654488,
              -6.604951
            ]
          ],
          [
            [
              110.654488,
              -6.604951
            ],
            [
              110.654481,
              -6.604865
            ]
          ],
          [
            [
              110.654481,
              -6.604865
            ],
            [
              110.65451,
              -6.604684
            ]
          ],
          [
            [
              110.65451,
              -6.604684
            ],
            [
              110.65451,
              -6.604585
            ]
          ],
          [
            [
              110.65451,
              -6.604585
            ],
            [
              110.65461,
              -6.604038
            ]
          ],
          [
            [
              110.65461,
              -6.604038
            ],
            [
              110.654703,
              -6.603079
            ]
          ],
          [
            [
              110.654703,
              -6.603079
            ],
            [
              110.654728,
              -6.602132
            ]
          ],
          [
            [
              110.654728,
              -6.602132
            ],
            [
              110.654718,
              -6.60197
            ]
          ]
        ]
      },
      "properties": {
        "OBJECTID": 40271,
        "NAMOBJ": "Garis Pantai",
        "REMARK": "HAT_TERESTRIS",
        "METADATA": " ",
        "DTMVER": 0,
        "KARGPN": 5,
        "TIPGPN": 2,
        "KODGPN": " ",
        "THNSBDATA": "2016",
        "SBDATA": 1,
        "SKL": 3,
        "THNPBL": "2022",
        "KET": null
      }
    },
    {
      "type": "Feature",
      "id": 40418,
      "geometry": {
        "type": "MultiLineString",
        "coordinates": [
          [
            [
              110.644599,
              -6.556136
            ],
            [
              110.644653,
              -6.555991
            ]
          ],
          [
            [
              110.644653,
              -6.555991
            ],
            [
              110.644847,
              -6.555647
            ]
          ],
          [
            [
              110.644847,
              -6.555647
            ],
            [
              110.645025,
              -6.55547
            ]
          ],
          [
            [
              110.645025,
              -6.55547
            ],
            [
              110.645146,
              -6.555324
            ]
          ],
          [
            [
              110.645146,
              -6.555324
            ],
            [
              110.645412,
              -6.554745
            ]
          ],
          [
            [
              110.645412,
              -6.554745
            ],
            [
              110.645557,
              -6.554643
            ]
          ],
          [
            [
              110.645557,
              -6.554643
            ],
            [
              110.645644,
              -6.554559
            ]
          ],
          [
            [
              110.645644,
              -6.554559
            ],
            [
              110.646128,
              -6.553831
            ]
          ],
          [
            [
              110.646128,
              -6.553831
            ],
            [
              110.646437,
              -6.553472
            ]
          ],
          [
            [
              110.646437,
              -6.553472
            ],
            [
              110.646556,
              -6.553391
            ]
          ],
          [
            [
              110.646556,
              -6.553391
            ],
            [
              110.646734,
              -6.553362
            ]
          ],
          [
            [
              110.646734,
              -6.553362
            ],
            [
              110.646811,
              -6.553377
            ]
          ],
          [
            [
              110.646811,
              -6.553377
            ],
            [
              110.64712,
              -6.553533
            ]
          ]
        ]
      },
      "properties": {
        "OBJECTID": 40418,
        "NAMOBJ": "Garis Pantai",
        "REMARK": "Penyesuaian Citra Bing Maps 2020",
        "METADATA": " ",
        "DTMVER": 0,
        "KARGPN": 5,
        "TIPGPN": 4,
        "KODGPN": " ",
        "THNSBDATA": "2020",
        "SBDATA": 6,
        "SKL": 1,
        "THNPBL": "2022",
        "KET": "RTRW Jepara"
      }
    },
    {
      "type": "Feature",
      "id": 40432,
      "geometry": {
        "type": "MultiLineString",
        "coordinates": [
          [
            [
              110.647599,
              -6.58565
            ],
            [
              110.647725,
              -6.585682
            ]
          ]
        ]
      },
      "properties": {
        "OBJECTID": 40432,
        "NAMOBJ": "Garis Penutup Sungai",
        "REMARK": "Penyesuaian Citra Bing Maps 2020",
        "METADATA": " ",
        "DTMVER": 0,
        "KARGPN": 999,
        "TIPGPN": 999,
        "KODGPN": " ",
        "THNSBDATA": "2020",
        "SBDATA": 6,
        "SKL": 1,
        "THNPBL": "2022",
        "KET": "RTRW Jepara"
      }
    },
    {
      "type": "Feature",
      "id": 40278,
      "geometry": {
        "type": "MultiLineString",
        "coordinates": [
          [
            [
              110.65652,
              -6.582433
            ],
            [
              110.656896,
              -6.582471
            ]
          ],
          [
            [
              110.656896,
              -6.582471
            ],
            [
              110.657652,
              -6.581461
            ]
          ],
          [
            [
              110.657652,
              -6.581461
            ],
            [
              110.657932,
              -6.581666
            ]
          ],
          [
            [
              110.657932,
              -6.581666
            ],
            [
              110.658138,
              -6.581413
            ]
          ],
          [
            [
              110.658138,
              -6.581413
            ],
            [
              110.658184,
              -6.581447
            ]
          ],
          [
            [
              110.658184,
              -6.581447
            ],
            [
              110.65828,
              -6.581318
            ]
          ],
          [
            [
              110.65828,
              -6.581318
            ],
            [
              110.658434,
              -6.58117
            ]
          ],
          [
            [
              110.658434,
              -6.58117
            ],
            [
              110.658693,
              -6.580826
            ]
          ],
          [
            [
              110.658693,
              -6.580826
            ],
            [
              110.658936,
              -6.580378
            ]
          ],
          [
            [
              110.658936,
              -6.580378
            ],
            [
              110.659001,
              -6.58032
            ]
          ],
          [
            [
              110.659001,
              -6.58032
            ],
            [
              110.659101,
              -6.580192
            ]
          ],
          [
            [
              110.659101,
              -6.580192
            ],
            [
              110.659159,
              -6.580073
            ]
          ],
          [
            [
              110.659159,
              -6.580073
            ],
            [
              110.659306,
              -6.57987
            ]
          ],
          [
            [
              110.659306,
              -6.57987
            ],
            [
              110.659394,
              -6.579697
            ]
          ],
          [
            [
              110.659394,
              -6.579697
            ],
            [
              110.65946,
              -6.579629
            ]
          ],
          [
            [
              110.65946,
              -6.579629
            ],
            [
              110.659495,
              -6.579527
            ]
          ],
          [
            [
              110.659495,
              -6.579527
            ],
            [
              110.659856,
              -6.578918
            ]
          ],
          [
            [
              110.659856,
              -6.578918
            ],
            [
              110.659982,
              -6.578801
            ]
          ]
        ]
      },
      "properties": {
        "OBJECTID": 40278,
        "NAMOBJ": "Garis Pantai",
        "REMARK": "HAT_TERESTRIS",
        "METADATA": " ",
        "DTMVER": 0,
        "KARGPN": 5,
        "TIPGPN": 2,
        "KODGPN": " ",
        "THNSBDATA": "2016",
        "SBDATA": 1,
        "SKL": 3,
        "THNPBL": "2022",
        "KET": null
      }
    },
    {
      "type": "Feature",
      "id": 40421,
      "geometry": {
        "type": "MultiLineString",
        "coordinates": [
          [
            [
              110.66,
              -6.569332254901956
            ],
            [
              110.659993,
              -6.569321
            ]
          ],
          [
            [
              110.659993,
              -6.569321
            ],
            [
              110.659737,
              -6.568753
            ]
          ],
          [
            [
              110.659737,
              -6.568753
            ],
            [
              110.659579,
              -6.56849
            ]
          ],
          [
            [
              110.659579,
              -6.56849
            ],
            [
              110.659507,
              -6.568452
            ]
          ],
          [
            [
              110.659507,
              -6.568452
            ],
            [
              110.659317,
              -6.568451
            ]
          ],
          [
            [
              110.659317,
              -6.568451
            ],
            [
              110.659172,
              -6.568378
            ]
          ],
          [
            [
              110.659172,
              -6.568378
            ],
            [
              110.659042,
              -6.568041
            ]
          ],
          [
            [
              110.659042,
              -6.568041
            ],
            [
              110.658951,
              -6.567976
            ]
          ],
          [
            [
              110.658951,
              -6.567976
            ],
            [
              110.658844,
              -6.567953
            ]
          ],
          [
            [
              110.658844,
              -6.567953
            ],
            [
              110.658573,
              -6.567973
            ]
          ],
          [
            [
              110.658573,
              -6.567973
            ],
            [
              110.658224,
              -6.56791
            ]
          ],
          [
            [
              110.658224,
              -6.56791
            ],
            [
              110.658068,
              -6.567836
            ]
          ],
          [
            [
              110.658068,
              -6.567836
            ],
            [
              110.657856,
              -6.56766
            ]
          ],
          [
            [
              110.657856,
              -6.56766
            ],
            [
              110.657697,
              -6.567578
            ]
          ],
          [
            [
              110.657697,
              -6.567578
            ],
            [
              110.657599,
              -6.56758
            ]
          ],
          [
            [
              110.657599,
              -6.56758
            ],
            [
              110.657512,
              -6.567549
            ]
          ],
          [
            [
              110.657512,
              -6.567549
            ],
            [
              110.65741,
              -6.567535
            ]
          ],
          [
            [
              110.65741,
              -6.567535
            ],
            [
              110.657328,
              -6.567568
            ]
          ],
          [
            [
              110.657328,
              -6.567568
            ],
            [
              110.657253,
              -6.567528
            ]
          ],
          [
            [
              110.657253,
              -6.567528
            ],
            [
              110.657139,
              -6.567403
            ]
          ],
          [
            [
              110.657139,
              -6.567403
            ],
            [
              110.656905,
              -6.567017
            ]
          ],
          [
            [
              110.656905,
              -6.567017
            ],
            [
              110.656777,
              -6.56688
            ]
          ],
          [
            [
              110.656777,
              -6.56688
            ],
            [
              110.65662,
              -6.566786
            ]
          ],
          [
            [
              110.65662,
              -6.566786
            ],
            [
              110.65644,
              -6.566726
            ]
          ],
          [
            [
              110.65644,
              -6.566726
            ],
            [
              110.656365,
              -6.566669
            ]
          ],
          [
            [
              110.656365,
              -6.566669
            ],
            [
              110.655963,
              -6.566049
            ]
          ],
          [
            [
              110.655963,
              -6.566049
            ],
            [
              110.655669,
              -6.565706
            ]
          ],
          [
            [
              110.655669,
              -6.565706
            ],
            [
              110.655454,
              -6.565405
            ]
          ]
        ]
      },
      "properties": {
        "OBJECTID": 40421,
        "NAMOBJ": "Garis Pantai",
        "REMARK": "HAT_TERESTRIS",
        "METADATA": " ",
        "DTMVER": 0,
        "KARGPN": 5,
        "TIPGPN": 2,
        "KODGPN": " ",
        "THNSBDATA": "2016",
        "SBDATA": 1,
        "SKL": 3,
        "THNPBL": "2022",
        "KET": null
      }
    },
    {
      "type": "Feature",
      "id": 830,
      "geometry": {
        "type": "MultiLineString",
        "coordinates": [
          [
            [
              110.552819,
              -6.727285
            ],
            [
              110.552386,
              -6.727056
            ]
          ],
          [
            [
              110.552386,
              -6.727056
            ],
            [
              110.55233,
              -6.726843
            ]
          ],
          [
            [
              110.55233,
              -6.726843
            ],
            [
              110.55292,
              -6.726424
            ]
          ],
          [
            [
              110.55292,
              -6.726424
            ],
            [
              110.554005,
              -6.725996
            ]
          ],
          [
            [
              110.554005,
              -6.725996
            ],
            [
              110.554614,
              -6.725644
            ]
          ],
          [
            [
              110.554614,
              -6.725644
            ],
            [
              110.554595,
              -6.725349
            ]
          ],
          [
            [
              110.554595,
              -6.725349
            ],
            [
              110.55603,
              -6.72475
            ]
          ],
          [
            [
              110.55603,
              -6.72475
            ],
            [
              110.556413,
              -6.725054
            ]
          ],
          [
            [
              110.556413,
              -6.725054
            ],
            [
              110.55667,
              -6.725111
            ]
          ],
          [
            [
              110.55667,
              -6.725111
            ],
            [
              110.557898,
              -6.724635
            ]
          ],
          [
            [
              110.557898,
              -6.724635
            ],
            [
              110.560848,
              -6.722811
            ]
          ],
          [
            [
              110.560848,
              -6.722811
            ],
            [
              110.561005,
              -6.722468
            ]
          ],
          [
            [
              110.561005,
              -6.722468
            ],
            [
              110.56179,
              -6.722012
            ]
          ],
          [
            [
              110.56179,
              -6.722012
            ],
            [
              110.563047,
              -6.721055
            ]
          ],
          [
            [
              110.563047,
              -6.721055
            ],
            [
              110.565434,
              -6.720951
            ]
          ],
          [
            [
              110.565434,
              -6.720951
            ],
            [
              110.565473,
              -6.721582
            ]
          ],
          [
            [
              110.565473,
              -6.721582
            ],
            [
              110.565547,
              -6.721719
            ]
          ],
          [
            [
              110.565547,
              -6.721719
            ],
            [
              110.565616,
              -6.721973
            ]
          ],
          [
            [
              110.565616,
              -6.721973
            ],
            [
              110.565646,
              -6.722391
            ]
          ],
          [
            [
              110.565646,
              -6.722391
            ],
            [
              110.565615,
              -6.72293
            ]
          ],
          [
            [
              110.565615,
              -6.72293
            ],
            [
              110.565614,
              -6.724336
            ]
          ],
          [
            [
              110.565614,
              -6.724336
            ],
            [
              110.565733,
              -6.724875
            ]
          ],
          [
            [
              110.565733,
              -6.724875
            ],
            [
              110.566002,
              -6.725473
            ]
          ],
          [
            [
              110.566002,
              -6.725473
            ],
            [
              110.566271,
              -6.725832
            ]
          ],
          [
            [
              110.566271,
              -6.725832
            ],
            [
              110.56651,
              -6.726401
            ]
          ],
          [
            [
              110.56651,
              -6.726401
            ],
            [
              110.566959,
              -6.726671
            ]
          ],
          [
            [
              110.566959,
              -6.726671
            ],
            [
              110.567856,
              -6.727539
            ]
          ],
          [
            [
              110.567856,
              -6.727539
            ],
            [
              110.568483,
              -6.728198
            ]
          ],
          [
            [
              110.568483,
              -6.728198
            ],
            [
              110.569231,
              -6.729216
            ]
          ],
          [
            [
              110.569231,
              -6.729216
            ],
            [
              110.570697,
              -6.729576
            ]
          ],
          [
            [
              110.570697,
              -6.729576
            ],
            [
              110.571116,
              -6.729816
            ]
          ],
          [
            [
              110.571116,
              -6.729816
            ],
            [
              110.571564,
              -6.729966
            ]
          ],
          [
            [
              110.571564,
              -6.729966
            ],
            [
              110.5716828111111,
              -6.73
            ]
          ],
          [
            [
              110.58553861443663,
              -6.73
            ],
            [
              110.585779,
              -6.729649
            ]
          ],
          [
            [
              110.585779,
              -6.729649
            ],
            [
              110.585899,
              -6.72914
            ]
          ],
          [
            [
              110.585899,
              -6.72914
            ],
            [
              110.585571,
              -6.728661
            ]
          ],
          [
            [
              110.585571,
              -6.728661
            ],
            [
              110.58584,
              -6.728243
            ]
          ],
          [
            [
              110.58584,
              -6.728243
            ],
            [
              110.586229,
              -6.728303
            ]
          ],
          [
            [
              110.586229,
              -6.728303
            ],
            [
              110.586529,
              -6.727795
            ]
          ],
          [
            [
              110.586529,
              -6.727795
            ],
            [
              110.586739,
              -6.727346
            ]
          ],
          [
            [
              110.586739,
              -6.727346
            ],
            [
              110.587068,
              -6.726898
            ]
          ],
          [
            [
              110.587068,
              -6.726898
            ],
            [
              110.587637,
              -6.726808
            ]
          ],
          [
            [
              110.587637,
              -6.726808
            ],
            [
              110.588236,
              -6.726749
            ]
          ],
          [
            [
              110.588236,
              -6.726749
            ],
            [
              110.588774,
              -6.726749
            ]
          ],
          [
            [
              110.588774,
              -6.726749
            ],
            [
              110.589224,
              -6.726451
            ]
          ],
          [
            [
              110.589224,
              -6.726451
            ],
            [
              110.589942,
              -6.726062
            ]
          ],
          [
            [
              110.589942,
              -6.726062
            ],
            [
              110.590451,
              -6.726003
            ]
          ],
          [
            [
              110.590451,
              -6.726003
            ],
            [
              110.591049,
              -6.726003
            ]
          ],
          [
            [
              110.591049,
              -6.726003
            ],
            [
              110.591648,
              -6.726363
            ]
          ],
          [
            [
              110.591648,
              -6.726363
            ],
            [
              110.592425,
              -6.726573
            ]
          ],
          [
            [
              110.592425,
              -6.726573
            ],
            [
              110.593203,
              -6.726843
            ]
          ],
          [
            [
              110.593203,
              -6.726843
            ],
            [
              110.594101,
              -6.726754
            ]
          ],
          [
            [
              110.594101,
              -6.726754
            ],
            [
              110.595119,
              -6.726605
            ]
          ],
          [
            [
              110.595119,
              -6.726605
            ],
            [
              110.595747,
              -6.726426
            ]
          ],
          [
            [
              110.595747,
              -6.726426
            ],
            [
              110.596048,
              -6.72648
            ]
          ]
        ]
      },
      "properties": {
        "OBJECTID": 830,
        "NAMOBJ": "Garis Pantai",
        "REMARK": " ",
        "METADATA": null,
        "DTMVER": 23,
        "KARGPN": 2,
        "TIPGPN": 2,
        "KODGPN": null,
        "THNSBDATA": "2017",
        "SBDATA": 1,
        "SKL": 3,
        "THNPBL": "2022",
        "KET": null
      }
    },
    {
      "type": "Feature",
      "id": 40263,
      "geometry": {
        "type": "MultiLineString",
        "coordinates": [
          [
            [
              110.596419,
              -6.725375
            ],
            [
              110.595524,
              -6.724909
            ]
          ],
          [
            [
              110.595524,
              -6.724909
            ],
            [
              110.595184,
              -6.724765
            ]
          ],
          [
            [
              110.595184,
              -6.724765
            ],
            [
              110.594827,
              -6.724642
            ]
          ],
          [
            [
              110.594827,
              -6.724642
            ],
            [
              110.594331,
              -6.724529
            ]
          ],
          [
            [
              110.594331,
              -6.724529
            ],
            [
              110.5943,
              -6.724503
            ]
          ],
          [
            [
              110.5943,
              -6.724503
            ],
            [
              110.594297,
              -6.724439
            ]
          ],
          [
            [
              110.594297,
              -6.724439
            ],
            [
              110.5944,
              -6.72443
            ]
          ],
          [
            [
              110.5944,
              -6.72443
            ],
            [
              110.59444,
              -6.724267
            ]
          ],
          [
            [
              110.59444,
              -6.724267
            ],
            [
              110.594599,
              -6.724205
            ]
          ],
          [
            [
              110.594599,
              -6.724205
            ],
            [
              110.594768,
              -6.724175
            ]
          ],
          [
            [
              110.594768,
              -6.724175
            ],
            [
              110.595103,
              -6.724205
            ]
          ],
          [
            [
              110.595103,
              -6.724205
            ],
            [
              110.595246,
              -6.724191
            ]
          ],
          [
            [
              110.595246,
              -6.724191
            ],
            [
              110.595296,
              -6.72417
            ]
          ],
          [
            [
              110.595296,
              -6.72417
            ],
            [
              110.595346,
              -6.724108
            ]
          ],
          [
            [
              110.595346,
              -6.724108
            ],
            [
              110.595388,
              -6.724016
            ]
          ],
          [
            [
              110.595388,
              -6.724016
            ],
            [
              110.595433,
              -6.723998
            ]
          ],
          [
            [
              110.595433,
              -6.723998
            ],
            [
              110.59559,
              -6.723986
            ]
          ],
          [
            [
              110.59559,
              -6.723986
            ],
            [
              110.596051,
              -6.723773
            ]
          ],
          [
            [
              110.596051,
              -6.723773
            ],
            [
              110.59627,
              -6.723641
            ]
          ],
          [
            [
              110.59627,
              -6.723641
            ],
            [
              110.596401,
              -6.723516
            ]
          ],
          [
            [
              110.596401,
              -6.723516
            ],
            [
              110.596662,
              -6.723327
            ]
          ],
          [
            [
              110.596662,
              -6.723327
            ],
            [
              110.596745,
              -6.723235
            ]
          ],
          [
            [
              110.596745,
              -6.723235
            ],
            [
              110.596817,
              -6.723086
            ]
          ],
          [
            [
              110.596817,
              -6.723086
            ],
            [
              110.596793,
              -6.72303
            ]
          ],
          [
            [
              110.596793,
              -6.72303
            ],
            [
              110.59675,
              -6.722987
            ]
          ],
          [
            [
              110.59675,
              -6.722987
            ],
            [
              110.596724,
              -6.722919
            ]
          ],
          [
            [
              110.596724,
              -6.722919
            ],
            [
              110.596731,
              -6.722853
            ]
          ],
          [
            [
              110.596731,
              -6.722853
            ],
            [
              110.596753,
              -6.722815
            ]
          ],
          [
            [
              110.596753,
              -6.722815
            ],
            [
              110.596852,
              -6.722791
            ]
          ],
          [
            [
              110.596852,
              -6.722791
            ],
            [
              110.597057,
              -6.722777
            ]
          ],
          [
            [
              110.597057,
              -6.722777
            ],
            [
              110.597192,
              -6.722725
            ]
          ],
          [
            [
              110.597192,
              -6.722725
            ],
            [
              110.597354,
              -6.722593
            ]
          ],
          [
            [
              110.597354,
              -6.722593
            ],
            [
              110.597577,
              -6.722324
            ]
          ],
          [
            [
              110.597577,
              -6.722324
            ],
            [
              110.597663,
              -6.722298
            ]
          ],
          [
            [
              110.597663,
              -6.722298
            ],
            [
              110.597767,
              -6.722298
            ]
          ],
          [
            [
              110.597767,
              -6.722298
            ],
            [
              110.598003,
              -6.722256
            ]
          ],
          [
            [
              110.598003,
              -6.722256
            ],
            [
              110.598153,
              -6.722133
            ]
          ],
          [
            [
              110.598153,
              -6.722133
            ],
            [
              110.598345,
              -6.721748
            ]
          ],
          [
            [
              110.598345,
              -6.721748
            ],
            [
              110.598416,
              -6.721677
            ]
          ],
          [
            [
              110.598416,
              -6.721677
            ],
            [
              110.598519,
              -6.721637
            ]
          ],
          [
            [
              110.598519,
              -6.721637
            ],
            [
              110.59864,
              -6.721628
            ]
          ],
          [
            [
              110.59864,
              -6.721628
            ],
            [
              110.598828,
              -6.721642
            ]
          ],
          [
            [
              110.598828,
              -6.721642
            ],
            [
              110.599068,
              -6.72159
            ]
          ],
          [
            [
              110.599068,
              -6.72159
            ],
            [
              110.599232,
              -6.721521
            ]
          ],
          [
            [
              110.599232,
              -6.721521
            ],
            [
              110.599464,
              -6.72137
            ]
          ],
          [
            [
              110.599464,
              -6.72137
            ],
            [
              110.599588,
              -6.721255
            ]
          ],
          [
            [
              110.599588,
              -6.721255
            ],
            [
              110.600249,
              -6.720724
            ]
          ],
          [
            [
              110.600249,
              -6.720724
            ],
            [
              110.600506,
              -6.720665
            ]
          ],
          [
            [
              110.600506,
              -6.720665
            ],
            [
              110.600743,
              -6.720469
            ]
          ],
          [
            [
              110.600743,
              -6.720469
            ],
            [
              110.600826,
              -6.720325
            ]
          ],
          [
            [
              110.600826,
              -6.720325
            ],
            [
              110.601052,
              -6.720159
            ]
          ],
          [
            [
              110.601052,
              -6.720159
            ],
            [
              110.601318,
              -6.720032
            ]
          ],
          [
            [
              110.601318,
              -6.720032
            ],
            [
              110.601399,
              -6.720018
            ]
          ],
          [
            [
              110.601399,
              -6.720018
            ],
            [
              110.601432,
              -6.720037
            ]
          ],
          [
            [
              110.601432,
              -6.720037
            ],
            [
              110.601463,
              -6.720091
            ]
          ],
          [
            [
              110.601463,
              -6.720091
            ],
            [
              110.60153,
              -6.720117
            ]
          ],
          [
            [
              110.60153,
              -6.720117
            ],
            [
              110.601706,
              -6.720077
            ]
          ],
          [
            [
              110.601706,
              -6.720077
            ],
            [
              110.601737,
              -6.719987
            ]
          ],
          [
            [
              110.601737,
              -6.719987
            ],
            [
              110.601779,
              -6.719942
            ]
          ],
          [
            [
              110.601779,
              -6.719942
            ],
            [
              110.601908,
              -6.719893
            ]
          ],
          [
            [
              110.601908,
              -6.719893
            ],
            [
              110.602022,
              -6.719798
            ]
          ],
          [
            [
              110.602022,
              -6.719798
            ],
            [
              110.602172,
              -6.719713
            ]
          ],
          [
            [
              110.602172,
              -6.719713
            ],
            [
              110.602257,
              -6.719581
            ]
          ],
          [
            [
              110.602257,
              -6.719581
            ],
            [
              110.60235,
              -6.71948
            ]
          ],
          [
            [
              110.60235,
              -6.71948
            ],
            [
              110.602485,
              -6.719352
            ]
          ],
          [
            [
              110.602485,
              -6.719352
            ],
            [
              110.602771,
              -6.719135
            ]
          ],
          [
            [
              110.602771,
              -6.719135
            ],
            [
              110.602866,
              -6.719012
            ]
          ],
          [
            [
              110.602866,
              -6.719012
            ],
            [
              110.602901,
              -6.718927
            ]
          ],
          [
            [
              110.602901,
              -6.718927
            ],
            [
              110.602937,
              -6.718771
            ]
          ],
          [
            [
              110.602937,
              -6.718771
            ],
            [
              110.60313,
              -6.718715
            ]
          ],
          [
            [
              110.60313,
              -6.718715
            ],
            [
              110.603271,
              -6.718592
            ]
          ],
          [
            [
              110.603271,
              -6.718592
            ],
            [
              110.603473,
              -6.718487
            ]
          ],
          [
            [
              110.603473,
              -6.718487
            ],
            [
              110.603538,
              -6.718434
            ]
          ],
          [
            [
              110.603538,
              -6.718434
            ],
            [
              110.603606,
              -6.718343
            ]
          ],
          [
            [
              110.603606,
              -6.718343
            ],
            [
              110.603891,
              -6.718207
            ]
          ],
          [
            [
              110.603891,
              -6.718207
            ],
            [
              110.604668,
              -6.717628
            ]
          ],
          [
            [
              110.604668,
              -6.717628
            ],
            [
              110.604796,
              -6.717481
            ]
          ],
          [
            [
              110.604796,
              -6.717481
            ],
            [
              110.605048,
              -6.717095
            ]
          ],
          [
            [
              110.605048,
              -6.717095
            ],
            [
              110.605172,
              -6.716991
            ]
          ],
          [
            [
              110.605172,
              -6.716991
            ],
            [
              110.605262,
              -6.716876
            ]
          ],
          [
            [
              110.605262,
              -6.716876
            ],
            [
              110.605376,
              -6.716607
            ]
          ],
          [
            [
              110.605376,
              -6.716607
            ],
            [
              110.605486,
              -6.716545
            ]
          ],
          [
            [
              110.605486,
              -6.716545
            ],
            [
              110.605754,
              -6.716517
            ]
          ],
          [
            [
              110.605754,
              -6.716517
            ],
            [
              110.605807,
              -6.716434
            ]
          ],
          [
            [
              110.605807,
              -6.716434
            ],
            [
              110.605852,
              -6.716241
            ]
          ],
          [
            [
              110.605852,
              -6.716241
            ],
            [
              110.605921,
              -6.716168
            ]
          ],
          [
            [
              110.605921,
              -6.716168
            ],
            [
              110.605997,
              -6.716142
            ]
          ],
          [
            [
              110.605997,
              -6.716142
            ],
            [
              110.606263,
              -6.716113
            ]
          ],
          [
            [
              110.606263,
              -6.716113
            ],
            [
              110.606341,
              -6.716078
            ]
          ],
          [
            [
              110.606341,
              -6.716078
            ],
            [
              110.60656,
              -6.715903
            ]
          ],
          [
            [
              110.60656,
              -6.715903
            ],
            [
              110.606738,
              -6.715672
            ]
          ],
          [
            [
              110.606738,
              -6.715672
            ],
            [
              110.606791,
              -6.715641
            ]
          ],
          [
            [
              110.606791,
              -6.715641
            ],
            [
              110.606888,
              -6.715634
            ]
          ],
          [
            [
              110.606888,
              -6.715634
            ],
            [
              110.606978,
              -6.715582
            ]
          ],
          [
            [
              110.606978,
              -6.715582
            ],
            [
              110.607066,
              -6.71545
            ]
          ],
          [
            [
              110.607066,
              -6.71545
            ],
            [
              110.607133,
              -6.715245
            ]
          ],
          [
            [
              110.607133,
              -6.715245
            ],
            [
              110.60746,
              -6.715017
            ]
          ],
          [
            [
              110.60746,
              -6.715017
            ],
            [
              110.607584,
              -6.714884
            ]
          ],
          [
            [
              110.607584,
              -6.714884
            ],
            [
              110.60767,
              -6.714816
            ]
          ],
          [
            [
              110.60767,
              -6.714816
            ],
            [
              110.607805,
              -6.714597
            ]
          ],
          [
            [
              110.607805,
              -6.714597
            ],
            [
              110.607905,
              -6.714488
            ]
          ],
          [
            [
              110.607905,
              -6.714488
            ],
            [
              110.608084,
              -6.714465
            ]
          ],
          [
            [
              110.608084,
              -6.714465
            ],
            [
              110.608206,
              -6.714401
            ]
          ],
          [
            [
              110.608206,
              -6.714401
            ],
            [
              110.60824,
              -6.714324
            ]
          ],
          [
            [
              110.60824,
              -6.714324
            ],
            [
              110.608299,
              -6.714293
            ]
          ],
          [
            [
              110.608299,
              -6.714293
            ],
            [
              110.608926,
              -6.714222
            ]
          ],
          [
            [
              110.608926,
              -6.714222
            ],
            [
              110.609025,
              -6.714223
            ]
          ],
          [
            [
              110.609025,
              -6.714223
            ],
            [
              110.609189,
              -6.71429
            ]
          ],
          [
            [
              110.609189,
              -6.71429
            ],
            [
              110.60932,
              -6.71431
            ]
          ],
          [
            [
              110.60932,
              -6.71431
            ],
            [
              110.609385,
              -6.714295
            ]
          ],
          [
            [
              110.609385,
              -6.714295
            ],
            [
              110.60947,
              -6.714191
            ]
          ],
          [
            [
              110.60947,
              -6.714191
            ],
            [
              110.60951,
              -6.714078
            ]
          ],
          [
            [
              110.60951,
              -6.714078
            ],
            [
              110.60951,
              -6.714029
            ]
          ],
          [
            [
              110.60951,
              -6.714029
            ],
            [
              110.609504,
              -6.713986
            ]
          ],
          [
            [
              110.609504,
              -6.713986
            ],
            [
              110.609356,
              -6.713759
            ]
          ],
          [
            [
              110.609356,
              -6.713759
            ],
            [
              110.609354,
              -6.713719
            ]
          ],
          [
            [
              110.609354,
              -6.713719
            ],
            [
              110.609406,
              -6.713563
            ]
          ],
          [
            [
              110.609406,
              -6.713563
            ],
            [
              110.609355,
              -6.713465
            ]
          ],
          [
            [
              110.609355,
              -6.713465
            ],
            [
              110.609234,
              -6.713433
            ]
          ],
          [
            [
              110.609234,
              -6.713433
            ],
            [
              110.609125,
              -6.71333
            ]
          ],
          [
            [
              110.609125,
              -6.71333
            ],
            [
              110.60913,
              -6.713304
            ]
          ],
          [
            [
              110.60913,
              -6.713304
            ],
            [
              110.609176,
              -6.713282
            ]
          ],
          [
            [
              110.609176,
              -6.713282
            ],
            [
              110.609181,
              -6.713123
            ]
          ],
          [
            [
              110.609181,
              -6.713123
            ],
            [
              110.609231,
              -6.713009
            ]
          ],
          [
            [
              110.609231,
              -6.713009
            ],
            [
              110.609314,
              -6.712953
            ]
          ],
          [
            [
              110.609314,
              -6.712953
            ],
            [
              110.609434,
              -6.712956
            ]
          ],
          [
            [
              110.609434,
              -6.712956
            ],
            [
              110.609577,
              -6.713013
            ]
          ],
          [
            [
              110.609577,
              -6.713013
            ],
            [
              110.609633,
              -6.712957
            ]
          ],
          [
            [
              110.609633,
              -6.712957
            ],
            [
              110.609812,
              -6.712969
            ]
          ],
          [
            [
              110.609812,
              -6.712969
            ],
            [
              110.609963,
              -6.712953
            ]
          ],
          [
            [
              110.609963,
              -6.712953
            ],
            [
              110.610314,
              -6.712794
            ]
          ],
          [
            [
              110.610314,
              -6.712794
            ],
            [
              110.610371,
              -6.712796
            ]
          ],
          [
            [
              110.610371,
              -6.712796
            ],
            [
              110.610669,
              -6.712641
            ]
          ],
          [
            [
              110.610669,
              -6.712641
            ],
            [
              110.610705,
              -6.712607
            ]
          ],
          [
            [
              110.610705,
              -6.712607
            ],
            [
              110.610715,
              -6.712506
            ]
          ],
          [
            [
              110.610715,
              -6.712506
            ],
            [
              110.610733,
              -6.712487
            ]
          ],
          [
            [
              110.610733,
              -6.712487
            ],
            [
              110.610798,
              -6.712481
            ]
          ],
          [
            [
              110.610798,
              -6.712481
            ],
            [
              110.610912,
              -6.712504
            ]
          ],
          [
            [
              110.610912,
              -6.712504
            ],
            [
              110.610947,
              -6.712487
            ]
          ],
          [
            [
              110.610947,
              -6.712487
            ],
            [
              110.610982,
              -6.712367
            ]
          ],
          [
            [
              110.610982,
              -6.712367
            ],
            [
              110.610961,
              -6.712323
            ]
          ],
          [
            [
              110.610961,
              -6.712323
            ],
            [
              110.610883,
              -6.712285
            ]
          ],
          [
            [
              110.610883,
              -6.712285
            ],
            [
              110.610845,
              -6.712243
            ]
          ],
          [
            [
              110.610845,
              -6.712243
            ],
            [
              110.610885,
              -6.712154
            ]
          ],
          [
            [
              110.610885,
              -6.712154
            ],
            [
              110.611174,
              -6.711916
            ]
          ],
          [
            [
              110.611174,
              -6.711916
            ],
            [
              110.611233,
              -6.711841
            ]
          ],
          [
            [
              110.611233,
              -6.711841
            ],
            [
              110.611338,
              -6.711782
            ]
          ],
          [
            [
              110.611338,
              -6.711782
            ],
            [
              110.61139,
              -6.711782
            ]
          ],
          [
            [
              110.61139,
              -6.711782
            ],
            [
              110.611677,
              -6.711954
            ]
          ],
          [
            [
              110.611677,
              -6.711954
            ],
            [
              110.611865,
              -6.711951
            ]
          ],
          [
            [
              110.611865,
              -6.711951
            ],
            [
              110.611941,
              -6.711919
            ]
          ],
          [
            [
              110.611941,
              -6.711919
            ],
            [
              110.612035,
              -6.71175
            ]
          ],
          [
            [
              110.612035,
              -6.71175
            ],
            [
              110.612231,
              -6.711503
            ]
          ],
          [
            [
              110.612231,
              -6.711503
            ],
            [
              110.612232,
              -6.711391
            ]
          ],
          [
            [
              110.612232,
              -6.711391
            ],
            [
              110.612263,
              -6.71135
            ]
          ],
          [
            [
              110.612263,
              -6.71135
            ],
            [
              110.612349,
              -6.711297
            ]
          ],
          [
            [
              110.612349,
              -6.711297
            ],
            [
              110.61245,
              -6.7113
            ]
          ],
          [
            [
              110.61245,
              -6.7113
            ],
            [
              110.612465,
              -6.711245
            ]
          ],
          [
            [
              110.612465,
              -6.711245
            ],
            [
              110.612445,
              -6.711168
            ]
          ],
          [
            [
              110.612445,
              -6.711168
            ],
            [
              110.612453,
              -6.711134
            ]
          ],
          [
            [
              110.612453,
              -6.711134
            ],
            [
              110.612772,
              -6.710836
            ]
          ],
          [
            [
              110.612772,
              -6.710836
            ],
            [
              110.612877,
              -6.710703
            ]
          ],
          [
            [
              110.612877,
              -6.710703
            ],
            [
              110.613157,
              -6.710589
            ]
          ],
          [
            [
              110.613157,
              -6.710589
            ],
            [
              110.613343,
              -6.710603
            ]
          ],
          [
            [
              110.613343,
              -6.710603
            ],
            [
              110.613396,
              -6.710576
            ]
          ],
          [
            [
              110.613396,
              -6.710576
            ],
            [
              110.613454,
              -6.710431
            ]
          ],
          [
            [
              110.613454,
              -6.710431
            ],
            [
              110.613493,
              -6.710388
            ]
          ],
          [
            [
              110.613493,
              -6.710388
            ],
            [
              110.613514,
              -6.710314
            ]
          ],
          [
            [
              110.613514,
              -6.710314
            ],
            [
              110.613573,
              -6.710272
            ]
          ],
          [
            [
              110.613573,
              -6.710272
            ],
            [
              110.613624,
              -6.710203
            ]
          ],
          [
            [
              110.613624,
              -6.710203
            ],
            [
              110.613646,
              -6.710123
            ]
          ],
          [
            [
              110.613646,
              -6.710123
            ],
            [
              110.614156,
              -6.709735
            ]
          ],
          [
            [
              110.614156,
              -6.709735
            ],
            [
              110.614294,
              -6.709654
            ]
          ],
          [
            [
              110.614294,
              -6.709654
            ],
            [
              110.614405,
              -6.709506
            ]
          ],
          [
            [
              110.614405,
              -6.709506
            ],
            [
              110.614425,
              -6.709442
            ]
          ],
          [
            [
              110.614425,
              -6.709442
            ],
            [
              110.614412,
              -6.709366
            ]
          ],
          [
            [
              110.614412,
              -6.709366
            ],
            [
              110.614385,
              -6.709315
            ]
          ],
          [
            [
              110.614385,
              -6.709315
            ],
            [
              110.614322,
              -6.709279
            ]
          ],
          [
            [
              110.614322,
              -6.709279
            ],
            [
              110.614144,
              -6.709221
            ]
          ],
          [
            [
              110.614144,
              -6.709221
            ],
            [
              110.613942,
              -6.709111
            ]
          ],
          [
            [
              110.613942,
              -6.709111
            ],
            [
              110.613891,
              -6.709053
            ]
          ],
          [
            [
              110.613891,
              -6.709053
            ],
            [
              110.613899,
              -6.709016
            ]
          ],
          [
            [
              110.613899,
              -6.709016
            ],
            [
              110.613948,
              -6.708946
            ]
          ],
          [
            [
              110.613948,
              -6.708946
            ],
            [
              110.613936,
              -6.708697
            ]
          ],
          [
            [
              110.613936,
              -6.708697
            ],
            [
              110.613945,
              -6.708671
            ]
          ],
          [
            [
              110.613945,
              -6.708671
            ],
            [
              110.614118,
              -6.7085
            ]
          ],
          [
            [
              110.614118,
              -6.7085
            ],
            [
              110.61415,
              -6.708425
            ]
          ],
          [
            [
              110.61415,
              -6.708425
            ],
            [
              110.614147,
              -6.708357
            ]
          ],
          [
            [
              110.614147,
              -6.708357
            ],
            [
              110.614217,
              -6.708254
            ]
          ],
          [
            [
              110.614217,
              -6.708254
            ],
            [
              110.61431,
              -6.708191
            ]
          ],
          [
            [
              110.61431,
              -6.708191
            ],
            [
              110.614403,
              -6.70817
            ]
          ],
          [
            [
              110.614403,
              -6.70817
            ],
            [
              110.614702,
              -6.70792
            ]
          ],
          [
            [
              110.614702,
              -6.70792
            ],
            [
              110.614851,
              -6.707765
            ]
          ],
          [
            [
              110.614851,
              -6.707765
            ],
            [
              110.614982,
              -6.707692
            ]
          ],
          [
            [
              110.614982,
              -6.707692
            ],
            [
              110.615108,
              -6.707683
            ]
          ],
          [
            [
              110.615108,
              -6.707683
            ],
            [
              110.61518,
              -6.707694
            ]
          ],
          [
            [
              110.61518,
              -6.707694
            ],
            [
              110.615215,
              -6.707682
            ]
          ],
          [
            [
              110.615215,
              -6.707682
            ],
            [
              110.615274,
              -6.707612
            ]
          ],
          [
            [
              110.615274,
              -6.707612
            ],
            [
              110.615302,
              -6.707608
            ]
          ],
          [
            [
              110.615302,
              -6.707608
            ],
            [
              110.615329,
              -6.707626
            ]
          ],
          [
            [
              110.615329,
              -6.707626
            ],
            [
              110.615349,
              -6.707666
            ]
          ],
          [
            [
              110.615349,
              -6.707666
            ],
            [
              110.615417,
              -6.707692
            ]
          ],
          [
            [
              110.615417,
              -6.707692
            ],
            [
              110.61544,
              -6.70771
            ]
          ],
          [
            [
              110.61544,
              -6.70771
            ],
            [
              110.61547,
              -6.708089
            ]
          ],
          [
            [
              110.61547,
              -6.708089
            ],
            [
              110.615505,
              -6.708186
            ]
          ],
          [
            [
              110.615505,
              -6.708186
            ],
            [
              110.615575,
              -6.708238
            ]
          ],
          [
            [
              110.615575,
              -6.708238
            ],
            [
              110.615647,
              -6.708351
            ]
          ],
          [
            [
              110.615647,
              -6.708351
            ],
            [
              110.615712,
              -6.708404
            ]
          ],
          [
            [
              110.615712,
              -6.708404
            ],
            [
              110.615811,
              -6.708445
            ]
          ],
          [
            [
              110.615811,
              -6.708445
            ],
            [
              110.615826,
              -6.708506
            ]
          ],
          [
            [
              110.615826,
              -6.708506
            ],
            [
              110.615807,
              -6.7086
            ]
          ],
          [
            [
              110.615807,
              -6.7086
            ],
            [
              110.616208,
              -6.708802
            ]
          ],
          [
            [
              110.616208,
              -6.708802
            ],
            [
              110.616428,
              -6.708462
            ]
          ],
          [
            [
              110.616428,
              -6.708462
            ],
            [
              110.616439,
              -6.708394
            ]
          ],
          [
            [
              110.616439,
              -6.708394
            ],
            [
              110.616416,
              -6.708309
            ]
          ],
          [
            [
              110.616416,
              -6.708309
            ],
            [
              110.616433,
              -6.708292
            ]
          ],
          [
            [
              110.616433,
              -6.708292
            ],
            [
              110.616465,
              -6.70829
            ]
          ],
          [
            [
              110.616465,
              -6.70829
            ],
            [
              110.616915,
              -6.708678
            ]
          ]
        ]
      },
      "properties": {
        "OBJECTID": 40263,
        "NAMOBJ": "Garis Pantai",
        "REMARK": "Penyesuaian Citra Bing Maps 2020",
        "METADATA": " ",
        "DTMVER": null,
        "KARGPN": 2,
        "TIPGPN": 4,
        "KODGPN": " ",
        "THNSBDATA": "2020",
        "SBDATA": 6,
        "SKL": 1,
        "THNPBL": "2022",
        "KET": "RTRW Jepara"
      }
    },
    {
      "type": "Feature",
      "id": 40455,
      "geometry": {
        "type": "MultiLineString",
        "coordinates": [
          [
            [
              110.626758,
              -6.690731
            ],
            [
              110.627076,
              -6.690328
            ]
          ]
        ]
      },
      "properties": {
        "OBJECTID": 40455,
        "NAMOBJ": "Garis Penutup Sungai",
        "REMARK": "Penyesuaian Citra Bing Maps 2020",
        "METADATA": " ",
        "DTMVER": 0,
        "KARGPN": 999,
        "TIPGPN": 999,
        "KODGPN": " ",
        "THNSBDATA": "2020",
        "SBDATA": 6,
        "SKL": 1,
        "THNPBL": "2022",
        "KET": "RTRW Jepara"
      }
    },
    {
      "type": "Feature",
      "id": 40265,
      "geometry": {
        "type": "MultiLineString",
        "coordinates": [
          [
            [
              110.627076,
              -6.690328
            ],
            [
              110.627109,
              -6.690257
            ]
          ],
          [
            [
              110.627109,
              -6.690257
            ],
            [
              110.628287,
              -6.688767
            ]
          ],
          [
            [
              110.628287,
              -6.688767
            ],
            [
              110.628379,
              -6.688578
            ]
          ],
          [
            [
              110.628379,
              -6.688578
            ],
            [
              110.628372,
              -6.688542
            ]
          ],
          [
            [
              110.628372,
              -6.688542
            ],
            [
              110.628288,
              -6.688417
            ]
          ],
          [
            [
              110.628288,
              -6.688417
            ],
            [
              110.628288,
              -6.68836
            ]
          ],
          [
            [
              110.628288,
              -6.68836
            ],
            [
              110.62832,
              -6.688304
            ]
          ],
          [
            [
              110.62832,
              -6.688304
            ],
            [
              110.628993,
              -6.687372
            ]
          ],
          [
            [
              110.628993,
              -6.687372
            ],
            [
              110.629522,
              -6.686548
            ]
          ],
          [
            [
              110.629522,
              -6.686548
            ],
            [
              110.629782,
              -6.686086
            ]
          ],
          [
            [
              110.629782,
              -6.686086
            ],
            [
              110.62991,
              -6.685892
            ]
          ],
          [
            [
              110.62991,
              -6.685892
            ],
            [
              110.629969,
              -6.68585
            ]
          ]
        ]
      },
      "properties": {
        "OBJECTID": 40265,
        "NAMOBJ": "Garis Pantai",
        "REMARK": "Penyesuaian Citra Bing Maps 2020",
        "METADATA": " ",
        "DTMVER": 0,
        "KARGPN": 5,
        "TIPGPN": 4,
        "KODGPN": " ",
        "THNSBDATA": "2020",
        "SBDATA": 6,
        "SKL": 1,
        "THNPBL": "2022",
        "KET": "RTRW Jepara"
      }
    },
    {
      "type": "Feature",
      "id": 40450,
      "geometry": {
        "type": "MultiLineString",
        "coordinates": [
          [
            [
              110.634259,
              -6.678318
            ],
            [
              110.634384,
              -6.67801
            ]
          ]
        ]
      },
      "properties": {
        "OBJECTID": 40450,
        "NAMOBJ": "Garis Penutup Sungai",
        "REMARK": "Penyesuaian Citra Bing Maps 2020",
        "METADATA": " ",
        "DTMVER": 0,
        "KARGPN": 999,
        "TIPGPN": 999,
        "KODGPN": " ",
        "THNSBDATA": "2020",
        "SBDATA": 6,
        "SKL": 1,
        "THNPBL": "2022",
        "KET": "RTRW Jepara"
      }
    },
    {
      "type": "Feature",
      "id": 40280,
      "geometry": {
        "type": "MultiLineString",
        "coordinates": [
          [
            [
              110.652237,
              -6.591983
            ],
            [
              110.652005,
              -6.591898
            ]
          ],
          [
            [
              110.652005,
              -6.591898
            ],
            [
              110.652022,
              -6.591779
            ]
          ],
          [
            [
              110.652022,
              -6.591779
            ],
            [
              110.651984,
              -6.591736
            ]
          ],
          [
            [
              110.651984,
              -6.591736
            ],
            [
              110.651964,
              -6.591725
            ]
          ],
          [
            [
              110.651964,
              -6.591725
            ],
            [
              110.651933,
              -6.591747
            ]
          ],
          [
            [
              110.651933,
              -6.591747
            ],
            [
              110.651789,
              -6.591697
            ]
          ],
          [
            [
              110.651789,
              -6.591697
            ],
            [
              110.651754,
              -6.591723
            ]
          ],
          [
            [
              110.651754,
              -6.591723
            ],
            [
              110.651719,
              -6.591706
            ]
          ],
          [
            [
              110.651719,
              -6.591706
            ],
            [
              110.651702,
              -6.591601
            ]
          ],
          [
            [
              110.651702,
              -6.591601
            ],
            [
              110.651688,
              -6.591591
            ]
          ],
          [
            [
              110.651688,
              -6.591591
            ],
            [
              110.651642,
              -6.591605
            ]
          ],
          [
            [
              110.651642,
              -6.591605
            ],
            [
              110.651622,
              -6.591801
            ]
          ],
          [
            [
              110.651622,
              -6.591801
            ],
            [
              110.651377,
              -6.591799
            ]
          ],
          [
            [
              110.651377,
              -6.591799
            ],
            [
              110.651306,
              -6.592093
            ]
          ],
          [
            [
              110.651306,
              -6.592093
            ],
            [
              110.651175,
              -6.592045
            ]
          ],
          [
            [
              110.651175,
              -6.592045
            ],
            [
              110.651245,
              -6.591778
            ]
          ],
          [
            [
              110.651245,
              -6.591778
            ],
            [
              110.651242,
              -6.59174
            ]
          ],
          [
            [
              110.651242,
              -6.59174
            ],
            [
              110.651235,
              -6.591718
            ]
          ],
          [
            [
              110.651235,
              -6.591718
            ],
            [
              110.651133,
              -6.591656
            ]
          ],
          [
            [
              110.651133,
              -6.591656
            ],
            [
              110.651045,
              -6.591642
            ]
          ],
          [
            [
              110.651045,
              -6.591642
            ],
            [
              110.650931,
              -6.591666
            ]
          ],
          [
            [
              110.650931,
              -6.591666
            ],
            [
              110.650927,
              -6.591798
            ]
          ],
          [
            [
              110.650927,
              -6.591798
            ],
            [
              110.650853,
              -6.591798
            ]
          ],
          [
            [
              110.650853,
              -6.591798
            ],
            [
              110.650852,
              -6.591771
            ]
          ],
          [
            [
              110.650852,
              -6.591771
            ],
            [
              110.650832,
              -6.591773
            ]
          ],
          [
            [
              110.650832,
              -6.591773
            ],
            [
              110.650829,
              -6.59191
            ]
          ],
          [
            [
              110.650829,
              -6.59191
            ],
            [
              110.650544,
              -6.591907
            ]
          ],
          [
            [
              110.650544,
              -6.591907
            ],
            [
              110.650542,
              -6.591865
            ]
          ],
          [
            [
              110.650542,
              -6.591865
            ],
            [
              110.650573,
              -6.591866
            ]
          ],
          [
            [
              110.650573,
              -6.591866
            ],
            [
              110.650562,
              -6.591669
            ]
          ],
          [
            [
              110.650562,
              -6.591669
            ],
            [
              110.650529,
              -6.591573
            ]
          ],
          [
            [
              110.650529,
              -6.591573
            ],
            [
              110.650505,
              -6.591549
            ]
          ],
          [
            [
              110.650505,
              -6.591549
            ],
            [
              110.650451,
              -6.591538
            ]
          ],
          [
            [
              110.650451,
              -6.591538
            ],
            [
              110.650384,
              -6.59154
            ]
          ],
          [
            [
              110.650384,
              -6.59154
            ],
            [
              110.65028,
              -6.591582
            ]
          ],
          [
            [
              110.65028,
              -6.591582
            ],
            [
              110.650228,
              -6.591574
            ]
          ],
          [
            [
              110.650228,
              -6.591574
            ],
            [
              110.650179,
              -6.591547
            ]
          ],
          [
            [
              110.650179,
              -6.591547
            ],
            [
              110.650088,
              -6.591429
            ]
          ]
        ]
      },
      "properties": {
        "OBJECTID": 40280,
        "NAMOBJ": "Garis Pantai",
        "REMARK": "Penyesuaian Citra Bing Maps 2020",
        "METADATA": " ",
        "DTMVER": 0,
        "KARGPN": 5,
        "TIPGPN": 4,
        "KODGPN": " ",
        "THNSBDATA": "2020",
        "SBDATA": 6,
        "SKL": 1,
        "THNPBL": "2022",
        "KET": "RTRW Jepara"
      }
    },
    {
      "type": "Feature",
      "id": 40436,
      "geometry": {
        "type": "MultiLineString",
        "coordinates": [
          [
            [
              110.654015,
              -6.592596
            ],
            [
              110.653927,
              -6.592491
            ]
          ]
        ]
      },
      "properties": {
        "OBJECTID": 40436,
        "NAMOBJ": "Garis Penutup Sungai",
        "REMARK": "Penyesuaian Citra Bing Maps 2020",
        "METADATA": " ",
        "DTMVER": 0,
        "KARGPN": 999,
        "TIPGPN": 999,
        "KODGPN": " ",
        "THNSBDATA": "2020",
        "SBDATA": 6,
        "SKL": 1,
        "THNPBL": "2022",
        "KET": "RTRW Jepara"
      }
    },
    {
      "type": "Feature",
      "id": 40272,
      "geometry": {
        "type": "MultiLineString",
        "coordinates": [
          [
            [
              110.654932,
              -6.594182
            ],
            [
              110.654511,
              -6.593119
            ]
          ],
          [
            [
              110.654511,
              -6.593119
            ],
            [
              110.654326,
              -6.592804
            ]
          ],
          [
            [
              110.654326,
              -6.592804
            ],
            [
              110.654212,
              -6.592676
            ]
          ],
          [
            [
              110.654212,
              -6.592676
            ],
            [
              110.654181,
              -6.592656
            ]
          ],
          [
            [
              110.654181,
              -6.592656
            ],
            [
              110.654105,
              -6.592746
            ]
          ],
          [
            [
              110.654105,
              -6.592746
            ],
            [
              110.653985,
              -6.592627
            ]
          ],
          [
            [
              110.653985,
              -6.592627
            ],
            [
              110.654015,
              -6.592596
            ]
          ]
        ]
      },
      "properties": {
        "OBJECTID": 40272,
        "NAMOBJ": "Garis Pantai",
        "REMARK": "Penyesuaian Citra Bing Maps 2020",
        "METADATA": " ",
        "DTMVER": 0,
        "KARGPN": 5,
        "TIPGPN": 4,
        "KODGPN": " ",
        "THNSBDATA": "2020",
        "SBDATA": 6,
        "SKL": 1,
        "THNPBL": "2022",
        "KET": "RTRW Jepara"
      }
    },
    {
      "type": "Feature",
      "id": 40463,
      "geometry": {
        "type": "MultiLineString",
        "coordinates": [
          [
            [
              110.629489,
              -6.577958
            ],
            [
              110.629302,
              -6.577866
            ]
          ],
          [
            [
              110.629302,
              -6.577866
            ],
            [
              110.628976,
              -6.577816
            ]
          ],
          [
            [
              110.628976,
              -6.577816
            ],
            [
              110.628889,
              -6.577793
            ]
          ],
          [
            [
              110.628889,
              -6.577793
            ],
            [
              110.62882,
              -6.577751
            ]
          ],
          [
            [
              110.62882,
              -6.577751
            ],
            [
              110.628723,
              -6.577655
            ]
          ],
          [
            [
              110.628723,
              -6.577655
            ],
            [
              110.628703,
              -6.577623
            ]
          ],
          [
            [
              110.628703,
              -6.577623
            ],
            [
              110.628711,
              -6.5776
            ]
          ],
          [
            [
              110.628711,
              -6.5776
            ],
            [
              110.628792,
              -6.577594
            ]
          ],
          [
            [
              110.628792,
              -6.577594
            ],
            [
              110.62888,
              -6.577649
            ]
          ],
          [
            [
              110.62888,
              -6.577649
            ],
            [
              110.62929,
              -6.57783
            ]
          ],
          [
            [
              110.62929,
              -6.57783
            ],
            [
              110.629358,
              -6.577835
            ]
          ],
          [
            [
              110.629358,
              -6.577835
            ],
            [
              110.629374,
              -6.577814
            ]
          ],
          [
            [
              110.629374,
              -6.577814
            ],
            [
              110.629312,
              -6.577707
            ]
          ],
          [
            [
              110.629312,
              -6.577707
            ],
            [
              110.629184,
              -6.577599
            ]
          ],
          [
            [
              110.629184,
              -6.577599
            ],
            [
              110.629106,
              -6.577561
            ]
          ],
          [
            [
              110.629106,
              -6.577561
            ],
            [
              110.628737,
              -6.577454
            ]
          ],
          [
            [
              110.628737,
              -6.577454
            ],
            [
              110.628452,
              -6.577248
            ]
          ],
          [
            [
              110.628452,
              -6.577248
            ],
            [
              110.628059,
              -6.576929
            ]
          ],
          [
            [
              110.628059,
              -6.576929
            ],
            [
              110.62759,
              -6.576504
            ]
          ],
          [
            [
              110.62759,
              -6.576504
            ],
            [
              110.627372,
              -6.576368
            ]
          ],
          [
            [
              110.627372,
              -6.576368
            ],
            [
              110.627029,
              -6.576225
            ]
          ],
          [
            [
              110.627029,
              -6.576225
            ],
            [
              110.626507,
              -6.575956
            ]
          ],
          [
            [
              110.626507,
              -6.575956
            ],
            [
              110.626227,
              -6.575897
            ]
          ],
          [
            [
              110.626227,
              -6.575897
            ],
            [
              110.626092,
              -6.575754
            ]
          ],
          [
            [
              110.626092,
              -6.575754
            ],
            [
              110.626026,
              -6.57575
            ]
          ],
          [
            [
              110.626026,
              -6.57575
            ],
            [
              110.625796,
              -6.575844
            ]
          ],
          [
            [
              110.625796,
              -6.575844
            ],
            [
              110.625674,
              -6.575851
            ]
          ],
          [
            [
              110.625674,
              -6.575851
            ],
            [
              110.625578,
              -6.575789
            ]
          ],
          [
            [
              110.625578,
              -6.575789
            ],
            [
              110.62543,
              -6.575568
            ]
          ],
          [
            [
              110.62543,
              -6.575568
            ],
            [
              110.625198,
              -6.575435
            ]
          ],
          [
            [
              110.625198,
              -6.575435
            ],
            [
              110.625151,
              -6.575379
            ]
          ],
          [
            [
              110.625151,
              -6.575379
            ],
            [
              110.625033,
              -6.575095
            ]
          ],
          [
            [
              110.625033,
              -6.575095
            ],
            [
              110.625019,
              -6.574978
            ]
          ],
          [
            [
              110.625019,
              -6.574978
            ],
            [
              110.625043,
              -6.574844
            ]
          ],
          [
            [
              110.625043,
              -6.574844
            ],
            [
              110.625058,
              -6.574814
            ]
          ],
          [
            [
              110.625058,
              -6.574814
            ],
            [
              110.625135,
              -6.574781
            ]
          ],
          [
            [
              110.625135,
              -6.574781
            ],
            [
              110.625566,
              -6.574313
            ]
          ],
          [
            [
              110.625566,
              -6.574313
            ],
            [
              110.625865,
              -6.573883
            ]
          ],
          [
            [
              110.625865,
              -6.573883
            ],
            [
              110.625904,
              -6.573802
            ]
          ],
          [
            [
              110.625904,
              -6.573802
            ],
            [
              110.625871,
              -6.573596
            ]
          ],
          [
            [
              110.625871,
              -6.573596
            ],
            [
              110.625889,
              -6.573543
            ]
          ],
          [
            [
              110.625889,
              -6.573543
            ],
            [
              110.625964,
              -6.57351
            ]
          ],
          [
            [
              110.625964,
              -6.57351
            ],
            [
              110.626034,
              -6.573515
            ]
          ],
          [
            [
              110.626034,
              -6.573515
            ],
            [
              110.626101,
              -6.573569
            ]
          ],
          [
            [
              110.626101,
              -6.573569
            ],
            [
              110.626152,
              -6.573679
            ]
          ],
          [
            [
              110.626152,
              -6.573679
            ],
            [
              110.62618,
              -6.573706
            ]
          ],
          [
            [
              110.62618,
              -6.573706
            ],
            [
              110.626259,
              -6.57374
            ]
          ],
          [
            [
              110.626259,
              -6.57374
            ],
            [
              110.626326,
              -6.573746
            ]
          ],
          [
            [
              110.626326,
              -6.573746
            ],
            [
              110.626718,
              -6.573703
            ]
          ],
          [
            [
              110.626718,
              -6.573703
            ],
            [
              110.627068,
              -6.573694
            ]
          ],
          [
            [
              110.627068,
              -6.573694
            ],
            [
              110.627366,
              -6.573612
            ]
          ],
          [
            [
              110.627366,
              -6.573612
            ],
            [
              110.627556,
              -6.57358
            ]
          ],
          [
            [
              110.627556,
              -6.57358
            ],
            [
              110.627695,
              -6.573577
            ]
          ],
          [
            [
              110.627695,
              -6.573577
            ],
            [
              110.628004,
              -6.573616
            ]
          ],
          [
            [
              110.628004,
              -6.573616
            ],
            [
              110.628434,
              -6.573744
            ]
          ],
          [
            [
              110.628434,
              -6.573744
            ],
            [
              110.628842,
              -6.573788
            ]
          ],
          [
            [
              110.628842,
              -6.573788
            ],
            [
              110.629367,
              -6.573885
            ]
          ],
          [
            [
              110.629367,
              -6.573885
            ],
            [
              110.629892,
              -6.573949
            ]
          ],
          [
            [
              110.629892,
              -6.573949
            ],
            [
              110.62993,
              -6.573994
            ]
          ],
          [
            [
              110.62993,
              -6.573994
            ],
            [
              110.629949,
              -6.574064
            ]
          ],
          [
            [
              110.629949,
              -6.574064
            ],
            [
              110.629892,
              -6.5743
            ]
          ],
          [
            [
              110.629892,
              -6.5743
            ],
            [
              110.629883,
              -6.574409
            ]
          ],
          [
            [
              110.629883,
              -6.574409
            ],
            [
              110.629975,
              -6.574655
            ]
          ],
          [
            [
              110.629975,
              -6.574655
            ],
            [
              110.630051,
              -6.57494
            ]
          ],
          [
            [
              110.630051,
              -6.57494
            ],
            [
              110.630111,
              -6.575054
            ]
          ],
          [
            [
              110.630111,
              -6.575054
            ],
            [
              110.630531,
              -6.57552
            ]
          ],
          [
            [
              110.630531,
              -6.57552
            ],
            [
              110.630665,
              -6.575683
            ]
          ],
          [
            [
              110.630665,
              -6.575683
            ],
            [
              110.630732,
              -6.575797
            ]
          ],
          [
            [
              110.630732,
              -6.575797
            ],
            [
              110.630762,
              -6.57588
            ]
          ],
          [
            [
              110.630762,
              -6.57588
            ],
            [
              110.630806,
              -6.576122
            ]
          ],
          [
            [
              110.630806,
              -6.576122
            ],
            [
              110.630817,
              -6.576688
            ]
          ],
          [
            [
              110.630817,
              -6.576688
            ],
            [
              110.63093,
              -6.577335
            ]
          ],
          [
            [
              110.63093,
              -6.577335
            ],
            [
              110.631091,
              -6.577494
            ]
          ],
          [
            [
              110.631091,
              -6.577494
            ],
            [
              110.631147,
              -6.577569
            ]
          ],
          [
            [
              110.631147,
              -6.577569
            ],
            [
              110.631173,
              -6.57766
            ]
          ],
          [
            [
              110.631173,
              -6.57766
            ],
            [
              110.631162,
              -6.577701
            ]
          ],
          [
            [
              110.631162,
              -6.577701
            ],
            [
              110.63112,
              -6.577755
            ]
          ],
          [
            [
              110.63112,
              -6.577755
            ],
            [
              110.631088,
              -6.577771
            ]
          ],
          [
            [
              110.631088,
              -6.577771
            ],
            [
              110.631065,
              -6.57777
            ]
          ],
          [
            [
              110.631065,
              -6.57777
            ],
            [
              110.630997,
              -6.577686
            ]
          ],
          [
            [
              110.630997,
              -6.577686
            ],
            [
              110.630849,
              -6.577685
            ]
          ],
          [
            [
              110.630849,
              -6.577685
            ],
            [
              110.630352,
              -6.57789
            ]
          ],
          [
            [
              110.630352,
              -6.57789
            ],
            [
              110.630296,
              -6.577931
            ]
          ],
          [
            [
              110.630296,
              -6.577931
            ],
            [
              110.630173,
              -6.578076
            ]
          ],
          [
            [
              110.630173,
              -6.578076
            ],
            [
              110.63006,
              -6.578143
            ]
          ],
          [
            [
              110.63006,
              -6.578143
            ],
            [
              110.629931,
              -6.578139
            ]
          ],
          [
            [
              110.629931,
              -6.578139
            ],
            [
              110.629733,
              -6.578084
            ]
          ],
          [
            [
              110.629733,
              -6.578084
            ],
            [
              110.629489,
              -6.577958
            ]
          ]
        ]
      },
      "properties": {
        "OBJECTID": 40463,
        "NAMOBJ": "Garis Pantai",
        "REMARK": "Penyesuaian Citra Bing Maps 2020 P. Panjang ",
        "METADATA": " ",
        "DTMVER": 0,
        "KARGPN": 5,
        "TIPGPN": 4,
        "KODGPN": " ",
        "THNSBDATA": "2020",
        "SBDATA": 6,
        "SKL": 1,
        "THNPBL": "2022",
        "KET": " RTRW Jepara"
      }
    },
    {
      "type": "Feature",
      "id": 40274,
      "geometry": {
        "type": "MultiLineString",
        "coordinates": [
          [
            [
              110.647658,
              -6.585437
            ],
            [
              110.647599,
              -6.58565
            ]
          ]
        ]
      },
      "properties": {
        "OBJECTID": 40274,
        "NAMOBJ": "Garis Pantai",
        "REMARK": "HAT_TERESTRIS",
        "METADATA": " ",
        "DTMVER": 0,
        "KARGPN": 5,
        "TIPGPN": 2,
        "KODGPN": " ",
        "THNSBDATA": "2016",
        "SBDATA": 1,
        "SKL": 3,
        "THNPBL": "2022",
        "KET": null
      }
    },
    {
      "type": "Feature",
      "id": 40281,
      "geometry": {
        "type": "MultiLineString",
        "coordinates": [
          [
            [
              110.650088,
              -6.591429
            ],
            [
              110.650029,
              -6.591387
            ]
          ],
          [
            [
              110.650029,
              -6.591387
            ],
            [
              110.649929,
              -6.591373
            ]
          ],
          [
            [
              110.649929,
              -6.591373
            ],
            [
              110.649509,
              -6.5914
            ]
          ],
          [
            [
              110.649509,
              -6.5914
            ],
            [
              110.649281,
              -6.5914
            ]
          ],
          [
            [
              110.649281,
              -6.5914
            ],
            [
              110.649046,
              -6.591378
            ]
          ],
          [
            [
              110.649046,
              -6.591378
            ],
            [
              110.648846,
              -6.591301
            ]
          ],
          [
            [
              110.648846,
              -6.591301
            ],
            [
              110.648814,
              -6.591258
            ]
          ],
          [
            [
              110.648814,
              -6.591258
            ],
            [
              110.648455,
              -6.591061
            ]
          ],
          [
            [
              110.648455,
              -6.591061
            ],
            [
              110.64824,
              -6.59097
            ]
          ],
          [
            [
              110.64824,
              -6.59097
            ],
            [
              110.648192,
              -6.591031
            ]
          ],
          [
            [
              110.648192,
              -6.591031
            ],
            [
              110.647842,
              -6.59083
            ]
          ],
          [
            [
              110.647842,
              -6.59083
            ],
            [
              110.647696,
              -6.591022
            ]
          ],
          [
            [
              110.647696,
              -6.591022
            ],
            [
              110.647516,
              -6.5909
            ]
          ],
          [
            [
              110.647516,
              -6.5909
            ],
            [
              110.647214,
              -6.591295
            ]
          ],
          [
            [
              110.647214,
              -6.591295
            ],
            [
              110.647131,
              -6.591429
            ]
          ],
          [
            [
              110.647131,
              -6.591429
            ],
            [
              110.64712,
              -6.591545
            ]
          ],
          [
            [
              110.64712,
              -6.591545
            ],
            [
              110.647177,
              -6.591543
            ]
          ],
          [
            [
              110.647177,
              -6.591543
            ],
            [
              110.647259,
              -6.591686
            ]
          ],
          [
            [
              110.647259,
              -6.591686
            ],
            [
              110.647168,
              -6.591755
            ]
          ],
          [
            [
              110.647168,
              -6.591755
            ],
            [
              110.647166,
              -6.59181
            ]
          ],
          [
            [
              110.647166,
              -6.59181
            ],
            [
              110.647255,
              -6.591985
            ]
          ],
          [
            [
              110.647255,
              -6.591985
            ],
            [
              110.647173,
              -6.592028
            ]
          ],
          [
            [
              110.647173,
              -6.592028
            ],
            [
              110.647015,
              -6.591766
            ]
          ],
          [
            [
              110.647015,
              -6.591766
            ],
            [
              110.646976,
              -6.591667
            ]
          ],
          [
            [
              110.646976,
              -6.591667
            ],
            [
              110.646942,
              -6.591435
            ]
          ]
        ]
      },
      "properties": {
        "OBJECTID": 40281,
        "NAMOBJ": "Garis Pantai",
        "REMARK": "Penyesuaian Citra Bing Maps 2020",
        "METADATA": " ",
        "DTMVER": 0,
        "KARGPN": 5,
        "TIPGPN": 4,
        "KODGPN": " ",
        "THNSBDATA": "2020",
        "SBDATA": 6,
        "SKL": 1,
        "THNPBL": "2022",
        "KET": "RTRW Jepara"
      }
    },
    {
      "type": "Feature",
      "id": 40279,
      "geometry": {
        "type": "MultiLineString",
        "coordinates": [
          [
            [
              110.65001,
              -6.554377
            ],
            [
              110.650065,
              -6.554355
            ]
          ],
          [
            [
              110.650065,
              -6.554355
            ],
            [
              110.650168,
              -6.554264
            ]
          ],
          [
            [
              110.650168,
              -6.554264
            ],
            [
              110.650251,
              -6.554246
            ]
          ],
          [
            [
              110.650251,
              -6.554246
            ],
            [
              110.650423,
              -6.554265
            ]
          ],
          [
            [
              110.650423,
              -6.554265
            ],
            [
              110.650535,
              -6.554356
            ]
          ],
          [
            [
              110.650535,
              -6.554356
            ],
            [
              110.650597,
              -6.554582
            ]
          ],
          [
            [
              110.650597,
              -6.554582
            ],
            [
              110.650717,
              -6.554658
            ]
          ],
          [
            [
              110.650717,
              -6.554658
            ],
            [
              110.650866,
              -6.554704
            ]
          ]
        ]
      },
      "properties": {
        "OBJECTID": 40279,
        "NAMOBJ": "Garis Pantai",
        "REMARK": "Penyesuaian Citra Bing Maps 2020",
        "METADATA": " ",
        "DTMVER": 0,
        "KARGPN": 5,
        "TIPGPN": 4,
        "KODGPN": " ",
        "THNSBDATA": "2020",
        "SBDATA": 6,
        "SKL": 1,
        "THNPBL": "2022",
        "KET": "RTRW Jepara"
      }
    },
    {
      "type": "Feature",
      "id": 40435,
      "geometry": {
        "type": "MultiLineString",
        "coordinates": [
          [
            [
              110.653927,
              -6.592491
            ],
            [
              110.653682,
              -6.592297
            ]
          ],
          [
            [
              110.653682,
              -6.592297
            ],
            [
              110.653646,
              -6.592319
            ]
          ],
          [
            [
              110.653646,
              -6.592319
            ],
            [
              110.653599,
              -6.592291
            ]
          ],
          [
            [
              110.653599,
              -6.592291
            ],
            [
              110.653582,
              -6.592301
            ]
          ],
          [
            [
              110.653582,
              -6.592301
            ],
            [
              110.653525,
              -6.592252
            ]
          ],
          [
            [
              110.653525,
              -6.592252
            ],
            [
              110.653487,
              -6.592256
            ]
          ],
          [
            [
              110.653487,
              -6.592256
            ],
            [
              110.653407,
              -6.592351
            ]
          ],
          [
            [
              110.653407,
              -6.592351
            ],
            [
              110.653243,
              -6.592252
            ]
          ],
          [
            [
              110.653243,
              -6.592252
            ],
            [
              110.652893,
              -6.592101
            ]
          ],
          [
            [
              110.652893,
              -6.592101
            ],
            [
              110.652839,
              -6.592096
            ]
          ],
          [
            [
              110.652839,
              -6.592096
            ],
            [
              110.652779,
              -6.592016
            ]
          ],
          [
            [
              110.652779,
              -6.592016
            ],
            [
              110.652731,
              -6.592007
            ]
          ],
          [
            [
              110.652731,
              -6.592007
            ],
            [
              110.652662,
              -6.592164
            ]
          ],
          [
            [
              110.652662,
              -6.592164
            ],
            [
              110.652227,
              -6.592046
            ]
          ],
          [
            [
              110.652227,
              -6.592046
            ],
            [
              110.652237,
              -6.591983
            ]
          ]
        ]
      },
      "properties": {
        "OBJECTID": 40435,
        "NAMOBJ": "Garis Pantai",
        "REMARK": "Penyesuaian Citra Bing Maps 2020",
        "METADATA": " ",
        "DTMVER": 0,
        "KARGPN": 5,
        "TIPGPN": 4,
        "KODGPN": " ",
        "THNSBDATA": "2020",
        "SBDATA": 6,
        "SKL": 1,
        "THNPBL": "2022",
        "KET": "RTRW Jepara"
      }
    },
    {
      "type": "Feature",
      "id": 40437,
      "geometry": {
        "type": "MultiLineString",
        "coordinates": [
          [
            [
              110.655157,
              -6.596697
            ],
            [
              110.655162,
              -6.596424
            ]
          ],
          [
            [
              110.655162,
              -6.596424
            ],
            [
              110.655103,
              -6.596073
            ]
          ],
          [
            [
              110.655103,
              -6.596073
            ],
            [
              110.655086,
              -6.595221
            ]
          ],
          [
            [
              110.655086,
              -6.595221
            ],
            [
              110.65505,
              -6.594695
            ]
          ],
          [
            [
              110.65505,
              -6.594695
            ],
            [
              110.655035,
              -6.594575
            ]
          ],
          [
            [
              110.655035,
              -6.594575
            ],
            [
              110.654932,
              -6.594182
            ]
          ]
        ]
      },
      "properties": {
        "OBJECTID": 40437,
        "NAMOBJ": "Garis Pantai",
        "REMARK": "HAT_TERESTRIS",
        "METADATA": " ",
        "DTMVER": 0,
        "KARGPN": 5,
        "TIPGPN": 2,
        "KODGPN": " ",
        "THNSBDATA": "2016",
        "SBDATA": 1,
        "SKL": 3,
        "THNPBL": "2022",
        "KET": null
      }
    },
    {
      "type": "Feature",
      "id": 40429,
      "geometry": {
        "type": "MultiLineString",
        "coordinates": [
          [
            [
              110.656843,
              -6.582824
            ],
            [
              110.656866,
              -6.582802
            ]
          ],
          [
            [
              110.656866,
              -6.582802
            ],
            [
              110.656858,
              -6.582762
            ]
          ],
          [
            [
              110.656858,
              -6.582762
            ],
            [
              110.65679,
              -6.582638
            ]
          ],
          [
            [
              110.65679,
              -6.582638
            ],
            [
              110.656788,
              -6.582583
            ]
          ],
          [
            [
              110.656788,
              -6.582583
            ],
            [
              110.656768,
              -6.582559
            ]
          ],
          [
            [
              110.656768,
              -6.582559
            ],
            [
              110.656723,
              -6.582539
            ]
          ],
          [
            [
              110.656723,
              -6.582539
            ],
            [
              110.656557,
              -6.582522
            ]
          ],
          [
            [
              110.656557,
              -6.582522
            ],
            [
              110.656508,
              -6.582585
            ]
          ],
          [
            [
              110.656508,
              -6.582585
            ],
            [
              110.656442,
              -6.582537
            ]
          ],
          [
            [
              110.656442,
              -6.582537
            ],
            [
              110.65652,
              -6.582433
            ]
          ]
        ]
      },
      "properties": {
        "OBJECTID": 40429,
        "NAMOBJ": "Garis Pantai",
        "REMARK": "Penyesuaian Citra Bing Maps 2020",
        "METADATA": " ",
        "DTMVER": 0,
        "KARGPN": 5,
        "TIPGPN": 4,
        "KODGPN": " ",
        "THNSBDATA": "2020",
        "SBDATA": 6,
        "SKL": 1,
        "THNPBL": "2022",
        "KET": "RTRW Jepara"
      }
    },
    {
      "type": "Feature",
      "id": 1012,
      "geometry": {
        "type": "MultiLineString",
        "coordinates": [
          [
            [
              110.552639,
              -6.727727
            ],
            [
              110.552819,
              -6.727285
            ]
          ]
        ]
      },
      "properties": {
        "OBJECTID": 1012,
        "NAMOBJ": "Garis Penutup Sungai",
        "REMARK": " ",
        "METADATA": null,
        "DTMVER": 23,
        "KARGPN": 999,
        "TIPGPN": 999,
        "KODGPN": null,
        "THNSBDATA": "2017",
        "SBDATA": 1,
        "SKL": 3,
        "THNPBL": "2022",
        "KET": null
      }
    },
    {
      "type": "Feature",
      "id": 40451,
      "geometry": {
        "type": "MultiLineString",
        "coordinates": [
          [
            [
              110.622784,
              -6.69664
            ],
            [
              110.622534,
              -6.696589
            ]
          ],
          [
            [
              110.622534,
              -6.696589
            ],
            [
              110.622443,
              -6.696555
            ]
          ],
          [
            [
              110.622443,
              -6.696555
            ],
            [
              110.622358,
              -6.696459
            ]
          ],
          [
            [
              110.622358,
              -6.696459
            ],
            [
              110.622398,
              -6.696342
            ]
          ],
          [
            [
              110.622398,
              -6.696342
            ],
            [
              110.623142,
              -6.695397
            ]
          ],
          [
            [
              110.623142,
              -6.695397
            ],
            [
              110.623354,
              -6.695019
            ]
          ],
          [
            [
              110.623354,
              -6.695019
            ],
            [
              110.623589,
              -6.694761
            ]
          ],
          [
            [
              110.623589,
              -6.694761
            ],
            [
              110.623686,
              -6.694632
            ]
          ],
          [
            [
              110.623686,
              -6.694632
            ],
            [
              110.623907,
              -6.694252
            ]
          ],
          [
            [
              110.623907,
              -6.694252
            ],
            [
              110.624187,
              -6.693892
            ]
          ],
          [
            [
              110.624187,
              -6.693892
            ],
            [
              110.624372,
              -6.693561
            ]
          ],
          [
            [
              110.624372,
              -6.693561
            ],
            [
              110.624702,
              -6.693207
            ]
          ],
          [
            [
              110.624702,
              -6.693207
            ],
            [
              110.624936,
              -6.692909
            ]
          ],
          [
            [
              110.624936,
              -6.692909
            ],
            [
              110.62525,
              -6.692452
            ]
          ],
          [
            [
              110.62525,
              -6.692452
            ],
            [
              110.625298,
              -6.692368
            ]
          ],
          [
            [
              110.625298,
              -6.692368
            ],
            [
              110.625323,
              -6.692283
            ]
          ],
          [
            [
              110.625323,
              -6.692283
            ],
            [
              110.625483,
              -6.692038
            ]
          ],
          [
            [
              110.625483,
              -6.692038
            ],
            [
              110.625661,
              -6.691809
            ]
          ]
        ]
      },
      "properties": {
        "OBJECTID": 40451,
        "NAMOBJ": "Garis Pantai",
        "REMARK": "HAT_TERESTRIS",
        "METADATA": " ",
        "DTMVER": 0,
        "KARGPN": 5,
        "TIPGPN": 2,
        "KODGPN": " ",
        "THNSBDATA": "2016",
        "SBDATA": 1,
        "SKL": 3,
        "THNPBL": "2022",
        "KET": null
      }
    },
    {
      "type": "Feature",
      "id": 40452,
      "geometry": {
        "type": "MultiLineString",
        "coordinates": [
          [
            [
              110.630091,
              -6.685649
            ],
            [
              110.630037,
              -6.685612
            ]
          ],
          [
            [
              110.630037,
              -6.685612
            ],
            [
              110.630006,
              -6.685567
            ]
          ],
          [
            [
              110.630006,
              -6.685567
            ],
            [
              110.630007,
              -6.685494
            ]
          ],
          [
            [
              110.630007,
              -6.685494
            ],
            [
              110.630362,
              -6.684822
            ]
          ],
          [
            [
              110.630362,
              -6.684822
            ],
            [
              110.631176,
              -6.683609
            ]
          ],
          [
            [
              110.631176,
              -6.683609
            ],
            [
              110.631419,
              -6.683202
            ]
          ],
          [
            [
              110.631419,
              -6.683202
            ],
            [
              110.631677,
              -6.682813
            ]
          ],
          [
            [
              110.631677,
              -6.682813
            ],
            [
              110.631942,
              -6.68231
            ]
          ]
        ]
      },
      "properties": {
        "OBJECTID": 40452,
        "NAMOBJ": "Garis Pantai",
        "REMARK": "Penyesuaian Citra Bing Maps 2020",
        "METADATA": " ",
        "DTMVER": 0,
        "KARGPN": 5,
        "TIPGPN": 4,
        "KODGPN": " ",
        "THNSBDATA": "2020",
        "SBDATA": 6,
        "SKL": 1,
        "THNPBL": "2022",
        "KET": "RTRW Jepara"
      }
    },
    {
      "type": "Feature",
      "id": 40268,
      "geometry": {
        "type": "MultiLineString",
        "coordinates": [
          [
            [
              110.647279,
              -6.647201
            ],
            [
              110.647237,
              -6.647099
            ]
          ],
          [
            [
              110.647237,
              -6.647099
            ],
            [
              110.647229,
              -6.647039
            ]
          ],
          [
            [
              110.647229,
              -6.647039
            ],
            [
              110.647236,
              -6.646562
            ]
          ],
          [
            [
              110.647236,
              -6.646562
            ],
            [
              110.647201,
              -6.646429
            ]
          ],
          [
            [
              110.647201,
              -6.646429
            ],
            [
              110.647105,
              -6.646329
            ]
          ],
          [
            [
              110.647105,
              -6.646329
            ],
            [
              110.646969,
              -6.64613
            ]
          ],
          [
            [
              110.646969,
              -6.64613
            ],
            [
              110.64689,
              -6.645855
            ]
          ],
          [
            [
              110.64689,
              -6.645855
            ],
            [
              110.646794,
              -6.645706
            ]
          ],
          [
            [
              110.646794,
              -6.645706
            ],
            [
              110.646674,
              -6.64564
            ]
          ],
          [
            [
              110.646674,
              -6.64564
            ],
            [
              110.6466,
              -6.645278
            ]
          ],
          [
            [
              110.6466,
              -6.645278
            ],
            [
              110.646399,
              -6.644979
            ]
          ],
          [
            [
              110.646399,
              -6.644979
            ],
            [
              110.646324,
              -6.644815
            ]
          ],
          [
            [
              110.646324,
              -6.644815
            ],
            [
              110.646318,
              -6.644705
            ]
          ],
          [
            [
              110.646318,
              -6.644705
            ],
            [
              110.646355,
              -6.644624
            ]
          ],
          [
            [
              110.646355,
              -6.644624
            ],
            [
              110.646411,
              -6.644569
            ]
          ],
          [
            [
              110.646411,
              -6.644569
            ],
            [
              110.646539,
              -6.644494
            ]
          ]
        ]
      },
      "properties": {
        "OBJECTID": 40268,
        "NAMOBJ": "Garis Pantai",
        "REMARK": "Penyesuaian Citra Bing Maps 2020",
        "METADATA": " ",
        "DTMVER": 0,
        "KARGPN": 5,
        "TIPGPN": 4,
        "KODGPN": " ",
        "THNSBDATA": "2020",
        "SBDATA": 6,
        "SKL": 1,
        "THNPBL": "2022",
        "KET": "RTRW Jepara"
      }
    },
    {
      "type": "Feature",
      "id": 40420,
      "geometry": {
        "type": "MultiLineString",
        "coordinates": [
          [
            [
              110.655454,
              -6.565405
            ],
            [
              110.655216,
              -6.564925
            ]
          ],
          [
            [
              110.655216,
              -6.564925
            ],
            [
              110.655024,
              -6.56442
            ]
          ],
          [
            [
              110.655024,
              -6.56442
            ],
            [
              110.654873,
              -6.564081
            ]
          ],
          [
            [
              110.654873,
              -6.564081
            ],
            [
              110.654873,
              -6.564011
            ]
          ],
          [
            [
              110.654873,
              -6.564011
            ],
            [
              110.654915,
              -6.563905
            ]
          ],
          [
            [
              110.654915,
              -6.563905
            ],
            [
              110.655015,
              -6.563828
            ]
          ],
          [
            [
              110.655015,
              -6.563828
            ],
            [
              110.654996,
              -6.563788
            ]
          ],
          [
            [
              110.654996,
              -6.563788
            ],
            [
              110.654989,
              -6.563682
            ]
          ],
          [
            [
              110.654989,
              -6.563682
            ],
            [
              110.65488,
              -6.563671
            ]
          ],
          [
            [
              110.65488,
              -6.563671
            ],
            [
              110.654873,
              -6.563635
            ]
          ],
          [
            [
              110.654873,
              -6.563635
            ],
            [
              110.654758,
              -6.563633
            ]
          ],
          [
            [
              110.654758,
              -6.563633
            ],
            [
              110.654742,
              -6.563665
            ]
          ],
          [
            [
              110.654742,
              -6.563665
            ],
            [
              110.654566,
              -6.563607
            ]
          ],
          [
            [
              110.654566,
              -6.563607
            ],
            [
              110.654371,
              -6.563895
            ]
          ],
          [
            [
              110.654371,
              -6.563895
            ],
            [
              110.654454,
              -6.564001
            ]
          ],
          [
            [
              110.654454,
              -6.564001
            ],
            [
              110.654329,
              -6.56414
            ]
          ],
          [
            [
              110.654329,
              -6.56414
            ],
            [
              110.654315,
              -6.564135
            ]
          ],
          [
            [
              110.654315,
              -6.564135
            ],
            [
              110.654184,
              -6.564009
            ]
          ],
          [
            [
              110.654184,
              -6.564009
            ],
            [
              110.654042,
              -6.563938
            ]
          ],
          [
            [
              110.654042,
              -6.563938
            ],
            [
              110.65398,
              -6.563883
            ]
          ],
          [
            [
              110.65398,
              -6.563883
            ],
            [
              110.653628,
              -6.563512
            ]
          ],
          [
            [
              110.653628,
              -6.563512
            ],
            [
              110.653483,
              -6.563423
            ]
          ],
          [
            [
              110.653483,
              -6.563423
            ],
            [
              110.653412,
              -6.563451
            ]
          ],
          [
            [
              110.653412,
              -6.563451
            ],
            [
              110.653284,
              -6.563363
            ]
          ],
          [
            [
              110.653284,
              -6.563363
            ],
            [
              110.653174,
              -6.563209
            ]
          ],
          [
            [
              110.653174,
              -6.563209
            ],
            [
              110.65307,
              -6.563014
            ]
          ],
          [
            [
              110.65307,
              -6.563014
            ],
            [
              110.653021,
              -6.562959
            ]
          ],
          [
            [
              110.653021,
              -6.562959
            ],
            [
              110.652883,
              -6.562861
            ]
          ],
          [
            [
              110.652883,
              -6.562861
            ],
            [
              110.652729,
              -6.562839
            ]
          ],
          [
            [
              110.652729,
              -6.562839
            ],
            [
              110.652708,
              -6.562807
            ]
          ],
          [
            [
              110.652708,
              -6.562807
            ],
            [
              110.652728,
              -6.562756
            ]
          ],
          [
            [
              110.652728,
              -6.562756
            ],
            [
              110.652716,
              -6.562738
            ]
          ],
          [
            [
              110.652716,
              -6.562738
            ],
            [
              110.652597,
              -6.562753
            ]
          ],
          [
            [
              110.652597,
              -6.562753
            ],
            [
              110.652546,
              -6.562742
            ]
          ],
          [
            [
              110.652546,
              -6.562742
            ],
            [
              110.651973,
              -6.562404
            ]
          ],
          [
            [
              110.651973,
              -6.562404
            ],
            [
              110.651783,
              -6.562196
            ]
          ],
          [
            [
              110.651783,
              -6.562196
            ],
            [
              110.651762,
              -6.562065
            ]
          ],
          [
            [
              110.651762,
              -6.562065
            ],
            [
              110.651529,
              -6.561855
            ]
          ],
          [
            [
              110.651529,
              -6.561855
            ],
            [
              110.651449,
              -6.561844
            ]
          ],
          [
            [
              110.651449,
              -6.561844
            ],
            [
              110.651426,
              -6.561856
            ]
          ],
          [
            [
              110.651426,
              -6.561856
            ],
            [
              110.651394,
              -6.56191
            ]
          ],
          [
            [
              110.651394,
              -6.56191
            ],
            [
              110.651357,
              -6.561911
            ]
          ],
          [
            [
              110.651357,
              -6.561911
            ],
            [
              110.651253,
              -6.561854
            ]
          ],
          [
            [
              110.651253,
              -6.561854
            ],
            [
              110.651227,
              -6.561795
            ]
          ],
          [
            [
              110.651227,
              -6.561795
            ],
            [
              110.651183,
              -6.561755
            ]
          ],
          [
            [
              110.651183,
              -6.561755
            ],
            [
              110.651192,
              -6.561706
            ]
          ],
          [
            [
              110.651192,
              -6.561706
            ],
            [
              110.651177,
              -6.561678
            ]
          ],
          [
            [
              110.651177,
              -6.561678
            ],
            [
              110.651134,
              -6.561681
            ]
          ],
          [
            [
              110.651134,
              -6.561681
            ],
            [
              110.65109,
              -6.561662
            ]
          ],
          [
            [
              110.65109,
              -6.561662
            ],
            [
              110.651024,
              -6.56167
            ]
          ],
          [
            [
              110.651024,
              -6.56167
            ],
            [
              110.650975,
              -6.561648
            ]
          ],
          [
            [
              110.650975,
              -6.561648
            ],
            [
              110.65095,
              -6.561595
            ]
          ],
          [
            [
              110.65095,
              -6.561595
            ],
            [
              110.65096,
              -6.561549
            ]
          ],
          [
            [
              110.65096,
              -6.561549
            ],
            [
              110.651176,
              -6.561334
            ]
          ],
          [
            [
              110.651176,
              -6.561334
            ],
            [
              110.651178,
              -6.561279
            ]
          ],
          [
            [
              110.651178,
              -6.561279
            ],
            [
              110.651144,
              -6.561225
            ]
          ],
          [
            [
              110.651144,
              -6.561225
            ],
            [
              110.651008,
              -6.561063
            ]
          ],
          [
            [
              110.651008,
              -6.561063
            ],
            [
              110.650836,
              -6.560948
            ]
          ],
          [
            [
              110.650836,
              -6.560948
            ],
            [
              110.650205,
              -6.560438
            ]
          ],
          [
            [
              110.650205,
              -6.560438
            ],
            [
              110.650185,
              -6.560403
            ]
          ],
          [
            [
              110.650185,
              -6.560403
            ],
            [
              110.650194,
              -6.560343
            ]
          ],
          [
            [
              110.650194,
              -6.560343
            ],
            [
              110.650634,
              -6.559908
            ]
          ],
          [
            [
              110.650634,
              -6.559908
            ],
            [
              110.65063,
              -6.559853
            ]
          ],
          [
            [
              110.65063,
              -6.559853
            ],
            [
              110.649731,
              -6.559073
            ]
          ],
          [
            [
              110.649731,
              -6.559073
            ],
            [
              110.649658,
              -6.559028
            ]
          ],
          [
            [
              110.649658,
              -6.559028
            ],
            [
              110.649603,
              -6.559028
            ]
          ],
          [
            [
              110.649603,
              -6.559028
            ],
            [
              110.649363,
              -6.559149
            ]
          ],
          [
            [
              110.649363,
              -6.559149
            ],
            [
              110.6493,
              -6.559156
            ]
          ],
          [
            [
              110.6493,
              -6.559156
            ],
            [
              110.649266,
              -6.559141
            ]
          ],
          [
            [
              110.649266,
              -6.559141
            ],
            [
              110.649198,
              -6.559069
            ]
          ],
          [
            [
              110.649198,
              -6.559069
            ],
            [
              110.64906,
              -6.558997
            ]
          ],
          [
            [
              110.64906,
              -6.558997
            ],
            [
              110.64837,
              -6.558825
            ]
          ],
          [
            [
              110.64837,
              -6.558825
            ],
            [
              110.64824,
              -6.558798
            ]
          ],
          [
            [
              110.64824,
              -6.558798
            ],
            [
              110.648149,
              -6.5588
            ]
          ],
          [
            [
              110.648149,
              -6.5588
            ],
            [
              110.648095,
              -6.558842
            ]
          ],
          [
            [
              110.648095,
              -6.558842
            ],
            [
              110.64807,
              -6.558953
            ]
          ],
          [
            [
              110.64807,
              -6.558953
            ],
            [
              110.648046,
              -6.559311
            ]
          ],
          [
            [
              110.648046,
              -6.559311
            ],
            [
              110.647973,
              -6.559419
            ]
          ],
          [
            [
              110.647973,
              -6.559419
            ],
            [
              110.647906,
              -6.559622
            ]
          ],
          [
            [
              110.647906,
              -6.559622
            ],
            [
              110.647879,
              -6.559643
            ]
          ],
          [
            [
              110.647879,
              -6.559643
            ],
            [
              110.647829,
              -6.559617
            ]
          ],
          [
            [
              110.647829,
              -6.559617
            ],
            [
              110.647753,
              -6.559518
            ]
          ],
          [
            [
              110.647753,
              -6.559518
            ],
            [
              110.647624,
              -6.559461
            ]
          ],
          [
            [
              110.647624,
              -6.559461
            ],
            [
              110.647248,
              -6.559204
            ]
          ],
          [
            [
              110.647248,
              -6.559204
            ],
            [
              110.647131,
              -6.559169
            ]
          ],
          [
            [
              110.647131,
              -6.559169
            ],
            [
              110.647067,
              -6.559069
            ]
          ],
          [
            [
              110.647067,
              -6.559069
            ],
            [
              110.647014,
              -6.558862
            ]
          ]
        ]
      },
      "properties": {
        "OBJECTID": 40420,
        "NAMOBJ": "Garis Pantai",
        "REMARK": "Penyesuaian Citra Bing Maps 2020",
        "METADATA": " ",
        "DTMVER": 0,
        "KARGPN": 5,
        "TIPGPN": 4,
        "KODGPN": " ",
        "THNSBDATA": "2020",
        "SBDATA": 6,
        "SKL": 1,
        "THNPBL": "2022",
        "KET": "RTRW Jepara"
      }
    },
    {
      "type": "Feature",
      "id": 40458,
      "geometry": {
        "type": "MultiLineString",
        "coordinates": [
          [
            [
              110.617229,
              -6.708326
            ],
            [
              110.617249,
              -6.708225
            ]
          ],
          [
            [
              110.617249,
              -6.708225
            ],
            [
              110.617308,
              -6.708159
            ]
          ],
          [
            [
              110.617308,
              -6.708159
            ],
            [
              110.617427,
              -6.708119
            ]
          ],
          [
            [
              110.617427,
              -6.708119
            ],
            [
              110.617543,
              -6.708105
            ]
          ],
          [
            [
              110.617543,
              -6.708105
            ],
            [
              110.617603,
              -6.70819
            ]
          ],
          [
            [
              110.617603,
              -6.70819
            ],
            [
              110.617688,
              -6.708239
            ]
          ],
          [
            [
              110.617688,
              -6.708239
            ],
            [
              110.617752,
              -6.708305
            ]
          ],
          [
            [
              110.617752,
              -6.708305
            ],
            [
              110.617912,
              -6.708353
            ]
          ],
          [
            [
              110.617912,
              -6.708353
            ],
            [
              110.6179,
              -6.708438
            ]
          ],
          [
            [
              110.6179,
              -6.708438
            ],
            [
              110.617966,
              -6.708438
            ]
          ],
          [
            [
              110.617966,
              -6.708438
            ],
            [
              110.618002,
              -6.708404
            ]
          ],
          [
            [
              110.618002,
              -6.708404
            ],
            [
              110.61804,
              -6.708294
            ]
          ],
          [
            [
              110.61804,
              -6.708294
            ],
            [
              110.618133,
              -6.708164
            ]
          ],
          [
            [
              110.618133,
              -6.708164
            ],
            [
              110.618164,
              -6.708091
            ]
          ],
          [
            [
              110.618164,
              -6.708091
            ],
            [
              110.618154,
              -6.708039
            ]
          ],
          [
            [
              110.618154,
              -6.708039
            ],
            [
              110.618,
              -6.707942
            ]
          ],
          [
            [
              110.618,
              -6.707942
            ],
            [
              110.617921,
              -6.707857
            ]
          ],
          [
            [
              110.617921,
              -6.707857
            ],
            [
              110.617717,
              -6.707722
            ]
          ],
          [
            [
              110.617717,
              -6.707722
            ],
            [
              110.617686,
              -6.707682
            ]
          ],
          [
            [
              110.617686,
              -6.707682
            ],
            [
              110.617691,
              -6.707654
            ]
          ],
          [
            [
              110.617691,
              -6.707654
            ],
            [
              110.617714,
              -6.707637
            ]
          ],
          [
            [
              110.617714,
              -6.707637
            ],
            [
              110.617876,
              -6.707577
            ]
          ],
          [
            [
              110.617876,
              -6.707577
            ],
            [
              110.617924,
              -6.707441
            ]
          ],
          [
            [
              110.617924,
              -6.707441
            ],
            [
              110.617906,
              -6.70737
            ]
          ],
          [
            [
              110.617906,
              -6.70737
            ],
            [
              110.617163,
              -6.706971
            ]
          ],
          [
            [
              110.617163,
              -6.706971
            ],
            [
              110.617134,
              -6.706888
            ]
          ],
          [
            [
              110.617134,
              -6.706888
            ],
            [
              110.61718,
              -6.706871
            ]
          ],
          [
            [
              110.61718,
              -6.706871
            ],
            [
              110.617202,
              -6.706771
            ]
          ],
          [
            [
              110.617202,
              -6.706771
            ],
            [
              110.617252,
              -6.706722
            ]
          ],
          [
            [
              110.617252,
              -6.706722
            ],
            [
              110.617229,
              -6.70666
            ]
          ],
          [
            [
              110.617229,
              -6.70666
            ],
            [
              110.617133,
              -6.70658
            ]
          ],
          [
            [
              110.617133,
              -6.70658
            ],
            [
              110.617075,
              -6.706493
            ]
          ],
          [
            [
              110.617075,
              -6.706493
            ],
            [
              110.617114,
              -6.70636
            ]
          ],
          [
            [
              110.617114,
              -6.70636
            ],
            [
              110.617024,
              -6.70626
            ]
          ],
          [
            [
              110.617024,
              -6.70626
            ],
            [
              110.617032,
              -6.706222
            ]
          ]
        ]
      },
      "properties": {
        "OBJECTID": 40458,
        "NAMOBJ": "Garis Pantai",
        "REMARK": "Penyesuaian Citra Bing Maps 2020",
        "METADATA": " ",
        "DTMVER": null,
        "KARGPN": 2,
        "TIPGPN": 4,
        "KODGPN": " ",
        "THNSBDATA": "2020",
        "SBDATA": 6,
        "SKL": 1,
        "THNPBL": "2022",
        "KET": "RTRW Jepara"
      }
    },
    {
      "type": "Feature",
      "id": 40448,
      "geometry": {
        "type": "MultiLineString",
        "coordinates": [
          [
            [
              110.634384,
              -6.67801
            ],
            [
              110.63411,
              -6.677856
            ]
          ],
          [
            [
              110.63411,
              -6.677856
            ],
            [
              110.633926,
              -6.67773
            ]
          ],
          [
            [
              110.633926,
              -6.67773
            ],
            [
              110.63385,
              -6.677669
            ]
          ],
          [
            [
              110.63385,
              -6.677669
            ],
            [
              110.633829,
              -6.677593
            ]
          ],
          [
            [
              110.633829,
              -6.677593
            ],
            [
              110.633638,
              -6.677476
            ]
          ],
          [
            [
              110.633638,
              -6.677476
            ],
            [
              110.633541,
              -6.677433
            ]
          ],
          [
            [
              110.633541,
              -6.677433
            ],
            [
              110.633356,
              -6.67748
            ]
          ],
          [
            [
              110.633356,
              -6.67748
            ],
            [
              110.633351,
              -6.677454
            ]
          ],
          [
            [
              110.633351,
              -6.677454
            ],
            [
              110.633558,
              -6.677405
            ]
          ],
          [
            [
              110.633558,
              -6.677405
            ],
            [
              110.633796,
              -6.677541
            ]
          ],
          [
            [
              110.633796,
              -6.677541
            ],
            [
              110.633848,
              -6.677521
            ]
          ]
        ]
      },
      "properties": {
        "OBJECTID": 40448,
        "NAMOBJ": "Garis Pantai",
        "REMARK": "Penyesuaian Citra Bing Maps 2020",
        "METADATA": " ",
        "DTMVER": 0,
        "KARGPN": 5,
        "TIPGPN": 4,
        "KODGPN": " ",
        "THNSBDATA": "2020",
        "SBDATA": 6,
        "SKL": 1,
        "THNPBL": "2022",
        "KET": "RTRW Jepara"
      }
    },
    {
      "type": "Feature",
      "id": 40444,
      "geometry": {
        "type": "MultiLineString",
        "coordinates": [
          [
            [
              110.640017,
              -6.634183
            ],
            [
              110.639974,
              -6.633873
            ]
          ]
        ]
      },
      "properties": {
        "OBJECTID": 40444,
        "NAMOBJ": "Garis Penutup Sungai",
        "REMARK": "Penyesuaian Citra Bing Maps 2020",
        "METADATA": " ",
        "DTMVER": 0,
        "KARGPN": 999,
        "TIPGPN": 999,
        "KODGPN": " ",
        "THNSBDATA": "2020",
        "SBDATA": 6,
        "SKL": 1,
        "THNPBL": "2022",
        "KET": "RTRW Jepara"
      }
    },
    {
      "type": "Feature",
      "id": 40441,
      "geometry": {
        "type": "MultiLineString",
        "coordinates": [
          [
            [
              110.654718,
              -6.60197
            ],
            [
              110.654733,
              -6.601327
            ]
          ],
          [
            [
              110.654733,
              -6.601327
            ],
            [
              110.654712,
              -6.601171
            ]
          ]
        ]
      },
      "properties": {
        "OBJECTID": 40441,
        "NAMOBJ": "Garis Pantai",
        "REMARK": "Penyesuaian Citra Bing Maps 2020",
        "METADATA": " ",
        "DTMVER": 0,
        "KARGPN": 5,
        "TIPGPN": 4,
        "KODGPN": " ",
        "THNSBDATA": "2020",
        "SBDATA": 6,
        "SKL": 1,
        "THNPBL": "2022",
        "KET": "RTRW Jepara"
      }
    },
    {
      "type": "Feature",
      "id": 40275,
      "geometry": {
        "type": "MultiLineString",
        "coordinates": [
          [
            [
              110.647725,
              -6.585682
            ],
            [
              110.647934,
              -6.585738
            ]
          ],
          [
            [
              110.647934,
              -6.585738
            ],
            [
              110.648464,
              -6.585794
            ]
          ],
          [
            [
              110.648464,
              -6.585794
            ],
            [
              110.64866,
              -6.58581
            ]
          ],
          [
            [
              110.64866,
              -6.58581
            ],
            [
              110.648823,
              -6.5858
            ]
          ],
          [
            [
              110.648823,
              -6.5858
            ],
            [
              110.649035,
              -6.585849
            ]
          ],
          [
            [
              110.649035,
              -6.585849
            ],
            [
              110.649277,
              -6.585837
            ]
          ],
          [
            [
              110.649277,
              -6.585837
            ],
            [
              110.649335,
              -6.585851
            ]
          ],
          [
            [
              110.649335,
              -6.585851
            ],
            [
              110.649365,
              -6.585893
            ]
          ]
        ]
      },
      "properties": {
        "OBJECTID": 40275,
        "NAMOBJ": "Garis Pantai",
        "REMARK": "Penyesuaian Citra Bing Maps 2020",
        "METADATA": " ",
        "DTMVER": 0,
        "KARGPN": 5,
        "TIPGPN": 4,
        "KODGPN": " ",
        "THNSBDATA": "2020",
        "SBDATA": 6,
        "SKL": 1,
        "THNPBL": "2022",
        "KET": "RTRW Jepara"
      }
    },
    {
      "type": "Feature",
      "id": 40276,
      "geometry": {
        "type": "MultiLineString",
        "coordinates": [
          [
            [
              110.649365,
              -6.585893
            ],
            [
              110.649405,
              -6.585926
            ]
          ],
          [
            [
              110.649405,
              -6.585926
            ],
            [
              110.649631,
              -6.585908
            ]
          ],
          [
            [
              110.649631,
              -6.585908
            ],
            [
              110.649683,
              -6.585893
            ]
          ],
          [
            [
              110.649683,
              -6.585893
            ],
            [
              110.649754,
              -6.585841
            ]
          ],
          [
            [
              110.649754,
              -6.585841
            ],
            [
              110.649873,
              -6.585828
            ]
          ],
          [
            [
              110.649873,
              -6.585828
            ],
            [
              110.649983,
              -6.585839
            ]
          ],
          [
            [
              110.649983,
              -6.585839
            ],
            [
              110.650052,
              -6.585905
            ]
          ],
          [
            [
              110.650052,
              -6.585905
            ],
            [
              110.650263,
              -6.585871
            ]
          ],
          [
            [
              110.650263,
              -6.585871
            ],
            [
              110.650498,
              -6.585887
            ]
          ],
          [
            [
              110.650498,
              -6.585887
            ],
            [
              110.650547,
              -6.585865
            ]
          ],
          [
            [
              110.650547,
              -6.585865
            ],
            [
              110.650586,
              -6.585779
            ]
          ],
          [
            [
              110.650586,
              -6.585779
            ],
            [
              110.65065,
              -6.585707
            ]
          ],
          [
            [
              110.65065,
              -6.585707
            ],
            [
              110.650686,
              -6.585696
            ]
          ],
          [
            [
              110.650686,
              -6.585696
            ],
            [
              110.650718,
              -6.585714
            ]
          ],
          [
            [
              110.650718,
              -6.585714
            ],
            [
              110.650745,
              -6.585819
            ]
          ],
          [
            [
              110.650745,
              -6.585819
            ],
            [
              110.650817,
              -6.585868
            ]
          ],
          [
            [
              110.650817,
              -6.585868
            ],
            [
              110.650868,
              -6.585821
            ]
          ],
          [
            [
              110.650868,
              -6.585821
            ],
            [
              110.650912,
              -6.585814
            ]
          ],
          [
            [
              110.650912,
              -6.585814
            ],
            [
              110.651036,
              -6.585824
            ]
          ],
          [
            [
              110.651036,
              -6.585824
            ],
            [
              110.651131,
              -6.585871
            ]
          ],
          [
            [
              110.651131,
              -6.585871
            ],
            [
              110.651187,
              -6.585868
            ]
          ],
          [
            [
              110.651187,
              -6.585868
            ],
            [
              110.651303,
              -6.585822
            ]
          ],
          [
            [
              110.651303,
              -6.585822
            ],
            [
              110.651317,
              -6.585742
            ]
          ],
          [
            [
              110.651317,
              -6.585742
            ],
            [
              110.651339,
              -6.585724
            ]
          ],
          [
            [
              110.651339,
              -6.585724
            ],
            [
              110.651363,
              -6.585733
            ]
          ],
          [
            [
              110.651363,
              -6.585733
            ],
            [
              110.651419,
              -6.585802
            ]
          ],
          [
            [
              110.651419,
              -6.585802
            ],
            [
              110.651521,
              -6.585804
            ]
          ],
          [
            [
              110.651521,
              -6.585804
            ],
            [
              110.651923,
              -6.585695
            ]
          ],
          [
            [
              110.651923,
              -6.585695
            ],
            [
              110.652149,
              -6.585658
            ]
          ],
          [
            [
              110.652149,
              -6.585658
            ],
            [
              110.652657,
              -6.585464
            ]
          ],
          [
            [
              110.652657,
              -6.585464
            ],
            [
              110.652821,
              -6.58535
            ]
          ],
          [
            [
              110.652821,
              -6.58535
            ],
            [
              110.653103,
              -6.585257
            ]
          ],
          [
            [
              110.653103,
              -6.585257
            ],
            [
              110.653179,
              -6.585217
            ]
          ],
          [
            [
              110.653179,
              -6.585217
            ],
            [
              110.653398,
              -6.585165
            ]
          ],
          [
            [
              110.653398,
              -6.585165
            ],
            [
              110.653424,
              -6.585238
            ]
          ],
          [
            [
              110.653424,
              -6.585238
            ],
            [
              110.653777,
              -6.585074
            ]
          ],
          [
            [
              110.653777,
              -6.585074
            ],
            [
              110.654233,
              -6.584838
            ]
          ]
        ]
      },
      "properties": {
        "OBJECTID": 40276,
        "NAMOBJ": "Garis Pantai",
        "REMARK": "HAT_TERESTRIS",
        "METADATA": " ",
        "DTMVER": 0,
        "KARGPN": 5,
        "TIPGPN": 2,
        "KODGPN": " ",
        "THNSBDATA": "2016",
        "SBDATA": 1,
        "SKL": 3,
        "THNPBL": "2022",
        "KET": null
      }
    },
    {
      "type": "Feature",
      "id": 1011,
      "geometry": {
        "type": "MultiLineString",
        "coordinates": [
          [
            [
              110.55007197402598,
              -6.73
            ],
            [
              110.55055,
              -6.729527
            ]
          ],
          [
            [
              110.55055,
              -6.729527
            ],
            [
              110.550769,
              -6.729118
            ]
          ],
          [
            [
              110.550769,
              -6.729118
            ],
            [
              110.550657,
              -6.728774
            ]
          ],
          [
            [
              110.550657,
              -6.728774
            ],
            [
              110.550724,
              -6.728564
            ]
          ],
          [
            [
              110.550724,
              -6.728564
            ],
            [
              110.55114,
              -6.72809
            ]
          ],
          [
            [
              110.55114,
              -6.72809
            ],
            [
              110.551414,
              -6.728102
            ]
          ],
          [
            [
              110.551414,
              -6.728102
            ],
            [
              110.551525,
              -6.728066
            ]
          ],
          [
            [
              110.551525,
              -6.728066
            ],
            [
              110.551769,
              -6.727938
            ]
          ],
          [
            [
              110.551769,
              -6.727938
            ],
            [
              110.552435,
              -6.727671
            ]
          ],
          [
            [
              110.552435,
              -6.727671
            ],
            [
              110.552639,
              -6.727727
            ]
          ]
        ]
      },
      "properties": {
        "OBJECTID": 1011,
        "NAMOBJ": "Garis Pantai",
        "REMARK": " ",
        "METADATA": null,
        "DTMVER": 23,
        "KARGPN": 2,
        "TIPGPN": 2,
        "KODGPN": null,
        "THNSBDATA": "2017",
        "SBDATA": 1,
        "SKL": 3,
        "THNPBL": "2022",
        "KET": null
      }
    },
    {
      "type": "Feature",
      "id": 40459,
      "geometry": {
        "type": "MultiLineString",
        "coordinates": [
          [
            [
              110.616915,
              -6.708678
            ],
            [
              110.617229,
              -6.708326
            ]
          ]
        ]
      },
      "properties": {
        "OBJECTID": 40459,
        "NAMOBJ": "Garis Penutup Sungai",
        "REMARK": "Penyesuaian Citra Bing Maps 2020",
        "METADATA": " ",
        "DTMVER": null,
        "KARGPN": 999,
        "TIPGPN": 999,
        "KODGPN": " ",
        "THNSBDATA": "2020",
        "SBDATA": 6,
        "SKL": 1,
        "THNPBL": "2022",
        "KET": "RTRW Jepara"
      }
    },
    {
      "type": "Feature",
      "id": 40457,
      "geometry": {
        "type": "MultiLineString",
        "coordinates": [
          [
            [
              110.617205,
              -6.704832
            ],
            [
              110.617143,
              -6.704815
            ]
          ],
          [
            [
              110.617143,
              -6.704815
            ],
            [
              110.616997,
              -6.704838
            ]
          ],
          [
            [
              110.616997,
              -6.704838
            ],
            [
              110.616962,
              -6.704821
            ]
          ],
          [
            [
              110.616962,
              -6.704821
            ],
            [
              110.616887,
              -6.704742
            ]
          ],
          [
            [
              110.616887,
              -6.704742
            ],
            [
              110.616734,
              -6.704732
            ]
          ],
          [
            [
              110.616734,
              -6.704732
            ],
            [
              110.616629,
              -6.704702
            ]
          ],
          [
            [
              110.616629,
              -6.704702
            ],
            [
              110.616521,
              -6.704765
            ]
          ],
          [
            [
              110.616521,
              -6.704765
            ],
            [
              110.616454,
              -6.704736
            ]
          ],
          [
            [
              110.616454,
              -6.704736
            ],
            [
              110.616443,
              -6.704678
            ]
          ],
          [
            [
              110.616443,
              -6.704678
            ],
            [
              110.616462,
              -6.704635
            ]
          ],
          [
            [
              110.616462,
              -6.704635
            ],
            [
              110.616465,
              -6.704549
            ]
          ],
          [
            [
              110.616465,
              -6.704549
            ],
            [
              110.616436,
              -6.704244
            ]
          ],
          [
            [
              110.616436,
              -6.704244
            ],
            [
              110.616449,
              -6.704147
            ]
          ],
          [
            [
              110.616449,
              -6.704147
            ],
            [
              110.616436,
              -6.704001
            ]
          ],
          [
            [
              110.616436,
              -6.704001
            ],
            [
              110.616336,
              -6.703885
            ]
          ],
          [
            [
              110.616336,
              -6.703885
            ],
            [
              110.616283,
              -6.703865
            ]
          ],
          [
            [
              110.616283,
              -6.703865
            ],
            [
              110.616106,
              -6.703836
            ]
          ],
          [
            [
              110.616106,
              -6.703836
            ],
            [
              110.61607,
              -6.703844
            ]
          ],
          [
            [
              110.61607,
              -6.703844
            ],
            [
              110.616026,
              -6.703888
            ]
          ],
          [
            [
              110.616026,
              -6.703888
            ],
            [
              110.615973,
              -6.703901
            ]
          ],
          [
            [
              110.615973,
              -6.703901
            ],
            [
              110.615944,
              -6.703862
            ]
          ],
          [
            [
              110.615944,
              -6.703862
            ],
            [
              110.615944,
              -6.703832
            ]
          ],
          [
            [
              110.615944,
              -6.703832
            ],
            [
              110.615985,
              -6.703729
            ]
          ],
          [
            [
              110.615985,
              -6.703729
            ],
            [
              110.616065,
              -6.70361
            ]
          ],
          [
            [
              110.616065,
              -6.70361
            ],
            [
              110.616119,
              -6.703558
            ]
          ],
          [
            [
              110.616119,
              -6.703558
            ],
            [
              110.616224,
              -6.70349
            ]
          ],
          [
            [
              110.616224,
              -6.70349
            ],
            [
              110.616309,
              -6.703481
            ]
          ],
          [
            [
              110.616309,
              -6.703481
            ],
            [
              110.616342,
              -6.70346
            ]
          ],
          [
            [
              110.616342,
              -6.70346
            ],
            [
              110.617305,
              -6.702588
            ]
          ],
          [
            [
              110.617305,
              -6.702588
            ],
            [
              110.618313,
              -6.701547
            ]
          ],
          [
            [
              110.618313,
              -6.701547
            ],
            [
              110.618727,
              -6.701009
            ]
          ],
          [
            [
              110.618727,
              -6.701009
            ],
            [
              110.618919,
              -6.701102
            ]
          ],
          [
            [
              110.618919,
              -6.701102
            ],
            [
              110.618965,
              -6.701104
            ]
          ],
          [
            [
              110.618965,
              -6.701104
            ],
            [
              110.619011,
              -6.701085
            ]
          ],
          [
            [
              110.619011,
              -6.701085
            ],
            [
              110.619071,
              -6.701028
            ]
          ],
          [
            [
              110.619071,
              -6.701028
            ],
            [
              110.619345,
              -6.700725
            ]
          ],
          [
            [
              110.619345,
              -6.700725
            ],
            [
              110.619511,
              -6.700513
            ]
          ],
          [
            [
              110.619511,
              -6.700513
            ],
            [
              110.620021,
              -6.699779
            ]
          ],
          [
            [
              110.620021,
              -6.699779
            ],
            [
              110.620281,
              -6.699317
            ]
          ],
          [
            [
              110.620281,
              -6.699317
            ],
            [
              110.620503,
              -6.699008
            ]
          ],
          [
            [
              110.620503,
              -6.699008
            ],
            [
              110.6207,
              -6.698772
            ]
          ]
        ]
      },
      "properties": {
        "OBJECTID": 40457,
        "NAMOBJ": "Garis Pantai",
        "REMARK": "Penyesuaian Citra Bing Maps 2020",
        "METADATA": " ",
        "DTMVER": null,
        "KARGPN": 2,
        "TIPGPN": 4,
        "KODGPN": " ",
        "THNSBDATA": "2020",
        "SBDATA": 6,
        "SKL": 1,
        "THNPBL": "2022",
        "KET": "RTRW Jepara"
      }
    },
    {
      "type": "Feature",
      "id": 40453,
      "geometry": {
        "type": "MultiLineString",
        "coordinates": [
          [
            [
              110.629969,
              -6.68585
            ],
            [
              110.630091,
              -6.685649
            ]
          ]
        ]
      },
      "properties": {
        "OBJECTID": 40453,
        "NAMOBJ": "Garis Penutup Sungai",
        "REMARK": "Penyesuaian Citra Bing Maps 2020",
        "METADATA": " ",
        "DTMVER": 0,
        "KARGPN": 999,
        "TIPGPN": 999,
        "KODGPN": " ",
        "THNSBDATA": "2020",
        "SBDATA": 6,
        "SKL": 1,
        "THNPBL": "2022",
        "KET": "RTRW Jepara"
      }
    },
    {
      "type": "Feature",
      "id": 40447,
      "geometry": {
        "type": "MultiLineString",
        "coordinates": [
          [
            [
              110.631942,
              -6.68231
            ],
            [
              110.632528,
              -6.681382
            ]
          ],
          [
            [
              110.632528,
              -6.681382
            ],
            [
              110.633167,
              -6.68042
            ]
          ],
          [
            [
              110.633167,
              -6.68042
            ],
            [
              110.633571,
              -6.679741
            ]
          ],
          [
            [
              110.633571,
              -6.679741
            ],
            [
              110.633715,
              -6.67953
            ]
          ],
          [
            [
              110.633715,
              -6.67953
            ],
            [
              110.633904,
              -6.679151
            ]
          ],
          [
            [
              110.633904,
              -6.679151
            ],
            [
              110.634045,
              -6.67892
            ]
          ],
          [
            [
              110.634045,
              -6.67892
            ],
            [
              110.634072,
              -6.678837
            ]
          ],
          [
            [
              110.634072,
              -6.678837
            ],
            [
              110.634167,
              -6.678659
            ]
          ],
          [
            [
              110.634167,
              -6.678659
            ],
            [
              110.634249,
              -6.67843
            ]
          ]
        ]
      },
      "properties": {
        "OBJECTID": 40447,
        "NAMOBJ": "Garis Pantai",
        "REMARK": "HAT_TERESTRIS",
        "METADATA": " ",
        "DTMVER": 0,
        "KARGPN": 5,
        "TIPGPN": 2,
        "KODGPN": " ",
        "THNSBDATA": "2016",
        "SBDATA": 1,
        "SKL": 3,
        "THNPBL": "2022",
        "KET": null
      }
    },
    {
      "type": "Feature",
      "id": 40443,
      "geometry": {
        "type": "MultiLineString",
        "coordinates": [
          [
            [
              110.642291,
              -6.639929
            ],
            [
              110.642182,
              -6.639962
            ]
          ],
          [
            [
              110.642182,
              -6.639962
            ],
            [
              110.64214,
              -6.63984
            ]
          ],
          [
            [
              110.64214,
              -6.63984
            ],
            [
              110.642038,
              -6.639725
            ]
          ],
          [
            [
              110.642038,
              -6.639725
            ],
            [
              110.641976,
              -6.639587
            ]
          ],
          [
            [
              110.641976,
              -6.639587
            ],
            [
              110.641802,
              -6.639368
            ]
          ],
          [
            [
              110.641802,
              -6.639368
            ],
            [
              110.641725,
              -6.639219
            ]
          ],
          [
            [
              110.641725,
              -6.639219
            ],
            [
              110.641673,
              -6.639171
            ]
          ],
          [
            [
              110.641673,
              -6.639171
            ],
            [
              110.641472,
              -6.639047
            ]
          ],
          [
            [
              110.641472,
              -6.639047
            ],
            [
              110.641336,
              -6.63917
            ]
          ],
          [
            [
              110.641336,
              -6.63917
            ],
            [
              110.641193,
              -6.63907
            ]
          ],
          [
            [
              110.641193,
              -6.63907
            ],
            [
              110.641097,
              -6.638978
            ]
          ],
          [
            [
              110.641097,
              -6.638978
            ],
            [
              110.64099,
              -6.638758
            ]
          ],
          [
            [
              110.64099,
              -6.638758
            ],
            [
              110.640883,
              -6.638605
            ]
          ],
          [
            [
              110.640883,
              -6.638605
            ],
            [
              110.640821,
              -6.638539
            ]
          ],
          [
            [
              110.640821,
              -6.638539
            ],
            [
              110.640654,
              -6.638422
            ]
          ],
          [
            [
              110.640654,
              -6.638422
            ],
            [
              110.640588,
              -6.638418
            ]
          ],
          [
            [
              110.640588,
              -6.638418
            ],
            [
              110.640475,
              -6.638345
            ]
          ],
          [
            [
              110.640475,
              -6.638345
            ],
            [
              110.640412,
              -6.638192
            ]
          ],
          [
            [
              110.640412,
              -6.638192
            ],
            [
              110.640323,
              -6.637889
            ]
          ],
          [
            [
              110.640323,
              -6.637889
            ],
            [
              110.640301,
              -6.63747
            ]
          ],
          [
            [
              110.640301,
              -6.63747
            ],
            [
              110.640469,
              -6.636805
            ]
          ],
          [
            [
              110.640469,
              -6.636805
            ],
            [
              110.640379,
              -6.635975
            ]
          ],
          [
            [
              110.640379,
              -6.635975
            ],
            [
              110.640358,
              -6.635897
            ]
          ],
          [
            [
              110.640358,
              -6.635897
            ],
            [
              110.640161,
              -6.635901
            ]
          ],
          [
            [
              110.640161,
              -6.635901
            ],
            [
              110.640058,
              -6.635849
            ]
          ],
          [
            [
              110.640058,
              -6.635849
            ],
            [
              110.640124,
              -6.635689
            ]
          ],
          [
            [
              110.640124,
              -6.635689
            ],
            [
              110.64014,
              -6.635607
            ]
          ],
          [
            [
              110.64014,
              -6.635607
            ],
            [
              110.640139,
              -6.635456
            ]
          ],
          [
            [
              110.640139,
              -6.635456
            ],
            [
              110.640096,
              -6.635383
            ]
          ],
          [
            [
              110.640096,
              -6.635383
            ],
            [
              110.640113,
              -6.634984
            ]
          ],
          [
            [
              110.640113,
              -6.634984
            ],
            [
              110.64003,
              -6.634868
            ]
          ],
          [
            [
              110.64003,
              -6.634868
            ],
            [
              110.640053,
              -6.634603
            ]
          ],
          [
            [
              110.640053,
              -6.634603
            ],
            [
              110.640053,
              -6.634288
            ]
          ],
          [
            [
              110.640053,
              -6.634288
            ],
            [
              110.640017,
              -6.634183
            ]
          ]
        ]
      },
      "properties": {
        "OBJECTID": 40443,
        "NAMOBJ": "Garis Pantai",
        "REMARK": "HAT_TERESTRIS",
        "METADATA": " ",
        "DTMVER": 0,
        "KARGPN": 5,
        "TIPGPN": 2,
        "KODGPN": " ",
        "THNSBDATA": "2016",
        "SBDATA": 1,
        "SKL": 3,
        "THNPBL": "2022",
        "KET": null
      }
    },
    {
      "type": "Feature",
      "id": 40445,
      "geometry": {
        "type": "MultiLineString",
        "coordinates": [
          [
            [
              110.646414,
              -6.644317
            ],
            [
              110.646252,
              -6.644368
            ]
          ],
          [
            [
              110.646252,
              -6.644368
            ],
            [
              110.646099,
              -6.644376
            ]
          ],
          [
            [
              110.646099,
              -6.644376
            ],
            [
              110.645973,
              -6.644352
            ]
          ],
          [
            [
              110.645973,
              -6.644352
            ],
            [
              110.645834,
              -6.644279
            ]
          ]
        ]
      },
      "properties": {
        "OBJECTID": 40445,
        "NAMOBJ": "Garis Pantai",
        "REMARK": "Penyesuaian Citra Bing Maps 2020",
        "METADATA": " ",
        "DTMVER": 0,
        "KARGPN": 5,
        "TIPGPN": 4,
        "KODGPN": " ",
        "THNSBDATA": "2020",
        "SBDATA": 6,
        "SKL": 1,
        "THNPBL": "2022",
        "KET": "RTRW Jepara"
      }
    },
    {
      "type": "Feature",
      "id": 40446,
      "geometry": {
        "type": "MultiLineString",
        "coordinates": [
          [
            [
              110.646539,
              -6.644494
            ],
            [
              110.646414,
              -6.644317
            ]
          ]
        ]
      },
      "properties": {
        "OBJECTID": 40446,
        "NAMOBJ": "Garis Penutup Sungai",
        "REMARK": "Penyesuaian Citra Bing Maps 2020",
        "METADATA": " ",
        "DTMVER": 0,
        "KARGPN": 999,
        "TIPGPN": 999,
        "KODGPN": " ",
        "THNSBDATA": "2020",
        "SBDATA": 6,
        "SKL": 1,
        "THNPBL": "2022",
        "KET": "RTRW Jepara"
      }
    },
    {
      "type": "Feature",
      "id": 40440,
      "geometry": {
        "type": "MultiLineString",
        "coordinates": [
          [
            [
              110.654683,
              -6.600932
            ],
            [
              110.654429,
              -6.600928
            ]
          ],
          [
            [
              110.654429,
              -6.600928
            ],
            [
              110.654406,
              -6.600881
            ]
          ],
          [
            [
              110.654406,
              -6.600881
            ],
            [
              110.654179,
              -6.600872
            ]
          ],
          [
            [
              110.654179,
              -6.600872
            ],
            [
              110.654182,
              -6.600701
            ]
          ],
          [
            [
              110.654182,
              -6.600701
            ],
            [
              110.654222,
              -6.600658
            ]
          ],
          [
            [
              110.654222,
              -6.600658
            ],
            [
              110.654259,
              -6.600509
            ]
          ],
          [
            [
              110.654259,
              -6.600509
            ],
            [
              110.654254,
              -6.600316
            ]
          ],
          [
            [
              110.654254,
              -6.600316
            ],
            [
              110.654246,
              -6.600279
            ]
          ],
          [
            [
              110.654246,
              -6.600279
            ],
            [
              110.654231,
              -6.600272
            ]
          ],
          [
            [
              110.654231,
              -6.600272
            ],
            [
              110.654245,
              -6.600025
            ]
          ],
          [
            [
              110.654245,
              -6.600025
            ],
            [
              110.654302,
              -6.5999
            ]
          ],
          [
            [
              110.654302,
              -6.5999
            ],
            [
              110.654279,
              -6.599686
            ]
          ],
          [
            [
              110.654279,
              -6.599686
            ],
            [
              110.654295,
              -6.599637
            ]
          ],
          [
            [
              110.654295,
              -6.599637
            ],
            [
              110.654329,
              -6.5996
            ]
          ],
          [
            [
              110.654329,
              -6.5996
            ],
            [
              110.654338,
              -6.599523
            ]
          ],
          [
            [
              110.654338,
              -6.599523
            ],
            [
              110.654287,
              -6.599234
            ]
          ],
          [
            [
              110.654287,
              -6.599234
            ],
            [
              110.654345,
              -6.599045
            ]
          ]
        ]
      },
      "properties": {
        "OBJECTID": 40440,
        "NAMOBJ": "Garis Pantai",
        "REMARK": "Penyesuaian Citra Bing Maps 2020",
        "METADATA": " ",
        "DTMVER": 0,
        "KARGPN": 5,
        "TIPGPN": 4,
        "KODGPN": " ",
        "THNSBDATA": "2020",
        "SBDATA": 6,
        "SKL": 1,
        "THNPBL": "2022",
        "KET": "RTRW Jepara"
      }
    },
    {
      "type": "Feature",
      "id": 40442,
      "geometry": {
        "type": "MultiLineString",
        "coordinates": [
          [
            [
              110.654712,
              -6.601171
            ],
            [
              110.654683,
              -6.600932
            ]
          ]
        ]
      },
      "properties": {
        "OBJECTID": 40442,
        "NAMOBJ": "Garis Penutup Sungai",
        "REMARK": "Penyesuaian Citra Bing Maps 2020",
        "METADATA": " ",
        "DTMVER": 0,
        "KARGPN": 999,
        "TIPGPN": 999,
        "KODGPN": " ",
        "THNSBDATA": "2020",
        "SBDATA": 6,
        "SKL": 1,
        "THNPBL": "2022",
        "KET": "RTRW Jepara"
      }
    },
    {
      "type": "Feature",
      "id": 40434,
      "geometry": {
        "type": "MultiLineString",
        "coordinates": [
          [
            [
              110.646942,
              -6.591435
            ],
            [
              110.64723,
              -6.590979
            ]
          ],
          [
            [
              110.64723,
              -6.590979
            ],
            [
              110.647335,
              -6.590753
            ]
          ],
          [
            [
              110.647335,
              -6.590753
            ],
            [
              110.647338,
              -6.590577
            ]
          ],
          [
            [
              110.647338,
              -6.590577
            ],
            [
              110.647323,
              -6.590469
            ]
          ],
          [
            [
              110.647323,
              -6.590469
            ],
            [
              110.647284,
              -6.590411
            ]
          ],
          [
            [
              110.647284,
              -6.590411
            ],
            [
              110.647097,
              -6.590209
            ]
          ],
          [
            [
              110.647097,
              -6.590209
            ],
            [
              110.646359,
              -6.589661
            ]
          ],
          [
            [
              110.646359,
              -6.589661
            ],
            [
              110.645787,
              -6.589214
            ]
          ],
          [
            [
              110.645787,
              -6.589214
            ],
            [
              110.645525,
              -6.589057
            ]
          ],
          [
            [
              110.645525,
              -6.589057
            ],
            [
              110.645212,
              -6.588895
            ]
          ],
          [
            [
              110.645212,
              -6.588895
            ],
            [
              110.645141,
              -6.58889
            ]
          ],
          [
            [
              110.645141,
              -6.58889
            ],
            [
              110.645061,
              -6.588927
            ]
          ],
          [
            [
              110.645061,
              -6.588927
            ],
            [
              110.645007,
              -6.588932
            ]
          ],
          [
            [
              110.645007,
              -6.588932
            ],
            [
              110.644892,
              -6.588912
            ]
          ],
          [
            [
              110.644892,
              -6.588912
            ],
            [
              110.644873,
              -6.588874
            ]
          ],
          [
            [
              110.644873,
              -6.588874
            ],
            [
              110.644871,
              -6.588796
            ]
          ],
          [
            [
              110.644871,
              -6.588796
            ],
            [
              110.64489,
              -6.588685
            ]
          ],
          [
            [
              110.64489,
              -6.588685
            ],
            [
              110.644925,
              -6.588609
            ]
          ],
          [
            [
              110.644925,
              -6.588609
            ],
            [
              110.644723,
              -6.588474
            ]
          ],
          [
            [
              110.644723,
              -6.588474
            ],
            [
              110.644396,
              -6.588206
            ]
          ],
          [
            [
              110.644396,
              -6.588206
            ],
            [
              110.644262,
              -6.588088
            ]
          ],
          [
            [
              110.644262,
              -6.588088
            ],
            [
              110.644094,
              -6.587882
            ]
          ],
          [
            [
              110.644094,
              -6.587882
            ],
            [
              110.643856,
              -6.587466
            ]
          ],
          [
            [
              110.643856,
              -6.587466
            ],
            [
              110.643765,
              -6.587108
            ]
          ],
          [
            [
              110.643765,
              -6.587108
            ],
            [
              110.643695,
              -6.586493
            ]
          ],
          [
            [
              110.643695,
              -6.586493
            ],
            [
              110.643664,
              -6.585861
            ]
          ],
          [
            [
              110.643664,
              -6.585861
            ],
            [
              110.64372,
              -6.585248
            ]
          ],
          [
            [
              110.64372,
              -6.585248
            ],
            [
              110.643817,
              -6.584733
            ]
          ],
          [
            [
              110.643817,
              -6.584733
            ],
            [
              110.643916,
              -6.584354
            ]
          ],
          [
            [
              110.643916,
              -6.584354
            ],
            [
              110.644159,
              -6.583869
            ]
          ],
          [
            [
              110.644159,
              -6.583869
            ],
            [
              110.644223,
              -6.583764
            ]
          ],
          [
            [
              110.644223,
              -6.583764
            ],
            [
              110.644367,
              -6.583598
            ]
          ],
          [
            [
              110.644367,
              -6.583598
            ],
            [
              110.64447,
              -6.5835
            ]
          ],
          [
            [
              110.64447,
              -6.5835
            ],
            [
              110.644846,
              -6.583271
            ]
          ],
          [
            [
              110.644846,
              -6.583271
            ],
            [
              110.644935,
              -6.583196
            ]
          ],
          [
            [
              110.644935,
              -6.583196
            ],
            [
              110.645004,
              -6.583171
            ]
          ],
          [
            [
              110.645004,
              -6.583171
            ],
            [
              110.645101,
              -6.58318
            ]
          ],
          [
            [
              110.645101,
              -6.58318
            ],
            [
              110.645178,
              -6.583297
            ]
          ],
          [
            [
              110.645178,
              -6.583297
            ],
            [
              110.6452,
              -6.583308
            ]
          ],
          [
            [
              110.6452,
              -6.583308
            ],
            [
              110.645423,
              -6.583337
            ]
          ],
          [
            [
              110.645423,
              -6.583337
            ],
            [
              110.645477,
              -6.583357
            ]
          ],
          [
            [
              110.645477,
              -6.583357
            ],
            [
              110.645475,
              -6.583381
            ]
          ],
          [
            [
              110.645475,
              -6.583381
            ],
            [
              110.645387,
              -6.583487
            ]
          ],
          [
            [
              110.645387,
              -6.583487
            ],
            [
              110.645381,
              -6.583596
            ]
          ]
        ]
      },
      "properties": {
        "OBJECTID": 40434,
        "NAMOBJ": "Garis Pantai",
        "REMARK": "Penyesuaian Citra Bing Maps 2020",
        "METADATA": " ",
        "DTMVER": 0,
        "KARGPN": 5,
        "TIPGPN": 4,
        "KODGPN": " ",
        "THNSBDATA": "2020",
        "SBDATA": 6,
        "SKL": 1,
        "THNPBL": "2022",
        "KET": "RTRW Jepara"
      }
    },
    {
      "type": "Feature",
      "id": 40439,
      "geometry": {
        "type": "MultiLineString",
        "coordinates": [
          [
            [
              110.654345,
              -6.599045
            ],
            [
              110.654449,
              -6.598878
            ]
          ],
          [
            [
              110.654449,
              -6.598878
            ],
            [
              110.654506,
              -6.598708
            ]
          ],
          [
            [
              110.654506,
              -6.598708
            ],
            [
              110.654574,
              -6.598575
            ]
          ],
          [
            [
              110.654574,
              -6.598575
            ],
            [
              110.654599,
              -6.598459
            ]
          ],
          [
            [
              110.654599,
              -6.598459
            ],
            [
              110.654696,
              -6.598255
            ]
          ],
          [
            [
              110.654696,
              -6.598255
            ],
            [
              110.654773,
              -6.598203
            ]
          ],
          [
            [
              110.654773,
              -6.598203
            ],
            [
              110.654845,
              -6.597812
            ]
          ],
          [
            [
              110.654845,
              -6.597812
            ],
            [
              110.654876,
              -6.597149
            ]
          ],
          [
            [
              110.654876,
              -6.597149
            ],
            [
              110.655091,
              -6.597196
            ]
          ]
        ]
      },
      "properties": {
        "OBJECTID": 40439,
        "NAMOBJ": "Garis Pantai",
        "REMARK": "HAT_TERESTRIS",
        "METADATA": " ",
        "DTMVER": 0,
        "KARGPN": 5,
        "TIPGPN": 2,
        "KODGPN": " ",
        "THNSBDATA": "2016",
        "SBDATA": 1,
        "SKL": 3,
        "THNPBL": "2022",
        "KET": null
      }
    },
    {
      "type": "Feature",
      "id": 40438,
      "geometry": {
        "type": "MultiLineString",
        "coordinates": [
          [
            [
              110.655091,
              -6.597196
            ],
            [
              110.655157,
              -6.596697
            ]
          ]
        ]
      },
      "properties": {
        "OBJECTID": 40438,
        "NAMOBJ": "Garis Penutup Sungai",
        "REMARK": "Penyesuaian Citra Bing Maps 2020",
        "METADATA": " ",
        "DTMVER": 0,
        "KARGPN": 999,
        "TIPGPN": 999,
        "KODGPN": " ",
        "THNSBDATA": "2020",
        "SBDATA": 6,
        "SKL": 1,
        "THNPBL": "2022",
        "KET": "RTRW Jepara"
      }
    },
    {
      "type": "Feature",
      "id": 40431,
      "geometry": {
        "type": "MultiLineString",
        "coordinates": [
          [
            [
              110.654233,
              -6.584838
            ],
            [
              110.654303,
              -6.584882
            ]
          ],
          [
            [
              110.654303,
              -6.584882
            ],
            [
              110.654343,
              -6.584882
            ]
          ],
          [
            [
              110.654343,
              -6.584882
            ],
            [
              110.654484,
              -6.584787
            ]
          ],
          [
            [
              110.654484,
              -6.584787
            ],
            [
              110.654575,
              -6.584761
            ]
          ],
          [
            [
              110.654575,
              -6.584761
            ],
            [
              110.654956,
              -6.584453
            ]
          ],
          [
            [
              110.654956,
              -6.584453
            ],
            [
              110.654991,
              -6.584485
            ]
          ],
          [
            [
              110.654991,
              -6.584485
            ],
            [
              110.655279,
              -6.58427
            ]
          ],
          [
            [
              110.655279,
              -6.58427
            ],
            [
              110.655314,
              -6.58424
            ]
          ],
          [
            [
              110.655314,
              -6.58424
            ],
            [
              110.655289,
              -6.584203
            ]
          ],
          [
            [
              110.655289,
              -6.584203
            ],
            [
              110.655368,
              -6.584142
            ]
          ],
          [
            [
              110.655368,
              -6.584142
            ],
            [
              110.655389,
              -6.584165
            ]
          ],
          [
            [
              110.655389,
              -6.584165
            ],
            [
              110.655833,
              -6.583748
            ]
          ],
          [
            [
              110.655833,
              -6.583748
            ],
            [
              110.655995,
              -6.583527
            ]
          ],
          [
            [
              110.655995,
              -6.583527
            ],
            [
              110.65609,
              -6.583425
            ]
          ]
        ]
      },
      "properties": {
        "OBJECTID": 40431,
        "NAMOBJ": "Garis Pantai",
        "REMARK": "Penyesuaian Citra Bing Maps 2020",
        "METADATA": " ",
        "DTMVER": 0,
        "KARGPN": 5,
        "TIPGPN": 4,
        "KODGPN": " ",
        "THNSBDATA": "2020",
        "SBDATA": 6,
        "SKL": 1,
        "THNPBL": "2022",
        "KET": "RTRW Jepara"
      }
    },
    {
      "type": "Feature",
      "id": 40277,
      "geometry": {
        "type": "MultiLineString",
        "coordinates": [
          [
            [
              110.65609,
              -6.583425
            ],
            [
              110.655727,
              -6.5831
            ]
          ],
          [
            [
              110.655727,
              -6.5831
            ],
            [
              110.655802,
              -6.583011
            ]
          ],
          [
            [
              110.655802,
              -6.583011
            ],
            [
              110.656167,
              -6.583356
            ]
          ]
        ]
      },
      "properties": {
        "OBJECTID": 40277,
        "NAMOBJ": "Garis Pantai",
        "REMARK": "Penyesuaian Citra Bing Maps 2020",
        "METADATA": " ",
        "DTMVER": 0,
        "KARGPN": 5,
        "TIPGPN": 4,
        "KODGPN": " ",
        "THNSBDATA": "2020",
        "SBDATA": 6,
        "SKL": 1,
        "THNPBL": "2022",
        "KET": "RTRW Jepara"
      }
    },
    {
      "type": "Feature",
      "id": 40428,
      "geometry": {
        "type": "MultiLineString",
        "coordinates": [
          [
            [
              110.659982,
              -6.578801
            ],
            [
              110.66,
              -6.578748136842115
            ]
          ]
        ]
      },
      "properties": {
        "OBJECTID": 40428,
        "NAMOBJ": "Garis Penutup Sungai",
        "REMARK": "Penyesuaian Citra Bing Maps 2020",
        "METADATA": " ",
        "DTMVER": 0,
        "KARGPN": 999,
        "TIPGPN": 999,
        "KODGPN": " ",
        "THNSBDATA": "2020",
        "SBDATA": 6,
        "SKL": 1,
        "THNPBL": "2022",
        "KET": "RTRW Jepara"
      }
    }
  ],
  "name": "teluk-awur-jepara-big-coastline-25k",
  "dcoast_provenance": {
    "source": "Badan Informasi Geospasial",
    "service_layer": "https://geoservices.big.go.id/rbi/rest/services/GARISPANTAI/GarisPantai_25K/MapServer/0",
    "query_bounds_wgs84": [
      110.54,
      -6.73,
      110.66,
      -6.51
    ],
    "query_crs": "EPSG:4326",
    "output_crs": "EPSG:4326",
    "retrieval_scope": "bounded Phase 0.7 AOI review",
    "geometry_processing": "client-side segment clipping to query bounds",
    "server_geometry_tolerance_degrees": 1e-05
  }
}
