site,site_name,acquisition_datetime,scene_items,scene_cloud_cover_median,aoi_area_km2,approx_coastline_length_km,boundary_status,collection,query_start,query_end,queried_at_utc
cilegon-industrial-coast,Cilegon industrial coast,2021-01-04T03:01:21.024000Z,2,93.4853825,84.170,20.714,provisional_derived,SENTINEL-2/S2MSI2A,2021-01-01,2026-07-24,2026-07-24T17:03:01+00:00
cilegon-industrial-coast,Cilegon industrial coast,2021-01-09T03:01:09.024000Z,2,97.09011899999999,84.170,20.714,provisional_derived,SENTINEL-2/S2MSI2A,2021-01-01,2026-07-24,2026-07-24T17:03:01+00:00
cilegon-industrial-coast,Cilegon industrial coast,2021-01-14T03:01:01.024000Z,2,96.193275,84.170,20.714,provisional_derived,SENTINEL-2/S2MSI2A,2021-01-01,2026-07-24,2026-07-24T17:03:01+00:00
cilegon-industrial-coast,Cilegon industrial coast,2021-01-19T03:00:29.024000Z,2,86.4154905,84.170,20.714,provisional_derived,SENTINEL-2/S2MSI2A,2021-01-01,2026-07-24,2026-07-24T17:03:01+00:00
cilegon-industrial-coast,Cilegon industrial coast,2021-01-24T03:00:21.024000Z,2,100.0,84.170,20.714,provisional_derived,SENTINEL-2/S2MSI2A,2021-01-01,2026-07-24,2026-07-24T17:03:01+00:00
cilegon-industrial-coast,Cilegon industrial coast,2021-01-29T02:59:49.024000Z,2,99.9438435,84.170,20.714,provisional_derived,SENTINEL-2/S2MSI2A,2021-01-01,2026-07-24,2026-07-24T17:03:01+00:00
cilegon-industrial-coast,Cilegon industrial coast,2021-02-03T02:59:31.024000Z,2,99.999991,84.170,20.714,provisional_derived,SENTINEL-2/S2MSI2A,2021-01-01,2026-07-24,2026-07-24T17:03:01+00:00
cilegon-industrial-coast,Cilegon industrial coast,2021-02-08T02:58:59.024000Z,2,80.061257,84.170,20.714,provisional_derived,SENTINEL-2/S2MSI2A,2021-01-01,2026-07-24,2026-07-24T17:03:01+00:00
cilegon-industrial-coast,Cilegon industrial coast,2021-02-13T02:58:21.024000Z,2,99.2715415,84.170,20.714,provisional_derived,SENTINEL-2/S2MSI2A,2021-01-01,2026-07-24,2026-07-24T17:03:01+00:00
cilegon-industrial-coast,Cilegon industrial coast,2021-02-18T02:57:49.024000Z,2,93.2172475,84.170,20.714,provisional_derived,SENTINEL-2/S2MSI2A,2021-01-01,2026-07-24,2026-07-24T17:03:01+00:00
cilegon-industrial-coast,Cilegon industrial coast,2021-02-23T02:57:21.024000Z,2,91.43598700000001,84.170,20.714,provisional_derived,SENTINEL-2/S2MSI2A,2021-01-01,2026-07-24,2026-07-24T17:03:01+00:00
cilegon-industrial-coast,Cilegon industrial coast,2021-02-28T02:56:49.024000Z,2,75.408995,84.170,20.714,provisional_derived,SENTINEL-2/S2MSI2A,2021-01-01,2026-07-24,2026-07-24T17:03:01+00:00
cilegon-industrial-coast,Cilegon industrial coast,2021-03-05T02:56:11.024000Z,2,23.8861435,84.170,20.714,provisional_derived,SENTINEL-2/S2MSI2A,2021-01-01,2026-07-24,2026-07-24T17:03:01+00:00
cilegon-industrial-coast,Cilegon industrial coast,2021-03-10T02:55:49.024000Z,2,84.231073,84.170,20.714,provisional_derived,SENTINEL-2/S2MSI2A,2021-01-01,2026-07-24,2026-07-24T17:03:01+00:00
cilegon-industrial-coast,Cilegon industrial coast,2021-03-15T02:55:41.024000Z,2,84.2995645,84.170,20.714,provisional_derived,SENTINEL-2/S2MSI2A,2021-01-01,2026-07-24,2026-07-24T17:03:01+00:00
cilegon-industrial-coast,Cilegon industrial coast,2021-03-20T02:55:49.024000Z,2,46.066137999999995,84.170,20.714,provisional_derived,SENTINEL-2/S2MSI2A,2021-01-01,2026-07-24,2026-07-24T17:03:01+00:00
cilegon-industrial-coast,Cilegon industrial coast,2021-03-25T02:55:41.024000Z,2,90.6143605,84.170,20.714,provisional_derived,SENTINEL-2/S2MSI2A,2021-01-01,2026-07-24,2026-07-24T17:03:01+00:00
cilegon-industrial-coast,Cilegon industrial coast,2021-03-30T02:55:39.024000Z,2,99.7485635,84.170,20.714,provisional_derived,SENTINEL-2/S2MSI2A,2021-01-01,2026-07-24,2026-07-24T17:03:01+00:00
cilegon-industrial-coast,Cilegon industrial coast,2021-04-04T02:55:41.024000Z,2,99.99962450000001,84.170,20.714,provisional_derived,SENTINEL-2/S2MSI2A,2021-01-01,2026-07-24,2026-07-24T17:03:01+00:00
cilegon-industrial-coast,Cilegon industrial coast,2021-04-09T02:55:39.024000Z,2,31.758483,84.170,20.714,provisional_derived,SENTINEL-2/S2MSI2A,2021-01-01,2026-07-24,2026-07-24T17:03:01+00:00
cilegon-industrial-coast,Cilegon industrial coast,2021-04-14T02:55:41.024000Z,2,25.944289,84.170,20.714,provisional_derived,SENTINEL-2/S2MSI2A,2021-01-01,2026-07-24,2026-07-24T17:03:01+00:00
cilegon-industrial-coast,Cilegon industrial coast,2021-04-19T02:55:39.024000Z,2,29.4638225,84.170,20.714,provisional_derived,SENTINEL-2/S2MSI2A,2021-01-01,2026-07-24,2026-07-24T17:03:01+00:00
cilegon-industrial-coast,Cilegon industrial coast,2021-04-24T02:55:41.024000Z,2,3.072618,84.170,20.714,provisional_derived,SENTINEL-2/S2MSI2A,2021-01-01,2026-07-24,2026-07-24T17:03:01+00:00
cilegon-industrial-coast,Cilegon industrial coast,2021-04-29T02:55:39.024000Z,2,35.831148999999996,84.170,20.714,provisional_derived,SENTINEL-2/S2MSI2A,2021-01-01,2026-07-24,2026-07-24T17:03:01+00:00
cilegon-industrial-coast,Cilegon industrial coast,2021-05-04T02:55:41.024000Z,2,97.6068885,84.170,20.714,provisional_derived,SENTINEL-2/S2MSI2A,2021-01-01,2026-07-24,2026-07-24T17:03:01+00:00
cilegon-industrial-coast,Cilegon industrial coast,2021-05-09T02:55:39.024000Z,2,76.533657,84.170,20.714,provisional_derived,SENTINEL-2/S2MSI2A,2021-01-01,2026-07-24,2026-07-24T17:03:01+00:00
cilegon-industrial-coast,Cilegon industrial coast,2021-05-14T02:55:41.024000Z,2,33.6841015,84.170,20.714,provisional_derived,SENTINEL-2/S2MSI2A,2021-01-01,2026-07-24,2026-07-24T17:03:01+00:00
cilegon-industrial-coast,Cilegon industrial coast,2021-05-19T02:55:49.024000Z,2,52.593987,84.170,20.714,provisional_derived,SENTINEL-2/S2MSI2A,2021-01-01,2026-07-24,2026-07-24T17:03:01+00:00
cilegon-industrial-coast,Cilegon industrial coast,2021-05-24T02:55:51.024000Z,2,27.5287945,84.170,20.714,provisional_derived,SENTINEL-2/S2MSI2A,2021-01-01,2026-07-24,2026-07-24T17:03:01+00:00
cilegon-industrial-coast,Cilegon industrial coast,2021-05-29T02:55:49.024000Z,2,97.57667749999999,84.170,20.714,provisional_derived,SENTINEL-2/S2MSI2A,2021-01-01,2026-07-24,2026-07-24T17:03:01+00:00
cilegon-industrial-coast,Cilegon industrial coast,2021-06-03T02:55:51.024000Z,2,57.520720499999996,84.170,20.714,provisional_derived,SENTINEL-2/S2MSI2A,2021-01-01,2026-07-24,2026-07-24T17:03:01+00:00
cilegon-industrial-coast,Cilegon industrial coast,2021-06-08T02:55:49.024000Z,2,22.251528,84.170,20.714,provisional_derived,SENTINEL-2/S2MSI2A,2021-01-01,2026-07-24,2026-07-24T17:03:01+00:00
cilegon-industrial-coast,Cilegon industrial coast,2021-06-13T02:55:51.024000Z,2,69.927171,84.170,20.714,provisional_derived,SENTINEL-2/S2MSI2A,2021-01-01,2026-07-24,2026-07-24T17:03:01+00:00
cilegon-industrial-coast,Cilegon industrial coast,2021-06-18T02:55:49.024000Z,2,87.4212835,84.170,20.714,provisional_derived,SENTINEL-2/S2MSI2A,2021-01-01,2026-07-24,2026-07-24T17:03:01+00:00
cilegon-industrial-coast,Cilegon industrial coast,2021-06-23T02:55:51.024000Z,2,99.99398,84.170,20.714,provisional_derived,SENTINEL-2/S2MSI2A,2021-01-01,2026-07-24,2026-07-24T17:03:01+00:00
cilegon-industrial-coast,Cilegon industrial coast,2021-06-28T02:55:49.024000Z,2,99.9985965,84.170,20.714,provisional_derived,SENTINEL-2/S2MSI2A,2021-01-01,2026-07-24,2026-07-24T17:03:01+00:00
cilegon-industrial-coast,Cilegon industrial coast,2021-07-03T02:55:51.024000Z,2,40.7361565,84.170,20.714,provisional_derived,SENTINEL-2/S2MSI2A,2021-01-01,2026-07-24,2026-07-24T17:03:01+00:00
cilegon-industrial-coast,Cilegon industrial coast,2021-07-08T02:55:49.024000Z,2,70.5592275,84.170,20.714,provisional_derived,SENTINEL-2/S2MSI2A,2021-01-01,2026-07-24,2026-07-24T17:03:01+00:00
cilegon-industrial-coast,Cilegon industrial coast,2021-07-13T02:55:51.024000Z,2,97.360453,84.170,20.714,provisional_derived,SENTINEL-2/S2MSI2A,2021-01-01,2026-07-24,2026-07-24T17:03:01+00:00
cilegon-industrial-coast,Cilegon industrial coast,2021-07-18T02:55:49.024000Z,2,0.317365,84.170,20.714,provisional_derived,SENTINEL-2/S2MSI2A,2021-01-01,2026-07-24,2026-07-24T17:03:01+00:00
cilegon-industrial-coast,Cilegon industrial coast,2021-07-23T02:55:51.024000Z,2,97.3374365,84.170,20.714,provisional_derived,SENTINEL-2/S2MSI2A,2021-01-01,2026-07-24,2026-07-24T17:03:01+00:00
cilegon-industrial-coast,Cilegon industrial coast,2021-07-28T02:55:49.024000Z,2,0.6616095,84.170,20.714,provisional_derived,SENTINEL-2/S2MSI2A,2021-01-01,2026-07-24,2026-07-24T17:03:01+00:00
cilegon-industrial-coast,Cilegon industrial coast,2021-08-02T02:55:51.024000Z,2,68.1849035,84.170,20.714,provisional_derived,SENTINEL-2/S2MSI2A,2021-01-01,2026-07-24,2026-07-24T17:03:01+00:00
cilegon-industrial-coast,Cilegon industrial coast,2021-08-07T02:55:49.024000Z,2,19.220615000000002,84.170,20.714,provisional_derived,SENTINEL-2/S2MSI2A,2021-01-01,2026-07-24,2026-07-24T17:03:01+00:00
cilegon-industrial-coast,Cilegon industrial coast,2021-08-12T02:55:51.024000Z,2,0.736455,84.170,20.714,provisional_derived,SENTINEL-2/S2MSI2A,2021-01-01,2026-07-24,2026-07-24T17:03:01+00:00
cilegon-industrial-coast,Cilegon industrial coast,2021-08-17T02:55:49.024000Z,2,22.896614,84.170,20.714,provisional_derived,SENTINEL-2/S2MSI2A,2021-01-01,2026-07-24,2026-07-24T17:03:01+00:00
cilegon-industrial-coast,Cilegon industrial coast,2021-08-22T02:55:51.024000Z,2,83.128387,84.170,20.714,provisional_derived,SENTINEL-2/S2MSI2A,2021-01-01,2026-07-24,2026-07-24T17:03:01+00:00
cilegon-industrial-coast,Cilegon industrial coast,2021-08-27T02:55:39.024000Z,2,4.4720825,84.170,20.714,provisional_derived,SENTINEL-2/S2MSI2A,2021-01-01,2026-07-24,2026-07-24T17:03:01+00:00
cilegon-industrial-coast,Cilegon industrial coast,2021-09-01T02:55:51.024000Z,2,69.731778,84.170,20.714,provisional_derived,SENTINEL-2/S2MSI2A,2021-01-01,2026-07-24,2026-07-24T17:03:01+00:00
cilegon-industrial-coast,Cilegon industrial coast,2021-09-06T02:55:39.024000Z,2,98.133263,84.170,20.714,provisional_derived,SENTINEL-2/S2MSI2A,2021-01-01,2026-07-24,2026-07-24T17:03:01+00:00
cilegon-industrial-coast,Cilegon industrial coast,2021-09-11T02:55:51.024000Z,2,91.972557,84.170,20.714,provisional_derived,SENTINEL-2/S2MSI2A,2021-01-01,2026-07-24,2026-07-24T17:03:01+00:00
cilegon-industrial-coast,Cilegon industrial coast,2021-09-16T02:55:39.024000Z,2,24.0684785,84.170,20.714,provisional_derived,SENTINEL-2/S2MSI2A,2021-01-01,2026-07-24,2026-07-24T17:03:01+00:00
cilegon-industrial-coast,Cilegon industrial coast,2021-09-21T02:55:51.024000Z,2,34.133204500000005,84.170,20.714,provisional_derived,SENTINEL-2/S2MSI2A,2021-01-01,2026-07-24,2026-07-24T17:03:01+00:00
cilegon-industrial-coast,Cilegon industrial coast,2021-09-26T02:55:39.024000Z,2,83.7299945,84.170,20.714,provisional_derived,SENTINEL-2/S2MSI2A,2021-01-01,2026-07-24,2026-07-24T17:03:01+00:00
cilegon-industrial-coast,Cilegon industrial coast,2021-10-01T02:55:51.024000Z,2,97.691622,84.170,20.714,provisional_derived,SENTINEL-2/S2MSI2A,2021-01-01,2026-07-24,2026-07-24T17:03:01+00:00
cilegon-industrial-coast,Cilegon industrial coast,2021-10-06T02:55:59.024000Z,2,77.284163,84.170,20.714,provisional_derived,SENTINEL-2/S2MSI2A,2021-01-01,2026-07-24,2026-07-24T17:03:01+00:00
cilegon-industrial-coast,Cilegon industrial coast,2021-10-11T02:56:41.024000Z,2,88.2483785,84.170,20.714,provisional_derived,SENTINEL-2/S2MSI2A,2021-01-01,2026-07-24,2026-07-24T17:03:01+00:00
cilegon-industrial-coast,Cilegon industrial coast,2021-10-16T02:57:09.024000Z,2,19.757334999999998,84.170,20.714,provisional_derived,SENTINEL-2/S2MSI2A,2021-01-01,2026-07-24,2026-07-24T17:03:01+00:00
cilegon-industrial-coast,Cilegon industrial coast,2021-10-21T02:57:51.024000Z,2,90.404284,84.170,20.714,provisional_derived,SENTINEL-2/S2MSI2A,2021-01-01,2026-07-24,2026-07-24T17:03:01+00:00
cilegon-industrial-coast,Cilegon industrial coast,2021-10-26T02:58:09.024000Z,2,56.817981499999995,84.170,20.714,provisional_derived,SENTINEL-2/S2MSI2A,2021-01-01,2026-07-24,2026-07-24T17:03:01+00:00
cilegon-industrial-coast,Cilegon industrial coast,2021-10-31T02:58:41.024000Z,2,70.937985,84.170,20.714,provisional_derived,SENTINEL-2/S2MSI2A,2021-01-01,2026-07-24,2026-07-24T17:03:01+00:00
cilegon-industrial-coast,Cilegon industrial coast,2021-11-05T02:59:09.024000Z,2,100.0,84.170,20.714,provisional_derived,SENTINEL-2/S2MSI2A,2021-01-01,2026-07-24,2026-07-24T17:03:01+00:00
cilegon-industrial-coast,Cilegon industrial coast,2021-11-10T02:59:41.024000Z,2,99.999994,84.170,20.714,provisional_derived,SENTINEL-2/S2MSI2A,2021-01-01,2026-07-24,2026-07-24T17:03:01+00:00
cilegon-industrial-coast,Cilegon industrial coast,2021-11-15T02:59:59.024000Z,2,100.0,84.170,20.714,provisional_derived,SENTINEL-2/S2MSI2A,2021-01-01,2026-07-24,2026-07-24T17:03:01+00:00
cilegon-industrial-coast,Cilegon industrial coast,2021-11-20T03:00:21.024000Z,2,91.043684,84.170,20.714,provisional_derived,SENTINEL-2/S2MSI2A,2021-01-01,2026-07-24,2026-07-24T17:03:01+00:00
cilegon-industrial-coast,Cilegon industrial coast,2021-11-25T03:00:29.024000Z,2,19.508943000000002,84.170,20.714,provisional_derived,SENTINEL-2/S2MSI2A,2021-01-01,2026-07-24,2026-07-24T17:03:01+00:00
cilegon-industrial-coast,Cilegon industrial coast,2021-11-30T03:01:01.024000Z,2,99.8771935,84.170,20.714,provisional_derived,SENTINEL-2/S2MSI2A,2021-01-01,2026-07-24,2026-07-24T17:03:01+00:00
cilegon-industrial-coast,Cilegon industrial coast,2021-12-05T03:01:09.024000Z,2,99.9593705,84.170,20.714,provisional_derived,SENTINEL-2/S2MSI2A,2021-01-01,2026-07-24,2026-07-24T17:03:01+00:00
cilegon-industrial-coast,Cilegon industrial coast,2021-12-10T03:01:21.024000Z,2,92.368752,84.170,20.714,provisional_derived,SENTINEL-2/S2MSI2A,2021-01-01,2026-07-24,2026-07-24T17:03:01+00:00
cilegon-industrial-coast,Cilegon industrial coast,2021-12-15T03:01:19.024000Z,2,66.6078895,84.170,20.714,provisional_derived,SENTINEL-2/S2MSI2A,2021-01-01,2026-07-24,2026-07-24T17:03:01+00:00
cilegon-industrial-coast,Cilegon industrial coast,2021-12-20T03:01:31.024000Z,2,99.999988,84.170,20.714,provisional_derived,SENTINEL-2/S2MSI2A,2021-01-01,2026-07-24,2026-07-24T17:03:01+00:00
cilegon-industrial-coast,Cilegon industrial coast,2021-12-25T03:01:29.024000Z,2,98.238501,84.170,20.714,provisional_derived,SENTINEL-2/S2MSI2A,2021-01-01,2026-07-24,2026-07-24T17:03:01+00:00
cilegon-industrial-coast,Cilegon industrial coast,2021-12-30T03:01:31.024000Z,2,98.634258,84.170,20.714,provisional_derived,SENTINEL-2/S2MSI2A,2021-01-01,2026-07-24,2026-07-24T17:03:01+00:00
cilegon-industrial-coast,Cilegon industrial coast,2022-01-04T03:01:19.000000Z,2,49.1394375,84.170,20.714,provisional_derived,SENTINEL-2/S2MSI2A,2021-01-01,2026-07-24,2026-07-24T17:03:01+00:00
cilegon-industrial-coast,Cilegon industrial coast,2022-01-09T03:01:11.000000Z,2,99.999979,84.170,20.714,provisional_derived,SENTINEL-2/S2MSI2A,2021-01-01,2026-07-24,2026-07-24T17:03:01+00:00
cilegon-industrial-coast,Cilegon industrial coast,2022-01-14T03:00:49.024000Z,2,82.09164100000001,84.170,20.714,provisional_derived,SENTINEL-2/S2MSI2A,2021-01-01,2026-07-24,2026-07-24T17:03:01+00:00
cilegon-industrial-coast,Cilegon industrial coast,2022-01-24T03:00:09.024000Z,2,51.0551525,84.170,20.714,provisional_derived,SENTINEL-2/S2MSI2A,2021-01-01,2026-07-24,2026-07-24T17:03:01+00:00
cilegon-industrial-coast,Cilegon industrial coast,2022-01-29T02:59:51.000000Z,2,99.6830585,84.170,20.714,provisional_derived,SENTINEL-2/S2MSI2A,2021-01-01,2026-07-24,2026-07-24T17:03:01+00:00
cilegon-industrial-coast,Cilegon industrial coast,2022-02-03T02:59:19.024000Z,2,47.9863375,84.170,20.714,provisional_derived,SENTINEL-2/S2MSI2A,2021-01-01,2026-07-24,2026-07-24T17:03:01+00:00
cilegon-industrial-coast,Cilegon industrial coast,2022-02-08T02:59:01.024000Z,2,100.0,84.170,20.714,provisional_derived,SENTINEL-2/S2MSI2A,2021-01-01,2026-07-24,2026-07-24T17:03:01+00:00
cilegon-industrial-coast,Cilegon industrial coast,2022-02-13T02:58:19.024000Z,2,99.99470099999999,84.170,20.714,provisional_derived,SENTINEL-2/S2MSI2A,2021-01-01,2026-07-24,2026-07-24T17:03:01+00:00
cilegon-industrial-coast,Cilegon industrial coast,2022-02-18T02:58:01.024000Z,2,99.6360925,84.170,20.714,provisional_derived,SENTINEL-2/S2MSI2A,2021-01-01,2026-07-24,2026-07-24T17:03:01+00:00
cilegon-industrial-coast,Cilegon industrial coast,2022-02-23T02:57:19.024000Z,2,93.4234055,84.170,20.714,provisional_derived,SENTINEL-2/S2MSI2A,2021-01-01,2026-07-24,2026-07-24T17:03:01+00:00
cilegon-industrial-coast,Cilegon industrial coast,2022-02-28T02:56:51.024000Z,2,99.97653650000001,84.170,20.714,provisional_derived,SENTINEL-2/S2MSI2A,2021-01-01,2026-07-24,2026-07-24T17:03:01+00:00
cilegon-industrial-coast,Cilegon industrial coast,2022-03-05T02:56:09.024000Z,2,75.8369865,84.170,20.714,provisional_derived,SENTINEL-2/S2MSI2A,2021-01-01,2026-07-24,2026-07-24T17:03:01+00:00
cilegon-industrial-coast,Cilegon industrial coast,2022-03-10T02:55:51.024000Z,2,73.736811,84.170,20.714,provisional_derived,SENTINEL-2/S2MSI2A,2021-01-01,2026-07-24,2026-07-24T17:03:01+00:00
cilegon-industrial-coast,Cilegon industrial coast,2022-03-15T02:55:39.024000Z,2,99.9868335,84.170,20.714,provisional_derived,SENTINEL-2/S2MSI2A,2021-01-01,2026-07-24,2026-07-24T17:03:01+00:00
cilegon-industrial-coast,Cilegon industrial coast,2022-03-20T02:55:51.024000Z,2,56.430647,84.170,20.714,provisional_derived,SENTINEL-2/S2MSI2A,2021-01-01,2026-07-24,2026-07-24T17:03:01+00:00
cilegon-industrial-coast,Cilegon industrial coast,2022-03-25T02:55:39.024000Z,2,99.790311,84.170,20.714,provisional_derived,SENTINEL-2/S2MSI2A,2021-01-01,2026-07-24,2026-07-24T17:03:01+00:00
cilegon-industrial-coast,Cilegon industrial coast,2022-03-30T02:55:51.024000Z,2,100.0,84.170,20.714,provisional_derived,SENTINEL-2/S2MSI2A,2021-01-01,2026-07-24,2026-07-24T17:03:01+00:00
cilegon-industrial-coast,Cilegon industrial coast,2022-04-04T02:55:39.024000Z,2,37.0396685,84.170,20.714,provisional_derived,SENTINEL-2/S2MSI2A,2021-01-01,2026-07-24,2026-07-24T17:03:01+00:00
cilegon-industrial-coast,Cilegon industrial coast,2022-04-09T02:55:51.024000Z,2,47.077556,84.170,20.714,provisional_derived,SENTINEL-2/S2MSI2A,2021-01-01,2026-07-24,2026-07-24T17:03:01+00:00
cilegon-industrial-coast,Cilegon industrial coast,2022-04-14T02:55:39.024000Z,2,13.9957675,84.170,20.714,provisional_derived,SENTINEL-2/S2MSI2A,2021-01-01,2026-07-24,2026-07-24T17:03:01+00:00
cilegon-industrial-coast,Cilegon industrial coast,2022-04-19T02:55:51.024000Z,2,99.77155299999998,84.170,20.714,provisional_derived,SENTINEL-2/S2MSI2A,2021-01-01,2026-07-24,2026-07-24T17:03:01+00:00
cilegon-industrial-coast,Cilegon industrial coast,2022-04-24T02:55:39.024000Z,2,98.17625849999999,84.170,20.714,provisional_derived,SENTINEL-2/S2MSI2A,2021-01-01,2026-07-24,2026-07-24T17:03:01+00:00
cilegon-industrial-coast,Cilegon industrial coast,2022-04-29T02:55:51.024000Z,2,79.6205195,84.170,20.714,provisional_derived,SENTINEL-2/S2MSI2A,2021-01-01,2026-07-24,2026-07-24T17:03:01+00:00
cilegon-industrial-coast,Cilegon industrial coast,2022-05-04T02:55:39.024000Z,2,99.999964,84.170,20.714,provisional_derived,SENTINEL-2/S2MSI2A,2021-01-01,2026-07-24,2026-07-24T17:03:01+00:00
cilegon-industrial-coast,Cilegon industrial coast,2022-05-09T02:55:51.024000Z,2,66.7017905,84.170,20.714,provisional_derived,SENTINEL-2/S2MSI2A,2021-01-01,2026-07-24,2026-07-24T17:03:01+00:00
cilegon-industrial-coast,Cilegon industrial coast,2022-05-14T02:55:39.024000Z,2,47.721540999999995,84.170,20.714,provisional_derived,SENTINEL-2/S2MSI2A,2021-01-01,2026-07-24,2026-07-24T17:03:01+00:00
cilegon-industrial-coast,Cilegon industrial coast,2022-05-19T02:55:51.000000Z,2,77.457604,84.170,20.714,provisional_derived,SENTINEL-2/S2MSI2A,2021-01-01,2026-07-24,2026-07-24T17:03:01+00:00
cilegon-industrial-coast,Cilegon industrial coast,2022-05-24T02:55:49.000000Z,2,55.2968815,84.170,20.714,provisional_derived,SENTINEL-2/S2MSI2A,2021-01-01,2026-07-24,2026-07-24T17:03:01+00:00
cilegon-industrial-coast,Cilegon industrial coast,2022-05-29T02:55:51.024000Z,2,78.32402,84.170,20.714,provisional_derived,SENTINEL-2/S2MSI2A,2021-01-01,2026-07-24,2026-07-24T17:03:01+00:00
cilegon-industrial-coast,Cilegon industrial coast,2022-06-03T02:55:49.024000Z,2,62.453082,84.170,20.714,provisional_derived,SENTINEL-2/S2MSI2A,2021-01-01,2026-07-24,2026-07-24T17:03:01+00:00
cilegon-industrial-coast,Cilegon industrial coast,2022-06-08T02:55:31.024000Z,2,87.133047,84.170,20.714,provisional_derived,SENTINEL-2/S2MSI2A,2021-01-01,2026-07-24,2026-07-24T17:03:01+00:00
cilegon-industrial-coast,Cilegon industrial coast,2022-06-13T02:55:29.024000Z,2,99.952328,84.170,20.714,provisional_derived,SENTINEL-2/S2MSI2A,2021-01-01,2026-07-24,2026-07-24T17:03:01+00:00
cilegon-industrial-coast,Cilegon industrial coast,2022-06-18T02:55:41.024000Z,2,60.839154,84.170,20.714,provisional_derived,SENTINEL-2/S2MSI2A,2021-01-01,2026-07-24,2026-07-24T17:03:01+00:00
cilegon-industrial-coast,Cilegon industrial coast,2022-06-23T02:55:29.024000Z,2,98.9116195,84.170,20.714,provisional_derived,SENTINEL-2/S2MSI2A,2021-01-01,2026-07-24,2026-07-24T17:03:01+00:00
cilegon-industrial-coast,Cilegon industrial coast,2022-06-28T02:55:41.024000Z,2,44.1017415,84.170,20.714,provisional_derived,SENTINEL-2/S2MSI2A,2021-01-01,2026-07-24,2026-07-24T17:03:01+00:00
cilegon-industrial-coast,Cilegon industrial coast,2022-07-03T02:55:29.024000Z,2,91.56931349999999,84.170,20.714,provisional_derived,SENTINEL-2/S2MSI2A,2021-01-01,2026-07-24,2026-07-24T17:03:01+00:00
cilegon-industrial-coast,Cilegon industrial coast,2022-07-08T02:55:41.024000Z,2,4.3123765,84.170,20.714,provisional_derived,SENTINEL-2/S2MSI2A,2021-01-01,2026-07-24,2026-07-24T17:03:01+00:00
cilegon-industrial-coast,Cilegon industrial coast,2022-07-13T02:55:29.024000Z,2,99.99976749999999,84.170,20.714,provisional_derived,SENTINEL-2/S2MSI2A,2021-01-01,2026-07-24,2026-07-24T17:03:01+00:00
cilegon-industrial-coast,Cilegon industrial coast,2022-07-18T02:55:41.024000Z,2,34.5860805,84.170,20.714,provisional_derived,SENTINEL-2/S2MSI2A,2021-01-01,2026-07-24,2026-07-24T17:03:01+00:00
cilegon-industrial-coast,Cilegon industrial coast,2022-07-23T02:55:29.024000Z,2,42.4834805,84.170,20.714,provisional_derived,SENTINEL-2/S2MSI2A,2021-01-01,2026-07-24,2026-07-24T17:03:01+00:00
cilegon-industrial-coast,Cilegon industrial coast,2022-07-28T02:55:31.024000Z,2,27.562599,84.170,20.714,provisional_derived,SENTINEL-2/S2MSI2A,2021-01-01,2026-07-24,2026-07-24T17:03:01+00:00
cilegon-industrial-coast,Cilegon industrial coast,2022-08-02T02:55:29.024000Z,2,80.9017775,84.170,20.714,provisional_derived,SENTINEL-2/S2MSI2A,2021-01-01,2026-07-24,2026-07-24T17:03:01+00:00
cilegon-industrial-coast,Cilegon industrial coast,2022-08-07T02:55:41.024000Z,2,21.5167705,84.170,20.714,provisional_derived,SENTINEL-2/S2MSI2A,2021-01-01,2026-07-24,2026-07-24T17:03:01+00:00
cilegon-industrial-coast,Cilegon industrial coast,2022-08-12T02:55:29.024000Z,2,26.0147625,84.170,20.714,provisional_derived,SENTINEL-2/S2MSI2A,2021-01-01,2026-07-24,2026-07-24T17:03:01+00:00
cilegon-industrial-coast,Cilegon industrial coast,2022-08-17T02:55:41.024000Z,2,23.254572500000002,84.170,20.714,provisional_derived,SENTINEL-2/S2MSI2A,2021-01-01,2026-07-24,2026-07-24T17:03:01+00:00
cilegon-industrial-coast,Cilegon industrial coast,2022-08-22T02:55:29.024000Z,2,97.4532545,84.170,20.714,provisional_derived,SENTINEL-2/S2MSI2A,2021-01-01,2026-07-24,2026-07-24T17:03:01+00:00
cilegon-industrial-coast,Cilegon industrial coast,2022-08-27T02:55:41.024000Z,2,86.830223,84.170,20.714,provisional_derived,SENTINEL-2/S2MSI2A,2021-01-01,2026-07-24,2026-07-24T17:03:01+00:00
cilegon-industrial-coast,Cilegon industrial coast,2022-09-01T02:55:29.024000Z,2,84.7283455,84.170,20.714,provisional_derived,SENTINEL-2/S2MSI2A,2021-01-01,2026-07-24,2026-07-24T17:03:01+00:00
cilegon-industrial-coast,Cilegon industrial coast,2022-09-06T02:55:41.024000Z,2,49.9315335,84.170,20.714,provisional_derived,SENTINEL-2/S2MSI2A,2021-01-01,2026-07-24,2026-07-24T17:03:01+00:00
cilegon-industrial-coast,Cilegon industrial coast,2022-09-11T02:55:29.024000Z,2,51.480439,84.170,20.714,provisional_derived,SENTINEL-2/S2MSI2A,2021-01-01,2026-07-24,2026-07-24T17:03:01+00:00
cilegon-industrial-coast,Cilegon industrial coast,2022-09-16T02:55:31.024000Z,2,88.127026,84.170,20.714,provisional_derived,SENTINEL-2/S2MSI2A,2021-01-01,2026-07-24,2026-07-24T17:03:01+00:00
cilegon-industrial-coast,Cilegon industrial coast,2022-09-21T02:55:29.024000Z,2,63.733479,84.170,20.714,provisional_derived,SENTINEL-2/S2MSI2A,2021-01-01,2026-07-24,2026-07-24T17:03:01+00:00
cilegon-industrial-coast,Cilegon industrial coast,2022-09-26T02:55:31.024000Z,2,50.623534500000005,84.170,20.714,provisional_derived,SENTINEL-2/S2MSI2A,2021-01-01,2026-07-24,2026-07-24T17:03:01+00:00
cilegon-industrial-coast,Cilegon industrial coast,2022-10-01T02:55:19.024000Z,2,40.717164999999994,84.170,20.714,provisional_derived,SENTINEL-2/S2MSI2A,2021-01-01,2026-07-24,2026-07-24T17:03:01+00:00
cilegon-industrial-coast,Cilegon industrial coast,2022-10-06T02:56:01.024000Z,2,87.715879,84.170,20.714,provisional_derived,SENTINEL-2/S2MSI2A,2021-01-01,2026-07-24,2026-07-24T17:03:01+00:00
cilegon-industrial-coast,Cilegon industrial coast,2022-10-11T02:56:29.024000Z,2,97.322249,84.170,20.714,provisional_derived,SENTINEL-2/S2MSI2A,2021-01-01,2026-07-24,2026-07-24T17:03:01+00:00
cilegon-industrial-coast,Cilegon industrial coast,2022-10-16T02:57:11.024000Z,2,86.8005575,84.170,20.714,provisional_derived,SENTINEL-2/S2MSI2A,2021-01-01,2026-07-24,2026-07-24T17:03:01+00:00
cilegon-industrial-coast,Cilegon industrial coast,2022-10-21T02:57:39.024000Z,2,100.0,84.170,20.714,provisional_derived,SENTINEL-2/S2MSI2A,2021-01-01,2026-07-24,2026-07-24T17:03:01+00:00
cilegon-industrial-coast,Cilegon industrial coast,2022-10-26T02:58:11.024000Z,2,100.0,84.170,20.714,provisional_derived,SENTINEL-2/S2MSI2A,2021-01-01,2026-07-24,2026-07-24T17:03:01+00:00
cilegon-industrial-coast,Cilegon industrial coast,2022-10-31T02:58:39.024000Z,2,99.5931355,84.170,20.714,provisional_derived,SENTINEL-2/S2MSI2A,2021-01-01,2026-07-24,2026-07-24T17:03:01+00:00
cilegon-industrial-coast,Cilegon industrial coast,2022-11-05T02:59:11.024000Z,2,66.33919499999999,84.170,20.714,provisional_derived,SENTINEL-2/S2MSI2A,2021-01-01,2026-07-24,2026-07-24T17:03:01+00:00
cilegon-industrial-coast,Cilegon industrial coast,2022-11-10T02:59:39.024000Z,2,99.9859275,84.170,20.714,provisional_derived,SENTINEL-2/S2MSI2A,2021-01-01,2026-07-24,2026-07-24T17:03:01+00:00
cilegon-industrial-coast,Cilegon industrial coast,2022-11-15T03:00:01.024000Z,2,99.849716,84.170,20.714,provisional_derived,SENTINEL-2/S2MSI2A,2021-01-01,2026-07-24,2026-07-24T17:03:01+00:00
cilegon-industrial-coast,Cilegon industrial coast,2022-11-20T03:00:19.024000Z,2,96.212655,84.170,20.714,provisional_derived,SENTINEL-2/S2MSI2A,2021-01-01,2026-07-24,2026-07-24T17:03:01+00:00
cilegon-industrial-coast,Cilegon industrial coast,2022-11-25T03:00:31.024000Z,2,82.515219,84.170,20.714,provisional_derived,SENTINEL-2/S2MSI2A,2021-01-01,2026-07-24,2026-07-24T17:03:01+00:00
cilegon-industrial-coast,Cilegon industrial coast,2022-11-30T03:00:59.024000Z,2,100.0,84.170,20.714,provisional_derived,SENTINEL-2/S2MSI2A,2021-01-01,2026-07-24,2026-07-24T17:03:01+00:00
cilegon-industrial-coast,Cilegon industrial coast,2022-12-05T03:01:11.024000Z,2,99.8383135,84.170,20.714,provisional_derived,SENTINEL-2/S2MSI2A,2021-01-01,2026-07-24,2026-07-24T17:03:01+00:00
cilegon-industrial-coast,Cilegon industrial coast,2022-12-10T03:01:19.024000Z,2,99.913171,84.170,20.714,provisional_derived,SENTINEL-2/S2MSI2A,2021-01-01,2026-07-24,2026-07-24T17:03:01+00:00
cilegon-industrial-coast,Cilegon industrial coast,2022-12-15T03:01:31.024000Z,2,93.14524850000001,84.170,20.714,provisional_derived,SENTINEL-2/S2MSI2A,2021-01-01,2026-07-24,2026-07-24T17:03:01+00:00
cilegon-industrial-coast,Cilegon industrial coast,2022-12-20T03:01:29.024000Z,2,99.825126,84.170,20.714,provisional_derived,SENTINEL-2/S2MSI2A,2021-01-01,2026-07-24,2026-07-24T17:03:01+00:00
cilegon-industrial-coast,Cilegon industrial coast,2022-12-25T03:01:31.024000Z,2,100.0,84.170,20.714,provisional_derived,SENTINEL-2/S2MSI2A,2021-01-01,2026-07-24,2026-07-24T17:03:01+00:00
cilegon-industrial-coast,Cilegon industrial coast,2022-12-30T03:01:29.024000Z,2,100.0,84.170,20.714,provisional_derived,SENTINEL-2/S2MSI2A,2021-01-01,2026-07-24,2026-07-24T17:03:01+00:00
cilegon-industrial-coast,Cilegon industrial coast,2023-01-04T03:01:21.024000Z,2,97.8698015,84.170,20.714,provisional_derived,SENTINEL-2/S2MSI2A,2021-01-01,2026-07-24,2026-07-24T17:03:01+00:00
cilegon-industrial-coast,Cilegon industrial coast,2023-01-09T03:01:09.024000Z,2,58.08510750000001,84.170,20.714,provisional_derived,SENTINEL-2/S2MSI2A,2021-01-01,2026-07-24,2026-07-24T17:03:01+00:00
cilegon-industrial-coast,Cilegon industrial coast,2023-01-14T03:00:51.024000Z,2,63.2756385,84.170,20.714,provisional_derived,SENTINEL-2/S2MSI2A,2021-01-01,2026-07-24,2026-07-24T17:03:01+00:00
cilegon-industrial-coast,Cilegon industrial coast,2023-01-19T03:00:29.024000Z,2,99.99937700000001,84.170,20.714,provisional_derived,SENTINEL-2/S2MSI2A,2021-01-01,2026-07-24,2026-07-24T17:03:01+00:00
cilegon-industrial-coast,Cilegon industrial coast,2023-01-24T03:00:11.024000Z,2,99.659896,84.170,20.714,provisional_derived,SENTINEL-2/S2MSI2A,2021-01-01,2026-07-24,2026-07-24T17:03:01+00:00
cilegon-industrial-coast,Cilegon industrial coast,2023-01-29T02:59:59.024000Z,2,99.453169,84.170,20.714,provisional_derived,SENTINEL-2/S2MSI2A,2021-01-01,2026-07-24,2026-07-24T17:03:01+00:00
cilegon-industrial-coast,Cilegon industrial coast,2023-02-03T02:59:31.024000Z,2,99.3068395,84.170,20.714,provisional_derived,SENTINEL-2/S2MSI2A,2021-01-01,2026-07-24,2026-07-24T17:03:01+00:00
cilegon-industrial-coast,Cilegon industrial coast,2023-02-08T02:58:59.024000Z,2,99.1729705,84.170,20.714,provisional_derived,SENTINEL-2/S2MSI2A,2021-01-01,2026-07-24,2026-07-24T17:03:01+00:00
cilegon-industrial-coast,Cilegon industrial coast,2023-02-13T02:58:31.024000Z,2,98.90059550000001,84.170,20.714,provisional_derived,SENTINEL-2/S2MSI2A,2021-01-01,2026-07-24,2026-07-24T17:03:01+00:00
cilegon-industrial-coast,Cilegon industrial coast,2023-02-18T02:57:59.024000Z,2,32.49175999999999,84.170,20.714,provisional_derived,SENTINEL-2/S2MSI2A,2021-01-01,2026-07-24,2026-07-24T17:03:01+00:00
cilegon-industrial-coast,Cilegon industrial coast,2023-02-23T02:57:21.024000Z,2,88.189751,84.170,20.714,provisional_derived,SENTINEL-2/S2MSI2A,2021-01-01,2026-07-24,2026-07-24T17:03:01+00:00
cilegon-industrial-coast,Cilegon industrial coast,2023-02-28T02:56:49.025000Z,2,94.9002025,84.170,20.714,provisional_derived,SENTINEL-2/S2MSI2A,2021-01-01,2026-07-24,2026-07-24T17:03:01+00:00
cilegon-industrial-coast,Cilegon industrial coast,2023-03-05T02:56:11.024000Z,2,65.2074295,84.170,20.714,provisional_derived,SENTINEL-2/S2MSI2A,2021-01-01,2026-07-24,2026-07-24T17:03:01+00:00
cilegon-industrial-coast,Cilegon industrial coast,2023-03-10T02:55:39.025000Z,2,28.506221,84.170,20.714,provisional_derived,SENTINEL-2/S2MSI2A,2021-01-01,2026-07-24,2026-07-24T17:03:01+00:00
cilegon-industrial-coast,Cilegon industrial coast,2023-03-15T02:55:21.024000Z,2,87.019646,84.170,20.714,provisional_derived,SENTINEL-2/S2MSI2A,2021-01-01,2026-07-24,2026-07-24T17:03:01+00:00
cilegon-industrial-coast,Cilegon industrial coast,2023-03-20T02:55:29.024000Z,2,79.7138425,84.170,20.714,provisional_derived,SENTINEL-2/S2MSI2A,2021-01-01,2026-07-24,2026-07-24T17:03:01+00:00
cilegon-industrial-coast,Cilegon industrial coast,2023-03-25T02:55:21.024000Z,2,99.99249900000001,84.170,20.714,provisional_derived,SENTINEL-2/S2MSI2A,2021-01-01,2026-07-24,2026-07-24T17:03:01+00:00
cilegon-industrial-coast,Cilegon industrial coast,2023-03-30T02:55:29.024000Z,2,62.745219500000005,84.170,20.714,provisional_derived,SENTINEL-2/S2MSI2A,2021-01-01,2026-07-24,2026-07-24T17:03:01+00:00
cilegon-industrial-coast,Cilegon industrial coast,2023-04-04T02:55:21.024000Z,2,95.228535,84.170,20.714,provisional_derived,SENTINEL-2/S2MSI2A,2021-01-01,2026-07-24,2026-07-24T17:03:01+00:00
cilegon-industrial-coast,Cilegon industrial coast,2023-04-09T02:55:29.024000Z,2,63.1922065,84.170,20.714,provisional_derived,SENTINEL-2/S2MSI2A,2021-01-01,2026-07-24,2026-07-24T17:03:01+00:00
cilegon-industrial-coast,Cilegon industrial coast,2023-04-14T02:55:21.024000Z,2,65.6772255,84.170,20.714,provisional_derived,SENTINEL-2/S2MSI2A,2021-01-01,2026-07-24,2026-07-24T17:03:01+00:00
cilegon-industrial-coast,Cilegon industrial coast,2023-04-19T02:55:29.024000Z,2,22.609418499999997,84.170,20.714,provisional_derived,SENTINEL-2/S2MSI2A,2021-01-01,2026-07-24,2026-07-24T17:03:01+00:00
cilegon-industrial-coast,Cilegon industrial coast,2023-04-24T02:55:21.024000Z,2,25.0734735,84.170,20.714,provisional_derived,SENTINEL-2/S2MSI2A,2021-01-01,2026-07-24,2026-07-24T17:03:01+00:00
cilegon-industrial-coast,Cilegon industrial coast,2023-04-29T02:55:29.024000Z,2,99.98921150000001,84.170,20.714,provisional_derived,SENTINEL-2/S2MSI2A,2021-01-01,2026-07-24,2026-07-24T17:03:01+00:00
cilegon-industrial-coast,Cilegon industrial coast,2023-05-04T02:55:21.024000Z,2,84.94251700000001,84.170,20.714,provisional_derived,SENTINEL-2/S2MSI2A,2021-01-01,2026-07-24,2026-07-24T17:03:01+00:00
cilegon-industrial-coast,Cilegon industrial coast,2023-05-09T02:55:29.024000Z,2,92.26753099999999,84.170,20.714,provisional_derived,SENTINEL-2/S2MSI2A,2021-01-01,2026-07-24,2026-07-24T17:03:01+00:00
cilegon-industrial-coast,Cilegon industrial coast,2023-05-14T02:55:21.024000Z,2,40.5139865,84.170,20.714,provisional_derived,SENTINEL-2/S2MSI2A,2021-01-01,2026-07-24,2026-07-24T17:03:01+00:00
cilegon-industrial-coast,Cilegon industrial coast,2023-05-19T02:55:29.024000Z,2,84.1450035,84.170,20.714,provisional_derived,SENTINEL-2/S2MSI2A,2021-01-01,2026-07-24,2026-07-24T17:03:01+00:00
cilegon-industrial-coast,Cilegon industrial coast,2023-05-24T02:55:31.024000Z,2,70.7268,84.170,20.714,provisional_derived,SENTINEL-2/S2MSI2A,2021-01-01,2026-07-24,2026-07-24T17:03:01+00:00
cilegon-industrial-coast,Cilegon industrial coast,2023-05-29T02:55:29.024000Z,2,34.2518075,84.170,20.714,provisional_derived,SENTINEL-2/S2MSI2A,2021-01-01,2026-07-24,2026-07-24T17:03:01+00:00
cilegon-industrial-coast,Cilegon industrial coast,2023-06-03T02:55:31.024000Z,2,44.2301185,84.170,20.714,provisional_derived,SENTINEL-2/S2MSI2A,2021-01-01,2026-07-24,2026-07-24T17:03:01+00:00
cilegon-industrial-coast,Cilegon industrial coast,2023-06-08T02:55:29.024000Z,2,95.5197425,84.170,20.714,provisional_derived,SENTINEL-2/S2MSI2A,2021-01-01,2026-07-24,2026-07-24T17:03:01+00:00
cilegon-industrial-coast,Cilegon industrial coast,2023-06-13T02:55:31.024000Z,2,64.602494,84.170,20.714,provisional_derived,SENTINEL-2/S2MSI2A,2021-01-01,2026-07-24,2026-07-24T17:03:01+00:00
cilegon-industrial-coast,Cilegon industrial coast,2023-06-18T02:55:29.024000Z,2,63.2539285,84.170,20.714,provisional_derived,SENTINEL-2/S2MSI2A,2021-01-01,2026-07-24,2026-07-24T17:03:01+00:00
cilegon-industrial-coast,Cilegon industrial coast,2023-06-23T02:55:31.024000Z,2,65.5286015,84.170,20.714,provisional_derived,SENTINEL-2/S2MSI2A,2021-01-01,2026-07-24,2026-07-24T17:03:01+00:00
cilegon-industrial-coast,Cilegon industrial coast,2023-06-28T02:55:29.024000Z,2,54.3776645,84.170,20.714,provisional_derived,SENTINEL-2/S2MSI2A,2021-01-01,2026-07-24,2026-07-24T17:03:01+00:00
cilegon-industrial-coast,Cilegon industrial coast,2023-07-03T02:55:31.024000Z,2,12.667112,84.170,20.714,provisional_derived,SENTINEL-2/S2MSI2A,2021-01-01,2026-07-24,2026-07-24T17:03:01+00:00
cilegon-industrial-coast,Cilegon industrial coast,2023-07-08T02:55:29.024000Z,2,60.83165100000001,84.170,20.714,provisional_derived,SENTINEL-2/S2MSI2A,2021-01-01,2026-07-24,2026-07-24T17:03:01+00:00
cilegon-industrial-coast,Cilegon industrial coast,2023-07-13T02:55:51.024000Z,2,50.653255,84.170,20.714,provisional_derived,SENTINEL-2/S2MSI2A,2021-01-01,2026-07-24,2026-07-24T17:03:01+00:00
cilegon-industrial-coast,Cilegon industrial coast,2023-07-18T02:55:29.024000Z,2,10.412409,84.170,20.714,provisional_derived,SENTINEL-2/S2MSI2A,2021-01-01,2026-07-24,2026-07-24T17:03:01+00:00
cilegon-industrial-coast,Cilegon industrial coast,2023-07-23T02:55:31.024000Z,2,9.894189500000001,84.170,20.714,provisional_derived,SENTINEL-2/S2MSI2A,2021-01-01,2026-07-24,2026-07-24T17:03:01+00:00
cilegon-industrial-coast,Cilegon industrial coast,2023-07-28T02:55:29.024000Z,2,39.112416499999995,84.170,20.714,provisional_derived,SENTINEL-2/S2MSI2A,2021-01-01,2026-07-24,2026-07-24T17:03:01+00:00
cilegon-industrial-coast,Cilegon industrial coast,2023-08-02T02:55:31.024000Z,2,93.2883175,84.170,20.714,provisional_derived,SENTINEL-2/S2MSI2A,2021-01-01,2026-07-24,2026-07-24T17:03:01+00:00
cilegon-industrial-coast,Cilegon industrial coast,2023-08-07T02:55:29.024000Z,2,12.332309500000001,84.170,20.714,provisional_derived,SENTINEL-2/S2MSI2A,2021-01-01,2026-07-24,2026-07-24T17:03:01+00:00
cilegon-industrial-coast,Cilegon industrial coast,2023-08-12T02:55:51.024000Z,2,17.0627445,84.170,20.714,provisional_derived,SENTINEL-2/S2MSI2A,2021-01-01,2026-07-24,2026-07-24T17:03:01+00:00
cilegon-industrial-coast,Cilegon industrial coast,2023-08-17T02:55:29.024000Z,2,6.1046545,84.170,20.714,provisional_derived,SENTINEL-2/S2MSI2A,2021-01-01,2026-07-24,2026-07-24T17:03:01+00:00
cilegon-industrial-coast,Cilegon industrial coast,2023-08-22T02:55:31.024000Z,2,10.8650435,84.170,20.714,provisional_derived,SENTINEL-2/S2MSI2A,2021-01-01,2026-07-24,2026-07-24T17:03:01+00:00
cilegon-industrial-coast,Cilegon industrial coast,2023-08-27T02:55:29.024000Z,2,16.3073475,84.170,20.714,provisional_derived,SENTINEL-2/S2MSI2A,2021-01-01,2026-07-24,2026-07-24T17:03:01+00:00
cilegon-industrial-coast,Cilegon industrial coast,2023-09-01T02:55:31.024000Z,2,9.633190500000001,84.170,20.714,provisional_derived,SENTINEL-2/S2MSI2A,2021-01-01,2026-07-24,2026-07-24T17:03:01+00:00
cilegon-industrial-coast,Cilegon industrial coast,2023-09-06T02:55:29.024000Z,2,11.833300000000001,84.170,20.714,provisional_derived,SENTINEL-2/S2MSI2A,2021-01-01,2026-07-24,2026-07-24T17:03:01+00:00
cilegon-industrial-coast,Cilegon industrial coast,2023-09-11T02:55:31.024000Z,2,35.8832685,84.170,20.714,provisional_derived,SENTINEL-2/S2MSI2A,2021-01-01,2026-07-24,2026-07-24T17:03:01+00:00
cilegon-industrial-coast,Cilegon industrial coast,2023-09-16T02:55:29.024000Z,2,4.5134145,84.170,20.714,provisional_derived,SENTINEL-2/S2MSI2A,2021-01-01,2026-07-24,2026-07-24T17:03:01+00:00
cilegon-industrial-coast,Cilegon industrial coast,2023-09-21T02:55:31.024000Z,2,6.82159,84.170,20.714,provisional_derived,SENTINEL-2/S2MSI2A,2021-01-01,2026-07-24,2026-07-24T17:03:01+00:00
cilegon-industrial-coast,Cilegon industrial coast,2023-09-26T02:55:29.024000Z,2,13.3207035,84.170,20.714,provisional_derived,SENTINEL-2/S2MSI2A,2021-01-01,2026-07-24,2026-07-24T17:03:01+00:00
cilegon-industrial-coast,Cilegon industrial coast,2023-10-01T02:55:31.024000Z,2,28.605207,84.170,20.714,provisional_derived,SENTINEL-2/S2MSI2A,2021-01-01,2026-07-24,2026-07-24T17:03:01+00:00
cilegon-industrial-coast,Cilegon industrial coast,2023-10-06T02:55:59.024000Z,2,21.8941845,84.170,20.714,provisional_derived,SENTINEL-2/S2MSI2A,2021-01-01,2026-07-24,2026-07-24T17:03:01+00:00
cilegon-industrial-coast,Cilegon industrial coast,2023-10-11T02:56:31.024000Z,2,22.6537815,84.170,20.714,provisional_derived,SENTINEL-2/S2MSI2A,2021-01-01,2026-07-24,2026-07-24T17:03:01+00:00
cilegon-industrial-coast,Cilegon industrial coast,2023-10-16T02:57:09.024000Z,2,13.1315835,84.170,20.714,provisional_derived,SENTINEL-2/S2MSI2A,2021-01-01,2026-07-24,2026-07-24T17:03:01+00:00
cilegon-industrial-coast,Cilegon industrial coast,2023-10-21T02:57:41.024000Z,2,30.091723,84.170,20.714,provisional_derived,SENTINEL-2/S2MSI2A,2021-01-01,2026-07-24,2026-07-24T17:03:01+00:00
cilegon-industrial-coast,Cilegon industrial coast,2023-10-26T02:58:09.024000Z,2,26.0764175,84.170,20.714,provisional_derived,SENTINEL-2/S2MSI2A,2021-01-01,2026-07-24,2026-07-24T17:03:01+00:00
cilegon-industrial-coast,Cilegon industrial coast,2023-10-31T02:58:31.024000Z,2,13.237197,84.170,20.714,provisional_derived,SENTINEL-2/S2MSI2A,2021-01-01,2026-07-24,2026-07-24T17:03:01+00:00
cilegon-industrial-coast,Cilegon industrial coast,2023-11-05T02:59:09.024000Z,2,91.5809215,84.170,20.714,provisional_derived,SENTINEL-2/S2MSI2A,2021-01-01,2026-07-24,2026-07-24T17:03:01+00:00
cilegon-industrial-coast,Cilegon industrial coast,2023-11-10T02:59:31.024000Z,2,56.618136500000006,84.170,20.714,provisional_derived,SENTINEL-2/S2MSI2A,2021-01-01,2026-07-24,2026-07-24T17:03:01+00:00
cilegon-industrial-coast,Cilegon industrial coast,2023-11-15T02:59:59.024000Z,2,72.7240085,84.170,20.714,provisional_derived,SENTINEL-2/S2MSI2A,2021-01-01,2026-07-24,2026-07-24T17:03:01+00:00
cilegon-industrial-coast,Cilegon industrial coast,2023-11-20T03:00:21.024000Z,2,47.506369500000005,84.170,20.714,provisional_derived,SENTINEL-2/S2MSI2A,2021-01-01,2026-07-24,2026-07-24T17:03:01+00:00
cilegon-industrial-coast,Cilegon industrial coast,2023-11-25T03:00:29.024000Z,2,100.0,84.170,20.714,provisional_derived,SENTINEL-2/S2MSI2A,2021-01-01,2026-07-24,2026-07-24T17:03:01+00:00
cilegon-industrial-coast,Cilegon industrial coast,2023-11-30T03:00:51.024000Z,2,93.0492075,84.170,20.714,provisional_derived,SENTINEL-2/S2MSI2A,2021-01-01,2026-07-24,2026-07-24T17:03:01+00:00
cilegon-industrial-coast,Cilegon industrial coast,2023-12-10T03:01:21.024000Z,2,99.53173100000001,84.170,20.714,provisional_derived,SENTINEL-2/S2MSI2A,2021-01-01,2026-07-24,2026-07-24T17:03:01+00:00
cilegon-industrial-coast,Cilegon industrial coast,2023-12-15T03:01:29.024000Z,2,68.616867,84.170,20.714,provisional_derived,SENTINEL-2/S2MSI2A,2021-01-01,2026-07-24,2026-07-24T17:03:01+00:00
cilegon-industrial-coast,Cilegon industrial coast,2023-12-20T03:01:31.024000Z,2,4.7845305,84.170,20.714,provisional_derived,SENTINEL-2/S2MSI2A,2021-01-01,2026-07-24,2026-07-24T17:03:01+00:00
cilegon-industrial-coast,Cilegon industrial coast,2023-12-25T03:01:39.024000Z,2,97.638068,84.170,20.714,provisional_derived,SENTINEL-2/S2MSI2A,2021-01-01,2026-07-24,2026-07-24T17:03:01+00:00
cilegon-industrial-coast,Cilegon industrial coast,2023-12-30T03:01:31.024000Z,2,99.999237,84.170,20.714,provisional_derived,SENTINEL-2/S2MSI2A,2021-01-01,2026-07-24,2026-07-24T17:03:01+00:00
cilegon-industrial-coast,Cilegon industrial coast,2024-01-04T03:01:19.024000Z,4,99.997169,84.170,20.714,provisional_derived,SENTINEL-2/S2MSI2A,2021-01-01,2026-07-24,2026-07-24T17:03:01+00:00
cilegon-industrial-coast,Cilegon industrial coast,2024-01-09T03:01:11.024000Z,2,97.45985300000001,84.170,20.714,provisional_derived,SENTINEL-2/S2MSI2A,2021-01-01,2026-07-24,2026-07-24T17:03:01+00:00
cilegon-industrial-coast,Cilegon industrial coast,2024-01-14T03:00:59.024000Z,2,90.11556200000001,84.170,20.714,provisional_derived,SENTINEL-2/S2MSI2A,2021-01-01,2026-07-24,2026-07-24T17:03:01+00:00
cilegon-industrial-coast,Cilegon industrial coast,2024-01-19T03:00:21.024000Z,2,100.0,84.170,20.714,provisional_derived,SENTINEL-2/S2MSI2A,2021-01-01,2026-07-24,2026-07-24T17:03:01+00:00
cilegon-industrial-coast,Cilegon industrial coast,2024-01-24T03:00:19.024000Z,2,99.987161,84.170,20.714,provisional_derived,SENTINEL-2/S2MSI2A,2021-01-01,2026-07-24,2026-07-24T17:03:01+00:00
cilegon-industrial-coast,Cilegon industrial coast,2024-01-29T02:59:51.024000Z,2,98.291373,84.170,20.714,provisional_derived,SENTINEL-2/S2MSI2A,2021-01-01,2026-07-24,2026-07-24T17:03:01+00:00
cilegon-industrial-coast,Cilegon industrial coast,2024-02-03T02:59:29.024000Z,2,99.95193499999999,84.170,20.714,provisional_derived,SENTINEL-2/S2MSI2A,2021-01-01,2026-07-24,2026-07-24T17:03:01+00:00
cilegon-industrial-coast,Cilegon industrial coast,2024-02-08T02:59:01.024000Z,2,37.444517,84.170,20.714,provisional_derived,SENTINEL-2/S2MSI2A,2021-01-01,2026-07-24,2026-07-24T17:03:01+00:00
cilegon-industrial-coast,Cilegon industrial coast,2024-02-13T02:58:29.024000Z,2,43.214434000000004,84.170,20.714,provisional_derived,SENTINEL-2/S2MSI2A,2021-01-01,2026-07-24,2026-07-24T17:03:01+00:00
cilegon-industrial-coast,Cilegon industrial coast,2024-02-18T02:58:01.024000Z,2,78.858158,84.170,20.714,provisional_derived,SENTINEL-2/S2MSI2A,2021-01-01,2026-07-24,2026-07-24T17:03:01+00:00
cilegon-industrial-coast,Cilegon industrial coast,2024-02-23T02:57:29.024000Z,2,99.8313545,84.170,20.714,provisional_derived,SENTINEL-2/S2MSI2A,2021-01-01,2026-07-24,2026-07-24T17:03:01+00:00
cilegon-industrial-coast,Cilegon industrial coast,2024-02-28T02:56:51.024000Z,2,99.788475,84.170,20.714,provisional_derived,SENTINEL-2/S2MSI2A,2021-01-01,2026-07-24,2026-07-24T17:03:01+00:00
cilegon-industrial-coast,Cilegon industrial coast,2024-03-04T02:56:09.024000Z,2,90.937892,84.170,20.714,provisional_derived,SENTINEL-2/S2MSI2A,2021-01-01,2026-07-24,2026-07-24T17:03:01+00:00
cilegon-industrial-coast,Cilegon industrial coast,2024-03-09T02:55:31.024000Z,2,100.0,84.170,20.714,provisional_derived,SENTINEL-2/S2MSI2A,2021-01-01,2026-07-24,2026-07-24T17:03:01+00:00
cilegon-industrial-coast,Cilegon industrial coast,2024-03-14T02:55:19.024000Z,2,97.41264000000001,84.170,20.714,provisional_derived,SENTINEL-2/S2MSI2A,2021-01-01,2026-07-24,2026-07-24T17:03:01+00:00
cilegon-industrial-coast,Cilegon industrial coast,2024-03-19T02:55:31.024000Z,2,31.794217000000003,84.170,20.714,provisional_derived,SENTINEL-2/S2MSI2A,2021-01-01,2026-07-24,2026-07-24T17:03:01+00:00
cilegon-industrial-coast,Cilegon industrial coast,2024-03-24T02:55:29.024000Z,2,42.496998500000004,84.170,20.714,provisional_derived,SENTINEL-2/S2MSI2A,2021-01-01,2026-07-24,2026-07-24T17:03:01+00:00
cilegon-industrial-coast,Cilegon industrial coast,2024-03-29T02:55:41.024000Z,2,20.0550365,84.170,20.714,provisional_derived,SENTINEL-2/S2MSI2A,2021-01-01,2026-07-24,2026-07-24T17:03:01+00:00
cilegon-industrial-coast,Cilegon industrial coast,2024-04-03T02:55:19.024000Z,2,85.47861900000001,84.170,20.714,provisional_derived,SENTINEL-2/S2MSI2A,2021-01-01,2026-07-24,2026-07-24T17:03:01+00:00
cilegon-industrial-coast,Cilegon industrial coast,2024-04-08T03:04:51.024000Z,2,91.8488355,84.170,20.714,provisional_derived,SENTINEL-2/S2MSI2A,2021-01-01,2026-07-24,2026-07-24T17:03:01+00:00
cilegon-industrial-coast,Cilegon industrial coast,2024-04-13T02:55:29.024000Z,2,65.0890395,84.170,20.714,provisional_derived,SENTINEL-2/S2MSI2A,2021-01-01,2026-07-24,2026-07-24T17:03:01+00:00
cilegon-industrial-coast,Cilegon industrial coast,2024-04-18T03:05:01.024000Z,2,60.446045,84.170,20.714,provisional_derived,SENTINEL-2/S2MSI2A,2021-01-01,2026-07-24,2026-07-24T17:03:01+00:00
cilegon-industrial-coast,Cilegon industrial coast,2024-04-23T02:55:29.024000Z,2,98.2014535,84.170,20.714,provisional_derived,SENTINEL-2/S2MSI2A,2021-01-01,2026-07-24,2026-07-24T17:03:01+00:00
cilegon-industrial-coast,Cilegon industrial coast,2024-04-28T02:55:31.024000Z,2,99.99731449999999,84.170,20.714,provisional_derived,SENTINEL-2/S2MSI2A,2021-01-01,2026-07-24,2026-07-24T17:03:01+00:00
cilegon-industrial-coast,Cilegon industrial coast,2024-05-03T02:55:29.024000Z,2,52.3733485,84.170,20.714,provisional_derived,SENTINEL-2/S2MSI2A,2021-01-01,2026-07-24,2026-07-24T17:03:01+00:00
cilegon-industrial-coast,Cilegon industrial coast,2024-05-08T02:55:51.024000Z,2,56.4207375,84.170,20.714,provisional_derived,SENTINEL-2/S2MSI2A,2021-01-01,2026-07-24,2026-07-24T17:03:01+00:00
cilegon-industrial-coast,Cilegon industrial coast,2024-05-13T02:55:29.024000Z,2,89.37915,84.170,20.714,provisional_derived,SENTINEL-2/S2MSI2A,2021-01-01,2026-07-24,2026-07-24T17:03:01+00:00
cilegon-industrial-coast,Cilegon industrial coast,2024-05-18T02:55:31.024000Z,2,38.6981935,84.170,20.714,provisional_derived,SENTINEL-2/S2MSI2A,2021-01-01,2026-07-24,2026-07-24T17:03:01+00:00
cilegon-industrial-coast,Cilegon industrial coast,2024-05-23T02:55:29.024000Z,2,99.9988915,84.170,20.714,provisional_derived,SENTINEL-2/S2MSI2A,2021-01-01,2026-07-24,2026-07-24T17:03:01+00:00
cilegon-industrial-coast,Cilegon industrial coast,2024-05-28T02:55:51.024000Z,2,9.324890499999999,84.170,20.714,provisional_derived,SENTINEL-2/S2MSI2A,2021-01-01,2026-07-24,2026-07-24T17:03:01+00:00
cilegon-industrial-coast,Cilegon industrial coast,2024-06-02T02:55:29.024000Z,2,86.6777955,84.170,20.714,provisional_derived,SENTINEL-2/S2MSI2A,2021-01-01,2026-07-24,2026-07-24T17:03:01+00:00
cilegon-industrial-coast,Cilegon industrial coast,2024-06-07T02:55:31.024000Z,2,56.0497255,84.170,20.714,provisional_derived,SENTINEL-2/S2MSI2A,2021-01-01,2026-07-24,2026-07-24T17:03:01+00:00
cilegon-industrial-coast,Cilegon industrial coast,2024-06-12T02:55:29.024000Z,2,83.530441,84.170,20.714,provisional_derived,SENTINEL-2/S2MSI2A,2021-01-01,2026-07-24,2026-07-24T17:03:01+00:00
cilegon-industrial-coast,Cilegon industrial coast,2024-06-17T02:55:31.024000Z,2,53.636387,84.170,20.714,provisional_derived,SENTINEL-2/S2MSI2A,2021-01-01,2026-07-24,2026-07-24T17:03:01+00:00
cilegon-industrial-coast,Cilegon industrial coast,2024-06-22T02:55:29.024000Z,2,50.511148500000004,84.170,20.714,provisional_derived,SENTINEL-2/S2MSI2A,2021-01-01,2026-07-24,2026-07-24T17:03:01+00:00
cilegon-industrial-coast,Cilegon industrial coast,2024-06-27T02:55:31.024000Z,2,38.779284000000004,84.170,20.714,provisional_derived,SENTINEL-2/S2MSI2A,2021-01-01,2026-07-24,2026-07-24T17:03:01+00:00
cilegon-industrial-coast,Cilegon industrial coast,2024-07-02T02:55:29.024000Z,2,97.898683,84.170,20.714,provisional_derived,SENTINEL-2/S2MSI2A,2021-01-01,2026-07-24,2026-07-24T17:03:01+00:00
cilegon-industrial-coast,Cilegon industrial coast,2024-07-07T02:55:31.024000Z,2,86.58161799999999,84.170,20.714,provisional_derived,SENTINEL-2/S2MSI2A,2021-01-01,2026-07-24,2026-07-24T17:03:01+00:00
cilegon-industrial-coast,Cilegon industrial coast,2024-07-12T02:55:29.024000Z,2,18.2059195,84.170,20.714,provisional_derived,SENTINEL-2/S2MSI2A,2021-01-01,2026-07-24,2026-07-24T17:03:01+00:00
cilegon-industrial-coast,Cilegon industrial coast,2024-07-17T02:55:51.024000Z,2,48.806523999999996,84.170,20.714,provisional_derived,SENTINEL-2/S2MSI2A,2021-01-01,2026-07-24,2026-07-24T17:03:01+00:00
cilegon-industrial-coast,Cilegon industrial coast,2024-07-22T02:55:29.024000Z,2,26.2646905,84.170,20.714,provisional_derived,SENTINEL-2/S2MSI2A,2021-01-01,2026-07-24,2026-07-24T17:03:01+00:00
cilegon-industrial-coast,Cilegon industrial coast,2024-07-27T02:55:31.024000Z,2,7.495262500000001,84.170,20.714,provisional_derived,SENTINEL-2/S2MSI2A,2021-01-01,2026-07-24,2026-07-24T17:03:01+00:00
cilegon-industrial-coast,Cilegon industrial coast,2024-08-01T02:55:29.024000Z,2,49.174927,84.170,20.714,provisional_derived,SENTINEL-2/S2MSI2A,2021-01-01,2026-07-24,2026-07-24T17:03:01+00:00
cilegon-industrial-coast,Cilegon industrial coast,2024-08-06T02:55:51.024000Z,2,18.513918,84.170,20.714,provisional_derived,SENTINEL-2/S2MSI2A,2021-01-01,2026-07-24,2026-07-24T17:03:01+00:00
cilegon-industrial-coast,Cilegon industrial coast,2024-08-11T02:55:29.024000Z,4,19.0924765,84.170,20.714,provisional_derived,SENTINEL-2/S2MSI2A,2021-01-01,2026-07-24,2026-07-24T17:03:01+00:00
cilegon-industrial-coast,Cilegon industrial coast,2024-08-16T02:55:51.024000Z,2,54.019335,84.170,20.714,provisional_derived,SENTINEL-2/S2MSI2A,2021-01-01,2026-07-24,2026-07-24T17:03:01+00:00
cilegon-industrial-coast,Cilegon industrial coast,2024-08-21T02:55:29.024000Z,2,8.955238000000001,84.170,20.714,provisional_derived,SENTINEL-2/S2MSI2A,2021-01-01,2026-07-24,2026-07-24T17:03:01+00:00
cilegon-industrial-coast,Cilegon industrial coast,2024-08-26T02:55:21.024000Z,2,13.735336499999999,84.170,20.714,provisional_derived,SENTINEL-2/S2MSI2A,2021-01-01,2026-07-24,2026-07-24T17:03:01+00:00
cilegon-industrial-coast,Cilegon industrial coast,2024-08-31T02:55:29.024000Z,2,27.924043500000003,84.170,20.714,provisional_derived,SENTINEL-2/S2MSI2A,2021-01-01,2026-07-24,2026-07-24T17:03:01+00:00
cilegon-industrial-coast,Cilegon industrial coast,2024-09-05T02:55:21.024000Z,2,32.2023735,84.170,20.714,provisional_derived,SENTINEL-2/S2MSI2A,2021-01-01,2026-07-24,2026-07-24T17:03:01+00:00
cilegon-industrial-coast,Cilegon industrial coast,2024-09-10T02:55:29.024000Z,2,98.14788100000001,84.170,20.714,provisional_derived,SENTINEL-2/S2MSI2A,2021-01-01,2026-07-24,2026-07-24T17:03:01+00:00
cilegon-industrial-coast,Cilegon industrial coast,2024-09-15T02:55:21.024000Z,2,24.880829499999997,84.170,20.714,provisional_derived,SENTINEL-2/S2MSI2A,2021-01-01,2026-07-24,2026-07-24T17:03:01+00:00
cilegon-industrial-coast,Cilegon industrial coast,2024-09-20T02:55:19.024000Z,2,26.5067265,84.170,20.714,provisional_derived,SENTINEL-2/S2MSI2A,2021-01-01,2026-07-24,2026-07-24T17:03:01+00:00
cilegon-industrial-coast,Cilegon industrial coast,2024-09-25T02:55:31.024000Z,2,17.008809499999998,84.170,20.714,provisional_derived,SENTINEL-2/S2MSI2A,2021-01-01,2026-07-24,2026-07-24T17:03:01+00:00
cilegon-industrial-coast,Cilegon industrial coast,2024-09-30T02:55:29.024000Z,2,79.294002,84.170,20.714,provisional_derived,SENTINEL-2/S2MSI2A,2021-01-01,2026-07-24,2026-07-24T17:03:01+00:00
cilegon-industrial-coast,Cilegon industrial coast,2024-10-05T02:56:01.024000Z,2,63.070971,84.170,20.714,provisional_derived,SENTINEL-2/S2MSI2A,2021-01-01,2026-07-24,2026-07-24T17:03:01+00:00
cilegon-industrial-coast,Cilegon industrial coast,2024-10-10T02:55:29.024000Z,2,21.842399999999998,84.170,20.714,provisional_derived,SENTINEL-2/S2MSI2A,2021-01-01,2026-07-24,2026-07-24T17:03:01+00:00
cilegon-industrial-coast,Cilegon industrial coast,2024-10-15T02:57:01.024000Z,2,85.667515,84.170,20.714,provisional_derived,SENTINEL-2/S2MSI2A,2021-01-01,2026-07-24,2026-07-24T17:03:01+00:00
cilegon-industrial-coast,Cilegon industrial coast,2024-10-20T02:56:49.024000Z,2,52.619558999999995,84.170,20.714,provisional_derived,SENTINEL-2/S2MSI2A,2021-01-01,2026-07-24,2026-07-24T17:03:01+00:00
cilegon-industrial-coast,Cilegon industrial coast,2024-10-25T02:58:11.024000Z,2,14.880453,84.170,20.714,provisional_derived,SENTINEL-2/S2MSI2A,2021-01-01,2026-07-24,2026-07-24T17:03:01+00:00
cilegon-industrial-coast,Cilegon industrial coast,2024-10-30T02:57:49.024000Z,2,78.134483,84.170,20.714,provisional_derived,SENTINEL-2/S2MSI2A,2021-01-01,2026-07-24,2026-07-24T17:03:01+00:00
cilegon-industrial-coast,Cilegon industrial coast,2024-11-04T02:59:11.024000Z,2,97.22434899999999,84.170,20.714,provisional_derived,SENTINEL-2/S2MSI2A,2021-01-01,2026-07-24,2026-07-24T17:03:01+00:00
cilegon-industrial-coast,Cilegon industrial coast,2024-11-04T03:20:11.024000Z,2,95.8007635,84.170,20.714,provisional_derived,SENTINEL-2/S2MSI2A,2021-01-01,2026-07-24,2026-07-24T17:03:01+00:00
cilegon-industrial-coast,Cilegon industrial coast,2024-11-09T02:58:29.024000Z,2,28.164393500000003,84.170,20.714,provisional_derived,SENTINEL-2/S2MSI2A,2021-01-01,2026-07-24,2026-07-24T17:03:01+00:00
cilegon-industrial-coast,Cilegon industrial coast,2024-11-14T03:00:01.024000Z,2,89.04169200000001,84.170,20.714,provisional_derived,SENTINEL-2/S2MSI2A,2021-01-01,2026-07-24,2026-07-24T17:03:01+00:00
cilegon-industrial-coast,Cilegon industrial coast,2024-11-19T02:59:29.024000Z,2,88.8174415,84.170,20.714,provisional_derived,SENTINEL-2/S2MSI2A,2021-01-01,2026-07-24,2026-07-24T17:03:01+00:00
cilegon-industrial-coast,Cilegon industrial coast,2024-11-24T03:00:31.024000Z,2,99.508616,84.170,20.714,provisional_derived,SENTINEL-2/S2MSI2A,2021-01-01,2026-07-24,2026-07-24T17:03:01+00:00
cilegon-industrial-coast,Cilegon industrial coast,2024-11-24T03:20:11.025000Z,2,99.7542085,84.170,20.714,provisional_derived,SENTINEL-2/S2MSI2A,2021-01-01,2026-07-24,2026-07-24T17:03:01+00:00
cilegon-industrial-coast,Cilegon industrial coast,2024-11-29T03:00:09.024000Z,2,98.56368,84.170,20.714,provisional_derived,SENTINEL-2/S2MSI2A,2021-01-01,2026-07-24,2026-07-24T17:03:01+00:00
cilegon-industrial-coast,Cilegon industrial coast,2024-12-04T03:01:11.024000Z,2,99.931878,84.170,20.714,provisional_derived,SENTINEL-2/S2MSI2A,2021-01-01,2026-07-24,2026-07-24T17:03:01+00:00
cilegon-industrial-coast,Cilegon industrial coast,2024-12-04T03:20:11.025000Z,2,99.999556,84.170,20.714,provisional_derived,SENTINEL-2/S2MSI2A,2021-01-01,2026-07-24,2026-07-24T17:03:01+00:00
cilegon-industrial-coast,Cilegon industrial coast,2024-12-09T03:00:29.024000Z,2,99.99580399999999,84.170,20.714,provisional_derived,SENTINEL-2/S2MSI2A,2021-01-01,2026-07-24,2026-07-24T17:03:01+00:00
cilegon-industrial-coast,Cilegon industrial coast,2024-12-14T03:01:31.024000Z,2,99.9996515,84.170,20.714,provisional_derived,SENTINEL-2/S2MSI2A,2021-01-01,2026-07-24,2026-07-24T17:03:01+00:00
cilegon-industrial-coast,Cilegon industrial coast,2024-12-14T03:02:01.025000Z,4,99.99968100000001,84.170,20.714,provisional_derived,SENTINEL-2/S2MSI2A,2021-01-01,2026-07-24,2026-07-24T17:03:01+00:00
cilegon-industrial-coast,Cilegon industrial coast,2024-12-19T03:00:29.024000Z,2,76.39845,84.170,20.714,provisional_derived,SENTINEL-2/S2MSI2A,2021-01-01,2026-07-24,2026-07-24T17:03:01+00:00
cilegon-industrial-coast,Cilegon industrial coast,2024-12-24T03:01:31.024000Z,2,100.0,84.170,20.714,provisional_derived,SENTINEL-2/S2MSI2A,2021-01-01,2026-07-24,2026-07-24T17:03:01+00:00
cilegon-industrial-coast,Cilegon industrial coast,2024-12-29T03:00:29.024000Z,2,100.0,84.170,20.714,provisional_derived,SENTINEL-2/S2MSI2A,2021-01-01,2026-07-24,2026-07-24T17:03:01+00:00
cilegon-industrial-coast,Cilegon industrial coast,2025-01-03T03:01:21.024000Z,2,95.8646565,84.170,20.714,provisional_derived,SENTINEL-2/S2MSI2A,2021-01-01,2026-07-24,2026-07-24T17:03:01+00:00
cilegon-industrial-coast,Cilegon industrial coast,2025-01-08T03:00:19.024000Z,2,62.842314,84.170,20.714,provisional_derived,SENTINEL-2/S2MSI2A,2021-01-01,2026-07-24,2026-07-24T17:03:01+00:00
cilegon-industrial-coast,Cilegon industrial coast,2025-01-13T03:01:01.024000Z,2,99.911979,84.170,20.714,provisional_derived,SENTINEL-2/S2MSI2A,2021-01-01,2026-07-24,2026-07-24T17:03:01+00:00
cilegon-industrial-coast,Cilegon industrial coast,2025-01-18T02:59:49.024000Z,2,87.892413,84.170,20.714,provisional_derived,SENTINEL-2/S2MSI2A,2021-01-01,2026-07-24,2026-07-24T17:03:01+00:00
cilegon-industrial-coast,Cilegon industrial coast,2025-01-23T03:00:51.025000Z,2,97.3820715,84.170,20.714,provisional_derived,SENTINEL-2/S2MSI2A,2021-01-01,2026-07-24,2026-07-24T17:03:01+00:00
cilegon-industrial-coast,Cilegon industrial coast,2025-01-28T02:59:09.024000Z,2,99.99919249999999,84.170,20.714,provisional_derived,SENTINEL-2/S2MSI2A,2021-01-01,2026-07-24,2026-07-24T17:03:01+00:00
cilegon-industrial-coast,Cilegon industrial coast,2025-02-02T03:00:01.025000Z,2,99.999064,84.170,20.714,provisional_derived,SENTINEL-2/S2MSI2A,2021-01-01,2026-07-24,2026-07-24T17:03:01+00:00
cilegon-industrial-coast,Cilegon industrial coast,2025-02-07T02:58:09.024000Z,2,80.6253465,84.170,20.714,provisional_derived,SENTINEL-2/S2MSI2A,2021-01-01,2026-07-24,2026-07-24T17:03:01+00:00
cilegon-industrial-coast,Cilegon industrial coast,2025-02-12T02:59:01.025000Z,2,75.672245,84.170,20.714,provisional_derived,SENTINEL-2/S2MSI2A,2021-01-01,2026-07-24,2026-07-24T17:03:01+00:00
cilegon-industrial-coast,Cilegon industrial coast,2025-02-17T02:57:09.024000Z,2,99.999994,84.170,20.714,provisional_derived,SENTINEL-2/S2MSI2A,2021-01-01,2026-07-24,2026-07-24T17:03:01+00:00
cilegon-industrial-coast,Cilegon industrial coast,2025-02-22T02:57:51.025000Z,2,100.0,84.170,20.714,provisional_derived,SENTINEL-2/S2MSI2A,2021-01-01,2026-07-24,2026-07-24T17:03:01+00:00
cilegon-industrial-coast,Cilegon industrial coast,2025-02-27T02:55:59.024000Z,2,72.1157525,84.170,20.714,provisional_derived,SENTINEL-2/S2MSI2A,2021-01-01,2026-07-24,2026-07-24T17:03:01+00:00
cilegon-industrial-coast,Cilegon industrial coast,2025-03-04T02:56:41.025000Z,2,99.541485,84.170,20.714,provisional_derived,SENTINEL-2/S2MSI2A,2021-01-01,2026-07-24,2026-07-24T17:03:01+00:00
cilegon-industrial-coast,Cilegon industrial coast,2025-03-09T02:55:29.024000Z,2,99.155271,84.170,20.714,provisional_derived,SENTINEL-2/S2MSI2A,2021-01-01,2026-07-24,2026-07-24T17:03:01+00:00
cilegon-industrial-coast,Cilegon industrial coast,2025-03-14T02:55:51.025000Z,2,39.200972,84.170,20.714,provisional_derived,SENTINEL-2/S2MSI2A,2021-01-01,2026-07-24,2026-07-24T17:03:01+00:00
cilegon-industrial-coast,Cilegon industrial coast,2025-03-19T02:55:29.024000Z,2,99.999988,84.170,20.714,provisional_derived,SENTINEL-2/S2MSI2A,2021-01-01,2026-07-24,2026-07-24T17:03:01+00:00
cilegon-industrial-coast,Cilegon industrial coast,2025-03-24T02:55:51.025000Z,2,99.6711165,84.170,20.714,provisional_derived,SENTINEL-2/S2MSI2A,2021-01-01,2026-07-24,2026-07-24T17:03:01+00:00
cilegon-industrial-coast,Cilegon industrial coast,2025-03-29T02:55:29.024000Z,2,94.053659,84.170,20.714,provisional_derived,SENTINEL-2/S2MSI2A,2021-01-01,2026-07-24,2026-07-24T17:03:01+00:00
cilegon-industrial-coast,Cilegon industrial coast,2025-04-03T02:55:51.025000Z,2,98.0537625,84.170,20.714,provisional_derived,SENTINEL-2/S2MSI2A,2021-01-01,2026-07-24,2026-07-24T17:03:01+00:00
cilegon-industrial-coast,Cilegon industrial coast,2025-04-08T02:55:29.024000Z,2,30.770877,84.170,20.714,provisional_derived,SENTINEL-2/S2MSI2A,2021-01-01,2026-07-24,2026-07-24T17:03:01+00:00
cilegon-industrial-coast,Cilegon industrial coast,2025-04-13T02:55:51.025000Z,2,99.9970555,84.170,20.714,provisional_derived,SENTINEL-2/S2MSI2A,2021-01-01,2026-07-24,2026-07-24T17:03:01+00:00
cilegon-industrial-coast,Cilegon industrial coast,2025-04-15T03:01:51.024000Z,2,99.96971500000001,84.170,20.714,provisional_derived,SENTINEL-2/S2MSI2A,2021-01-01,2026-07-24,2026-07-24T17:03:01+00:00
cilegon-industrial-coast,Cilegon industrial coast,2025-04-18T02:55:29.024000Z,2,84.8360925,84.170,20.714,provisional_derived,SENTINEL-2/S2MSI2A,2021-01-01,2026-07-24,2026-07-24T17:03:01+00:00
cilegon-industrial-coast,Cilegon industrial coast,2025-04-23T02:55:51.025000Z,2,60.978759999999994,84.170,20.714,provisional_derived,SENTINEL-2/S2MSI2A,2021-01-01,2026-07-24,2026-07-24T17:03:01+00:00
cilegon-industrial-coast,Cilegon industrial coast,2025-04-28T02:55:29.024000Z,4,36.360045,84.170,20.714,provisional_derived,SENTINEL-2/S2MSI2A,2021-01-01,2026-07-24,2026-07-24T17:03:01+00:00
cilegon-industrial-coast,Cilegon industrial coast,2025-05-03T02:55:51.025000Z,2,93.154347,84.170,20.714,provisional_derived,SENTINEL-2/S2MSI2A,2021-01-01,2026-07-24,2026-07-24T17:03:01+00:00
cilegon-industrial-coast,Cilegon industrial coast,2025-05-05T03:01:51.024000Z,2,40.185696,84.170,20.714,provisional_derived,SENTINEL-2/S2MSI2A,2021-01-01,2026-07-24,2026-07-24T17:03:01+00:00
cilegon-industrial-coast,Cilegon industrial coast,2025-05-08T02:55:29.024000Z,2,64.7597525,84.170,20.714,provisional_derived,SENTINEL-2/S2MSI2A,2021-01-01,2026-07-24,2026-07-24T17:03:01+00:00
cilegon-industrial-coast,Cilegon industrial coast,2025-05-13T02:55:41.024000Z,2,84.2538475,84.170,20.714,provisional_derived,SENTINEL-2/S2MSI2A,2021-01-01,2026-07-24,2026-07-24T17:03:01+00:00
cilegon-industrial-coast,Cilegon industrial coast,2025-05-18T02:55:29.024000Z,2,40.5498865,84.170,20.714,provisional_derived,SENTINEL-2/S2MSI2A,2021-01-01,2026-07-24,2026-07-24T17:03:01+00:00
cilegon-industrial-coast,Cilegon industrial coast,2025-05-23T02:55:41.025000Z,2,99.996418,84.170,20.714,provisional_derived,SENTINEL-2/S2MSI2A,2021-01-01,2026-07-24,2026-07-24T17:03:01+00:00
cilegon-industrial-coast,Cilegon industrial coast,2025-05-25T03:01:51.024000Z,2,95.720047,84.170,20.714,provisional_derived,SENTINEL-2/S2MSI2A,2021-01-01,2026-07-24,2026-07-24T17:03:01+00:00
cilegon-industrial-coast,Cilegon industrial coast,2025-05-28T02:55:29.024000Z,2,15.248883000000001,84.170,20.714,provisional_derived,SENTINEL-2/S2MSI2A,2021-01-01,2026-07-24,2026-07-24T17:03:01+00:00
cilegon-industrial-coast,Cilegon industrial coast,2025-06-02T02:56:01.025000Z,2,55.727903500000004,84.170,20.714,provisional_derived,SENTINEL-2/S2MSI2A,2021-01-01,2026-07-24,2026-07-24T17:03:01+00:00
cilegon-industrial-coast,Cilegon industrial coast,2025-06-07T02:55:29.024000Z,2,84.551677,84.170,20.714,provisional_derived,SENTINEL-2/S2MSI2A,2021-01-01,2026-07-24,2026-07-24T17:03:01+00:00
cilegon-industrial-coast,Cilegon industrial coast,2025-06-12T02:55:41.025000Z,2,18.9829385,84.170,20.714,provisional_derived,SENTINEL-2/S2MSI2A,2021-01-01,2026-07-24,2026-07-24T17:03:01+00:00
cilegon-industrial-coast,Cilegon industrial coast,2025-06-14T03:01:51.024000Z,2,47.0948025,84.170,20.714,provisional_derived,SENTINEL-2/S2MSI2A,2021-01-01,2026-07-24,2026-07-24T17:03:01+00:00
cilegon-industrial-coast,Cilegon industrial coast,2025-06-17T02:55:29.024000Z,2,70.515597,84.170,20.714,provisional_derived,SENTINEL-2/S2MSI2A,2021-01-01,2026-07-24,2026-07-24T17:03:01+00:00
cilegon-industrial-coast,Cilegon industrial coast,2025-06-22T02:55:41.024000Z,2,23.373358000000003,84.170,20.714,provisional_derived,SENTINEL-2/S2MSI2A,2021-01-01,2026-07-24,2026-07-24T17:03:01+00:00
cilegon-industrial-coast,Cilegon industrial coast,2025-06-27T02:55:29.024000Z,2,100.0,84.170,20.714,provisional_derived,SENTINEL-2/S2MSI2A,2021-01-01,2026-07-24,2026-07-24T17:03:01+00:00
cilegon-industrial-coast,Cilegon industrial coast,2025-07-02T02:56:11.025000Z,2,13.981396,84.170,20.714,provisional_derived,SENTINEL-2/S2MSI2A,2021-01-01,2026-07-24,2026-07-24T17:03:01+00:00
cilegon-industrial-coast,Cilegon industrial coast,2025-07-04T03:01:51.024000Z,2,86.042631,84.170,20.714,provisional_derived,SENTINEL-2/S2MSI2A,2021-01-01,2026-07-24,2026-07-24T17:03:01+00:00
cilegon-industrial-coast,Cilegon industrial coast,2025-07-07T02:55:29.024000Z,2,41.644732,84.170,20.714,provisional_derived,SENTINEL-2/S2MSI2A,2021-01-01,2026-07-24,2026-07-24T17:03:01+00:00
cilegon-industrial-coast,Cilegon industrial coast,2025-07-12T02:56:11.025000Z,2,4.2603975,84.170,20.714,provisional_derived,SENTINEL-2/S2MSI2A,2021-01-01,2026-07-24,2026-07-24T17:03:01+00:00
cilegon-industrial-coast,Cilegon industrial coast,2025-07-17T02:55:29.024000Z,2,91.80789250000001,84.170,20.714,provisional_derived,SENTINEL-2/S2MSI2A,2021-01-01,2026-07-24,2026-07-24T17:03:01+00:00
cilegon-industrial-coast,Cilegon industrial coast,2025-07-22T02:56:11.025000Z,4,30.788804,84.170,20.714,provisional_derived,SENTINEL-2/S2MSI2A,2021-01-01,2026-07-24,2026-07-24T17:03:01+00:00
cilegon-industrial-coast,Cilegon industrial coast,2025-07-24T03:02:01.024000Z,2,3.1083429999999996,84.170,20.714,provisional_derived,SENTINEL-2/S2MSI2A,2021-01-01,2026-07-24,2026-07-24T17:03:01+00:00
cilegon-industrial-coast,Cilegon industrial coast,2025-07-27T02:55:29.024000Z,2,11.5435175,84.170,20.714,provisional_derived,SENTINEL-2/S2MSI2A,2021-01-01,2026-07-24,2026-07-24T17:03:01+00:00
cilegon-industrial-coast,Cilegon industrial coast,2025-08-01T02:56:11.025000Z,2,20.955066,84.170,20.714,provisional_derived,SENTINEL-2/S2MSI2A,2021-01-01,2026-07-24,2026-07-24T17:03:01+00:00
cilegon-industrial-coast,Cilegon industrial coast,2025-08-06T02:55:29.024000Z,2,13.766577,84.170,20.714,provisional_derived,SENTINEL-2/S2MSI2A,2021-01-01,2026-07-24,2026-07-24T17:03:01+00:00
cilegon-industrial-coast,Cilegon industrial coast,2025-08-13T03:01:51.024000Z,2,55.915631000000005,84.170,20.714,provisional_derived,SENTINEL-2/S2MSI2A,2021-01-01,2026-07-24,2026-07-24T17:03:01+00:00
cilegon-industrial-coast,Cilegon industrial coast,2025-08-16T02:55:29.024000Z,2,11.5029855,84.170,20.714,provisional_derived,SENTINEL-2/S2MSI2A,2021-01-01,2026-07-24,2026-07-24T17:03:01+00:00
cilegon-industrial-coast,Cilegon industrial coast,2025-08-21T02:56:01.025000Z,2,77.2457985,84.170,20.714,provisional_derived,SENTINEL-2/S2MSI2A,2021-01-01,2026-07-24,2026-07-24T17:03:01+00:00
cilegon-industrial-coast,Cilegon industrial coast,2025-08-26T02:55:29.024000Z,2,2.171979,84.170,20.714,provisional_derived,SENTINEL-2/S2MSI2A,2021-01-01,2026-07-24,2026-07-24T17:03:01+00:00
cilegon-industrial-coast,Cilegon industrial coast,2025-08-31T02:56:01.025000Z,2,61.980646500000006,84.170,20.714,provisional_derived,SENTINEL-2/S2MSI2A,2021-01-01,2026-07-24,2026-07-24T17:03:01+00:00
cilegon-industrial-coast,Cilegon industrial coast,2025-09-02T03:01:51.024000Z,2,69.595699,84.170,20.714,provisional_derived,SENTINEL-2/S2MSI2A,2021-01-01,2026-07-24,2026-07-24T17:03:01+00:00
cilegon-industrial-coast,Cilegon industrial coast,2025-09-05T02:55:29.024000Z,2,21.580526,84.170,20.714,provisional_derived,SENTINEL-2/S2MSI2A,2021-01-01,2026-07-24,2026-07-24T17:03:01+00:00
cilegon-industrial-coast,Cilegon industrial coast,2025-09-10T02:55:41.025000Z,2,35.294719,84.170,20.714,provisional_derived,SENTINEL-2/S2MSI2A,2021-01-01,2026-07-24,2026-07-24T17:03:01+00:00
cilegon-industrial-coast,Cilegon industrial coast,2025-09-15T02:55:19.024000Z,2,17.6194835,84.170,20.714,provisional_derived,SENTINEL-2/S2MSI2A,2021-01-01,2026-07-24,2026-07-24T17:03:01+00:00
cilegon-industrial-coast,Cilegon industrial coast,2025-09-20T02:55:41.025000Z,2,99.0555795,84.170,20.714,provisional_derived,SENTINEL-2/S2MSI2A,2021-01-01,2026-07-24,2026-07-24T17:03:01+00:00
cilegon-industrial-coast,Cilegon industrial coast,2025-09-22T03:01:51.024000Z,2,25.4151485,84.170,20.714,provisional_derived,SENTINEL-2/S2MSI2A,2021-01-01,2026-07-24,2026-07-24T17:03:01+00:00
cilegon-industrial-coast,Cilegon industrial coast,2025-09-25T02:55:29.024000Z,2,32.229065500000004,84.170,20.714,provisional_derived,SENTINEL-2/S2MSI2A,2021-01-01,2026-07-24,2026-07-24T17:03:01+00:00
cilegon-industrial-coast,Cilegon industrial coast,2025-09-30T02:55:41.025000Z,2,87.42254650000001,84.170,20.714,provisional_derived,SENTINEL-2/S2MSI2A,2021-01-01,2026-07-24,2026-07-24T17:03:01+00:00
cilegon-industrial-coast,Cilegon industrial coast,2025-10-05T02:55:29.024000Z,2,33.7072895,84.170,20.714,provisional_derived,SENTINEL-2/S2MSI2A,2021-01-01,2026-07-24,2026-07-24T17:03:01+00:00
cilegon-industrial-coast,Cilegon industrial coast,2025-10-10T02:56:41.025000Z,2,37.337479,84.170,20.714,provisional_derived,SENTINEL-2/S2MSI2A,2021-01-01,2026-07-24,2026-07-24T17:03:01+00:00
cilegon-industrial-coast,Cilegon industrial coast,2025-10-12T03:01:51.024000Z,2,36.026132000000004,84.170,20.714,provisional_derived,SENTINEL-2/S2MSI2A,2021-01-01,2026-07-24,2026-07-24T17:03:01+00:00
cilegon-industrial-coast,Cilegon industrial coast,2025-10-15T02:56:09.024000Z,2,51.8078625,84.170,20.714,provisional_derived,SENTINEL-2/S2MSI2A,2021-01-01,2026-07-24,2026-07-24T17:03:01+00:00
cilegon-industrial-coast,Cilegon industrial coast,2025-10-20T02:57:51.025000Z,2,99.99940649999999,84.170,20.714,provisional_derived,SENTINEL-2/S2MSI2A,2021-01-01,2026-07-24,2026-07-24T17:03:01+00:00
cilegon-industrial-coast,Cilegon industrial coast,2025-10-25T02:57:09.024000Z,2,63.409591,84.170,20.714,provisional_derived,SENTINEL-2/S2MSI2A,2021-01-01,2026-07-24,2026-07-24T17:03:01+00:00
cilegon-industrial-coast,Cilegon industrial coast,2025-10-30T03:05:11.025000Z,2,70.4740345,84.170,20.714,provisional_derived,SENTINEL-2/S2MSI2A,2021-01-01,2026-07-24,2026-07-24T17:03:01+00:00
cilegon-industrial-coast,Cilegon industrial coast,2025-11-01T03:01:51.024000Z,2,27.214859500000003,84.170,20.714,provisional_derived,SENTINEL-2/S2MSI2A,2021-01-01,2026-07-24,2026-07-24T17:03:01+00:00
cilegon-industrial-coast,Cilegon industrial coast,2025-11-04T02:58:09.024000Z,2,85.23998900000001,84.170,20.714,provisional_derived,SENTINEL-2/S2MSI2A,2021-01-01,2026-07-24,2026-07-24T17:03:01+00:00
cilegon-industrial-coast,Cilegon industrial coast,2025-11-09T03:05:11.025000Z,2,99.745521,84.170,20.714,provisional_derived,SENTINEL-2/S2MSI2A,2021-01-01,2026-07-24,2026-07-24T17:03:01+00:00
cilegon-industrial-coast,Cilegon industrial coast,2025-11-14T02:58:59.024000Z,2,87.4557885,84.170,20.714,provisional_derived,SENTINEL-2/S2MSI2A,2021-01-01,2026-07-24,2026-07-24T17:03:01+00:00
cilegon-industrial-coast,Cilegon industrial coast,2025-11-19T03:05:11.025000Z,2,99.341342,84.170,20.714,provisional_derived,SENTINEL-2/S2MSI2A,2021-01-01,2026-07-24,2026-07-24T17:03:01+00:00
cilegon-industrial-coast,Cilegon industrial coast,2025-11-21T03:01:51.024000Z,2,87.823373,84.170,20.714,provisional_derived,SENTINEL-2/S2MSI2A,2021-01-01,2026-07-24,2026-07-24T17:03:01+00:00
cilegon-industrial-coast,Cilegon industrial coast,2025-11-24T02:59:39.024000Z,2,75.7600815,84.170,20.714,provisional_derived,SENTINEL-2/S2MSI2A,2021-01-01,2026-07-24,2026-07-24T17:03:01+00:00
cilegon-industrial-coast,Cilegon industrial coast,2025-11-29T03:01:01.025000Z,2,99.9953685,84.170,20.714,provisional_derived,SENTINEL-2/S2MSI2A,2021-01-01,2026-07-24,2026-07-24T17:03:01+00:00
cilegon-industrial-coast,Cilegon industrial coast,2025-12-04T03:00:09.024000Z,2,100.0,84.170,20.714,provisional_derived,SENTINEL-2/S2MSI2A,2021-01-01,2026-07-24,2026-07-24T17:03:01+00:00
cilegon-industrial-coast,Cilegon industrial coast,2025-12-09T03:01:31.024000Z,2,96.973041,84.170,20.714,provisional_derived,SENTINEL-2/S2MSI2A,2021-01-01,2026-07-24,2026-07-24T17:03:01+00:00
cilegon-industrial-coast,Cilegon industrial coast,2025-12-11T03:01:51.024000Z,2,91.5416685,84.170,20.714,provisional_derived,SENTINEL-2/S2MSI2A,2021-01-01,2026-07-24,2026-07-24T17:03:01+00:00
cilegon-industrial-coast,Cilegon industrial coast,2025-12-14T03:00:29.024000Z,2,99.9919085,84.170,20.714,provisional_derived,SENTINEL-2/S2MSI2A,2021-01-01,2026-07-24,2026-07-24T17:03:01+00:00
cilegon-industrial-coast,Cilegon industrial coast,2025-12-19T03:01:41.025000Z,2,91.1302415,84.170,20.714,provisional_derived,SENTINEL-2/S2MSI2A,2021-01-01,2026-07-24,2026-07-24T17:03:01+00:00
cilegon-industrial-coast,Cilegon industrial coast,2025-12-24T03:00:29.024000Z,2,91.4067925,84.170,20.714,provisional_derived,SENTINEL-2/S2MSI2A,2021-01-01,2026-07-24,2026-07-24T17:03:01+00:00
cilegon-industrial-coast,Cilegon industrial coast,2025-12-29T03:01:41.025000Z,2,99.994147,84.170,20.714,provisional_derived,SENTINEL-2/S2MSI2A,2021-01-01,2026-07-24,2026-07-24T17:03:01+00:00
cilegon-industrial-coast,Cilegon industrial coast,2025-12-31T03:02:01.024000Z,2,100.0,84.170,20.714,provisional_derived,SENTINEL-2/S2MSI2A,2021-01-01,2026-07-24,2026-07-24T17:03:01+00:00
cilegon-industrial-coast,Cilegon industrial coast,2026-01-03T03:00:19.024000Z,2,100.0,84.170,20.714,provisional_derived,SENTINEL-2/S2MSI2A,2021-01-01,2026-07-24,2026-07-24T17:03:01+00:00
cilegon-industrial-coast,Cilegon industrial coast,2026-01-08T03:01:21.025000Z,2,99.9994575,84.170,20.714,provisional_derived,SENTINEL-2/S2MSI2A,2021-01-01,2026-07-24,2026-07-24T17:03:01+00:00
cilegon-industrial-coast,Cilegon industrial coast,2026-01-13T02:59:59.024000Z,2,99.8077035,84.170,20.714,provisional_derived,SENTINEL-2/S2MSI2A,2021-01-01,2026-07-24,2026-07-24T17:03:01+00:00
cilegon-industrial-coast,Cilegon industrial coast,2026-01-18T03:00:41.025000Z,2,99.999809,84.170,20.714,provisional_derived,SENTINEL-2/S2MSI2A,2021-01-01,2026-07-24,2026-07-24T17:03:01+00:00
cilegon-industrial-coast,Cilegon industrial coast,2026-01-23T02:59:19.024000Z,2,99.733335,84.170,20.714,provisional_derived,SENTINEL-2/S2MSI2A,2021-01-01,2026-07-24,2026-07-24T17:03:01+00:00
cilegon-industrial-coast,Cilegon industrial coast,2026-01-28T03:00:01.025000Z,2,97.43340900000001,84.170,20.714,provisional_derived,SENTINEL-2/S2MSI2A,2021-01-01,2026-07-24,2026-07-24T17:03:01+00:00
cilegon-industrial-coast,Cilegon industrial coast,2026-02-02T02:58:29.024000Z,2,92.33048550000001,84.170,20.714,provisional_derived,SENTINEL-2/S2MSI2A,2021-01-01,2026-07-24,2026-07-24T17:03:01+00:00
cilegon-industrial-coast,Cilegon industrial coast,2026-02-12T02:57:29.024000Z,2,99.997863,84.170,20.714,provisional_derived,SENTINEL-2/S2MSI2A,2021-01-01,2026-07-24,2026-07-24T17:03:01+00:00
cilegon-industrial-coast,Cilegon industrial coast,2026-02-17T02:58:01.025000Z,2,99.99686750000001,84.170,20.714,provisional_derived,SENTINEL-2/S2MSI2A,2021-01-01,2026-07-24,2026-07-24T17:03:01+00:00
cilegon-industrial-coast,Cilegon industrial coast,2026-02-22T02:56:29.024000Z,2,99.98341500000001,84.170,20.714,provisional_derived,SENTINEL-2/S2MSI2A,2021-01-01,2026-07-24,2026-07-24T17:03:01+00:00
cilegon-industrial-coast,Cilegon industrial coast,2026-02-27T02:57:01.024000Z,2,99.017885,84.170,20.714,provisional_derived,SENTINEL-2/S2MSI2A,2021-01-01,2026-07-24,2026-07-24T17:03:01+00:00
cilegon-industrial-coast,Cilegon industrial coast,2026-03-04T02:55:19.024000Z,2,95.007649,84.170,20.714,provisional_derived,SENTINEL-2/S2MSI2A,2021-01-01,2026-07-24,2026-07-24T17:03:01+00:00
cilegon-industrial-coast,Cilegon industrial coast,2026-03-09T02:55:31.025000Z,2,88.76800549999999,84.170,20.714,provisional_derived,SENTINEL-2/S2MSI2A,2021-01-01,2026-07-24,2026-07-24T17:03:01+00:00
cilegon-industrial-coast,Cilegon industrial coast,2026-03-14T02:55:39.024000Z,2,13.0939715,84.170,20.714,provisional_derived,SENTINEL-2/S2MSI2A,2021-01-01,2026-07-24,2026-07-24T17:03:01+00:00
cilegon-industrial-coast,Cilegon industrial coast,2026-03-19T02:55:31.024000Z,2,57.691966,84.170,20.714,provisional_derived,SENTINEL-2/S2MSI2A,2021-01-01,2026-07-24,2026-07-24T17:03:01+00:00
cilegon-industrial-coast,Cilegon industrial coast,2026-03-24T02:55:39.024000Z,2,82.9115955,84.170,20.714,provisional_derived,SENTINEL-2/S2MSI2A,2021-01-01,2026-07-24,2026-07-24T17:03:01+00:00
cilegon-industrial-coast,Cilegon industrial coast,2026-03-29T02:55:51.025000Z,2,34.080401,84.170,20.714,provisional_derived,SENTINEL-2/S2MSI2A,2021-01-01,2026-07-24,2026-07-24T17:03:01+00:00
cilegon-industrial-coast,Cilegon industrial coast,2026-03-31T03:02:01.024000Z,2,96.155077,84.170,20.714,provisional_derived,SENTINEL-2/S2MSI2A,2021-01-01,2026-07-24,2026-07-24T17:03:01+00:00
cilegon-industrial-coast,Cilegon industrial coast,2026-04-03T02:55:19.024000Z,2,7.5607975000000005,84.170,20.714,provisional_derived,SENTINEL-2/S2MSI2A,2021-01-01,2026-07-24,2026-07-24T17:03:01+00:00
cilegon-industrial-coast,Cilegon industrial coast,2026-04-08T02:55:41.025000Z,2,97.242898,84.170,20.714,provisional_derived,SENTINEL-2/S2MSI2A,2021-01-01,2026-07-24,2026-07-24T17:03:01+00:00
cilegon-industrial-coast,Cilegon industrial coast,2026-04-13T02:55:19.024000Z,2,13.245236,84.170,20.714,provisional_derived,SENTINEL-2/S2MSI2A,2021-01-01,2026-07-24,2026-07-24T17:03:01+00:00
cilegon-industrial-coast,Cilegon industrial coast,2026-04-18T02:55:41.025000Z,2,59.0544285,84.170,20.714,provisional_derived,SENTINEL-2/S2MSI2A,2021-01-01,2026-07-24,2026-07-24T17:03:01+00:00
cilegon-industrial-coast,Cilegon industrial coast,2026-04-20T03:01:51.024000Z,2,51.5822905,84.170,20.714,provisional_derived,SENTINEL-2/S2MSI2A,2021-01-01,2026-07-24,2026-07-24T17:03:01+00:00
cilegon-industrial-coast,Cilegon industrial coast,2026-04-23T02:55:19.024000Z,2,66.578853,84.170,20.714,provisional_derived,SENTINEL-2/S2MSI2A,2021-01-01,2026-07-24,2026-07-24T17:03:01+00:00
cilegon-industrial-coast,Cilegon industrial coast,2026-04-28T02:55:51.025000Z,2,88.03672449999999,84.170,20.714,provisional_derived,SENTINEL-2/S2MSI2A,2021-01-01,2026-07-24,2026-07-24T17:03:01+00:00
cilegon-industrial-coast,Cilegon industrial coast,2026-05-03T02:55:19.024000Z,2,29.145013,84.170,20.714,provisional_derived,SENTINEL-2/S2MSI2A,2021-01-01,2026-07-24,2026-07-24T17:03:01+00:00
cilegon-industrial-coast,Cilegon industrial coast,2026-05-08T02:55:21.025000Z,2,69.9921785,84.170,20.714,provisional_derived,SENTINEL-2/S2MSI2A,2021-01-01,2026-07-24,2026-07-24T17:03:01+00:00
cilegon-industrial-coast,Cilegon industrial coast,2026-05-10T03:01:51.024000Z,2,27.7438805,84.170,20.714,provisional_derived,SENTINEL-2/S2MSI2A,2021-01-01,2026-07-24,2026-07-24T17:03:01+00:00
cilegon-industrial-coast,Cilegon industrial coast,2026-05-13T02:55:19.024000Z,2,28.4676835,84.170,20.714,provisional_derived,SENTINEL-2/S2MSI2A,2021-01-01,2026-07-24,2026-07-24T17:03:01+00:00
cilegon-industrial-coast,Cilegon industrial coast,2026-05-18T02:55:21.025000Z,2,15.3683085,84.170,20.714,provisional_derived,SENTINEL-2/S2MSI2A,2021-01-01,2026-07-24,2026-07-24T17:03:01+00:00
cilegon-industrial-coast,Cilegon industrial coast,2026-05-23T02:55:19.024000Z,2,68.2470605,84.170,20.714,provisional_derived,SENTINEL-2/S2MSI2A,2021-01-01,2026-07-24,2026-07-24T17:03:01+00:00
cilegon-industrial-coast,Cilegon industrial coast,2026-05-28T02:55:21.025000Z,2,5.4115165,84.170,20.714,provisional_derived,SENTINEL-2/S2MSI2A,2021-01-01,2026-07-24,2026-07-24T17:03:01+00:00
cilegon-industrial-coast,Cilegon industrial coast,2026-05-30T03:01:51.024000Z,2,5.921752,84.170,20.714,provisional_derived,SENTINEL-2/S2MSI2A,2021-01-01,2026-07-24,2026-07-24T17:03:01+00:00
cilegon-industrial-coast,Cilegon industrial coast,2026-06-02T02:55:19.024000Z,2,40.6938925,84.170,20.714,provisional_derived,SENTINEL-2/S2MSI2A,2021-01-01,2026-07-24,2026-07-24T17:03:01+00:00
cilegon-industrial-coast,Cilegon industrial coast,2026-06-07T02:55:21.025000Z,2,16.853361,84.170,20.714,provisional_derived,SENTINEL-2/S2MSI2A,2021-01-01,2026-07-24,2026-07-24T17:03:01+00:00
cilegon-industrial-coast,Cilegon industrial coast,2026-06-12T02:55:19.024000Z,2,20.7898515,84.170,20.714,provisional_derived,SENTINEL-2/S2MSI2A,2021-01-01,2026-07-24,2026-07-24T17:03:01+00:00
cilegon-industrial-coast,Cilegon industrial coast,2026-06-17T02:55:21.025000Z,2,15.129500499999999,84.170,20.714,provisional_derived,SENTINEL-2/S2MSI2A,2021-01-01,2026-07-24,2026-07-24T17:03:01+00:00
cilegon-industrial-coast,Cilegon industrial coast,2026-06-19T03:01:51.024000Z,2,3.615817,84.170,20.714,provisional_derived,SENTINEL-2/S2MSI2A,2021-01-01,2026-07-24,2026-07-24T17:03:01+00:00
cilegon-industrial-coast,Cilegon industrial coast,2026-06-22T02:55:19.024000Z,2,46.5995475,84.170,20.714,provisional_derived,SENTINEL-2/S2MSI2A,2021-01-01,2026-07-24,2026-07-24T17:03:01+00:00
cilegon-industrial-coast,Cilegon industrial coast,2026-06-27T02:55:21.025000Z,2,31.7370135,84.170,20.714,provisional_derived,SENTINEL-2/S2MSI2A,2021-01-01,2026-07-24,2026-07-24T17:03:01+00:00
cilegon-industrial-coast,Cilegon industrial coast,2026-07-02T02:55:19.024000Z,2,18.1073725,84.170,20.714,provisional_derived,SENTINEL-2/S2MSI2A,2021-01-01,2026-07-24,2026-07-24T17:03:01+00:00
cilegon-industrial-coast,Cilegon industrial coast,2026-07-07T02:55:21.025000Z,2,9.712807999999999,84.170,20.714,provisional_derived,SENTINEL-2/S2MSI2A,2021-01-01,2026-07-24,2026-07-24T17:03:01+00:00
cilegon-industrial-coast,Cilegon industrial coast,2026-07-09T03:01:51.024000Z,2,6.8062000000000005,84.170,20.714,provisional_derived,SENTINEL-2/S2MSI2A,2021-01-01,2026-07-24,2026-07-24T17:03:01+00:00
cilegon-industrial-coast,Cilegon industrial coast,2026-07-12T02:55:29.024000Z,2,40.4999985,84.170,20.714,provisional_derived,SENTINEL-2/S2MSI2A,2021-01-01,2026-07-24,2026-07-24T17:03:01+00:00
cilegon-industrial-coast,Cilegon industrial coast,2026-07-17T02:55:31.025000Z,2,23.1089485,84.170,20.714,provisional_derived,SENTINEL-2/S2MSI2A,2021-01-01,2026-07-24,2026-07-24T17:03:01+00:00
cilegon-industrial-coast,Cilegon industrial coast,2026-07-19T03:01:51.024000Z,2,35.630922,84.170,20.714,provisional_derived,SENTINEL-2/S2MSI2A,2021-01-01,2026-07-24,2026-07-24T17:03:01+00:00
cilegon-industrial-coast,Cilegon industrial coast,2026-07-22T02:55:29.024000Z,2,58.6441175,84.170,20.714,provisional_derived,SENTINEL-2/S2MSI2A,2021-01-01,2026-07-24,2026-07-24T17:03:01+00:00
morowali-imip,Morowali industrial coast near IMIP,2021-01-01T02:13:49.024000Z,4,71.1090955,81.802,16.574,provisional_derived,SENTINEL-2/S2MSI2A,2021-01-01,2026-07-24,2026-07-24T17:03:01+00:00
morowali-imip,Morowali industrial coast near IMIP,2021-01-06T02:13:51.024000Z,4,99.56776500000001,81.802,16.574,provisional_derived,SENTINEL-2/S2MSI2A,2021-01-01,2026-07-24,2026-07-24T17:03:01+00:00
morowali-imip,Morowali industrial coast near IMIP,2021-01-11T02:13:49.024000Z,4,37.547416999999996,81.802,16.574,provisional_derived,SENTINEL-2/S2MSI2A,2021-01-01,2026-07-24,2026-07-24T17:03:01+00:00
morowali-imip,Morowali industrial coast near IMIP,2021-01-16T02:13:51.024000Z,4,100.0,81.802,16.574,provisional_derived,SENTINEL-2/S2MSI2A,2021-01-01,2026-07-24,2026-07-24T17:03:01+00:00
morowali-imip,Morowali industrial coast near IMIP,2021-01-21T02:13:49.024000Z,4,99.398151,81.802,16.574,provisional_derived,SENTINEL-2/S2MSI2A,2021-01-01,2026-07-24,2026-07-24T17:03:01+00:00
morowali-imip,Morowali industrial coast near IMIP,2021-01-26T02:13:51.024000Z,4,100.0,81.802,16.574,provisional_derived,SENTINEL-2/S2MSI2A,2021-01-01,2026-07-24,2026-07-24T17:03:01+00:00
morowali-imip,Morowali industrial coast near IMIP,2021-01-31T02:13:49.024000Z,4,99.999672,81.802,16.574,provisional_derived,SENTINEL-2/S2MSI2A,2021-01-01,2026-07-24,2026-07-24T17:03:01+00:00
morowali-imip,Morowali industrial coast near IMIP,2021-02-05T02:13:41.024000Z,4,97.783965,81.802,16.574,provisional_derived,SENTINEL-2/S2MSI2A,2021-01-01,2026-07-24,2026-07-24T17:03:01+00:00
morowali-imip,Morowali industrial coast near IMIP,2021-02-10T02:13:49.024000Z,4,92.9269465,81.802,16.574,provisional_derived,SENTINEL-2/S2MSI2A,2021-01-01,2026-07-24,2026-07-24T17:03:01+00:00
morowali-imip,Morowali industrial coast near IMIP,2021-02-15T02:13:41.024000Z,4,37.462054499999994,81.802,16.574,provisional_derived,SENTINEL-2/S2MSI2A,2021-01-01,2026-07-24,2026-07-24T17:03:01+00:00
morowali-imip,Morowali industrial coast near IMIP,2021-02-20T02:13:39.024000Z,4,98.19635149999999,81.802,16.574,provisional_derived,SENTINEL-2/S2MSI2A,2021-01-01,2026-07-24,2026-07-24T17:03:01+00:00
morowali-imip,Morowali industrial coast near IMIP,2021-02-25T02:13:41.024000Z,4,63.1394685,81.802,16.574,provisional_derived,SENTINEL-2/S2MSI2A,2021-01-01,2026-07-24,2026-07-24T17:03:01+00:00
morowali-imip,Morowali industrial coast near IMIP,2021-03-02T02:13:49.024000Z,4,99.66522499999999,81.802,16.574,provisional_derived,SENTINEL-2/S2MSI2A,2021-01-01,2026-07-24,2026-07-24T17:03:01+00:00
morowali-imip,Morowali industrial coast near IMIP,2021-03-07T02:13:41.024000Z,4,99.194777,81.802,16.574,provisional_derived,SENTINEL-2/S2MSI2A,2021-01-01,2026-07-24,2026-07-24T17:03:01+00:00
morowali-imip,Morowali industrial coast near IMIP,2021-03-12T02:13:49.024000Z,4,54.311749500000005,81.802,16.574,provisional_derived,SENTINEL-2/S2MSI2A,2021-01-01,2026-07-24,2026-07-24T17:03:01+00:00
morowali-imip,Morowali industrial coast near IMIP,2021-03-17T02:13:41.024000Z,4,13.193685,81.802,16.574,provisional_derived,SENTINEL-2/S2MSI2A,2021-01-01,2026-07-24,2026-07-24T17:03:01+00:00
morowali-imip,Morowali industrial coast near IMIP,2021-03-22T02:13:49.024000Z,4,21.577752,81.802,16.574,provisional_derived,SENTINEL-2/S2MSI2A,2021-01-01,2026-07-24,2026-07-24T17:03:01+00:00
morowali-imip,Morowali industrial coast near IMIP,2021-03-27T02:13:41.024000Z,4,99.559972,81.802,16.574,provisional_derived,SENTINEL-2/S2MSI2A,2021-01-01,2026-07-24,2026-07-24T17:03:01+00:00
morowali-imip,Morowali industrial coast near IMIP,2021-04-01T02:13:39.024000Z,6,92.1041995,81.802,16.574,provisional_derived,SENTINEL-2/S2MSI2A,2021-01-01,2026-07-24,2026-07-24T17:03:01+00:00
morowali-imip,Morowali industrial coast near IMIP,2021-04-06T02:13:41.024000Z,4,12.212314,81.802,16.574,provisional_derived,SENTINEL-2/S2MSI2A,2021-01-01,2026-07-24,2026-07-24T17:03:01+00:00
morowali-imip,Morowali industrial coast near IMIP,2021-04-11T02:13:39.024000Z,4,62.595004,81.802,16.574,provisional_derived,SENTINEL-2/S2MSI2A,2021-01-01,2026-07-24,2026-07-24T17:03:01+00:00
morowali-imip,Morowali industrial coast near IMIP,2021-04-16T02:13:41.024000Z,4,88.0527405,81.802,16.574,provisional_derived,SENTINEL-2/S2MSI2A,2021-01-01,2026-07-24,2026-07-24T17:03:01+00:00
morowali-imip,Morowali industrial coast near IMIP,2021-04-21T02:13:39.024000Z,4,98.207003,81.802,16.574,provisional_derived,SENTINEL-2/S2MSI2A,2021-01-01,2026-07-24,2026-07-24T17:03:01+00:00
morowali-imip,Morowali industrial coast near IMIP,2021-04-26T02:13:41.024000Z,4,56.9776595,81.802,16.574,provisional_derived,SENTINEL-2/S2MSI2A,2021-01-01,2026-07-24,2026-07-24T17:03:01+00:00
morowali-imip,Morowali industrial coast near IMIP,2021-05-01T02:13:39.024000Z,4,62.816253,81.802,16.574,provisional_derived,SENTINEL-2/S2MSI2A,2021-01-01,2026-07-24,2026-07-24T17:03:01+00:00
morowali-imip,Morowali industrial coast near IMIP,2021-05-06T02:13:41.024000Z,4,79.82916850000001,81.802,16.574,provisional_derived,SENTINEL-2/S2MSI2A,2021-01-01,2026-07-24,2026-07-24T17:03:01+00:00
morowali-imip,Morowali industrial coast near IMIP,2021-05-11T02:13:49.024000Z,4,43.625091,81.802,16.574,provisional_derived,SENTINEL-2/S2MSI2A,2021-01-01,2026-07-24,2026-07-24T17:03:01+00:00
morowali-imip,Morowali industrial coast near IMIP,2021-05-16T02:13:41.024000Z,4,97.8209645,81.802,16.574,provisional_derived,SENTINEL-2/S2MSI2A,2021-01-01,2026-07-24,2026-07-24T17:03:01+00:00
morowali-imip,Morowali industrial coast near IMIP,2021-05-21T02:13:49.024000Z,4,98.8507655,81.802,16.574,provisional_derived,SENTINEL-2/S2MSI2A,2021-01-01,2026-07-24,2026-07-24T17:03:01+00:00
morowali-imip,Morowali industrial coast near IMIP,2021-05-26T02:13:51.024000Z,4,85.042316,81.802,16.574,provisional_derived,SENTINEL-2/S2MSI2A,2021-01-01,2026-07-24,2026-07-24T17:03:01+00:00
morowali-imip,Morowali industrial coast near IMIP,2021-05-31T02:13:49.024000Z,6,99.871814,81.802,16.574,provisional_derived,SENTINEL-2/S2MSI2A,2021-01-01,2026-07-24,2026-07-24T17:03:01+00:00
morowali-imip,Morowali industrial coast near IMIP,2021-06-05T02:13:51.024000Z,4,58.1162515,81.802,16.574,provisional_derived,SENTINEL-2/S2MSI2A,2021-01-01,2026-07-24,2026-07-24T17:03:01+00:00
morowali-imip,Morowali industrial coast near IMIP,2021-06-10T02:13:49.024000Z,4,24.251134,81.802,16.574,provisional_derived,SENTINEL-2/S2MSI2A,2021-01-01,2026-07-24,2026-07-24T17:03:01+00:00
morowali-imip,Morowali industrial coast near IMIP,2021-06-15T02:13:51.024000Z,4,100.0,81.802,16.574,provisional_derived,SENTINEL-2/S2MSI2A,2021-01-01,2026-07-24,2026-07-24T17:03:01+00:00
morowali-imip,Morowali industrial coast near IMIP,2021-06-20T02:13:49.024000Z,4,98.58568600000001,81.802,16.574,provisional_derived,SENTINEL-2/S2MSI2A,2021-01-01,2026-07-24,2026-07-24T17:03:01+00:00
morowali-imip,Morowali industrial coast near IMIP,2021-06-25T02:13:51.024000Z,4,47.771497,81.802,16.574,provisional_derived,SENTINEL-2/S2MSI2A,2021-01-01,2026-07-24,2026-07-24T17:03:01+00:00
morowali-imip,Morowali industrial coast near IMIP,2021-06-30T02:13:49.024000Z,4,85.609478,81.802,16.574,provisional_derived,SENTINEL-2/S2MSI2A,2021-01-01,2026-07-24,2026-07-24T17:03:01+00:00
morowali-imip,Morowali industrial coast near IMIP,2021-07-05T02:13:51.024000Z,4,82.55013550000001,81.802,16.574,provisional_derived,SENTINEL-2/S2MSI2A,2021-01-01,2026-07-24,2026-07-24T17:03:01+00:00
morowali-imip,Morowali industrial coast near IMIP,2021-07-10T02:13:49.024000Z,4,95.648098,81.802,16.574,provisional_derived,SENTINEL-2/S2MSI2A,2021-01-01,2026-07-24,2026-07-24T17:03:01+00:00
morowali-imip,Morowali industrial coast near IMIP,2021-07-15T02:13:51.024000Z,4,99.54970449999999,81.802,16.574,provisional_derived,SENTINEL-2/S2MSI2A,2021-01-01,2026-07-24,2026-07-24T17:03:01+00:00
morowali-imip,Morowali industrial coast near IMIP,2021-07-20T02:13:49.024000Z,4,93.6069875,81.802,16.574,provisional_derived,SENTINEL-2/S2MSI2A,2021-01-01,2026-07-24,2026-07-24T17:03:01+00:00
morowali-imip,Morowali industrial coast near IMIP,2021-07-25T02:13:51.024000Z,4,35.380120999999995,81.802,16.574,provisional_derived,SENTINEL-2/S2MSI2A,2021-01-01,2026-07-24,2026-07-24T17:03:01+00:00
morowali-imip,Morowali industrial coast near IMIP,2021-07-30T02:13:49.024000Z,4,89.79319000000001,81.802,16.574,provisional_derived,SENTINEL-2/S2MSI2A,2021-01-01,2026-07-24,2026-07-24T17:03:01+00:00
morowali-imip,Morowali industrial coast near IMIP,2021-08-04T02:13:51.024000Z,4,99.982482,81.802,16.574,provisional_derived,SENTINEL-2/S2MSI2A,2021-01-01,2026-07-24,2026-07-24T17:03:01+00:00
morowali-imip,Morowali industrial coast near IMIP,2021-08-09T02:13:49.024000Z,4,52.7815345,81.802,16.574,provisional_derived,SENTINEL-2/S2MSI2A,2021-01-01,2026-07-24,2026-07-24T17:03:01+00:00
morowali-imip,Morowali industrial coast near IMIP,2021-08-14T02:13:51.024000Z,4,53.997675,81.802,16.574,provisional_derived,SENTINEL-2/S2MSI2A,2021-01-01,2026-07-24,2026-07-24T17:03:01+00:00
morowali-imip,Morowali industrial coast near IMIP,2021-08-19T02:13:49.024000Z,4,99.714759,81.802,16.574,provisional_derived,SENTINEL-2/S2MSI2A,2021-01-01,2026-07-24,2026-07-24T17:03:01+00:00
morowali-imip,Morowali industrial coast near IMIP,2021-08-24T02:13:51.024000Z,4,99.796322,81.802,16.574,provisional_derived,SENTINEL-2/S2MSI2A,2021-01-01,2026-07-24,2026-07-24T17:03:01+00:00
morowali-imip,Morowali industrial coast near IMIP,2021-08-29T02:13:39.024000Z,4,60.475758,81.802,16.574,provisional_derived,SENTINEL-2/S2MSI2A,2021-01-01,2026-07-24,2026-07-24T17:03:01+00:00
morowali-imip,Morowali industrial coast near IMIP,2021-09-03T02:13:51.024000Z,4,99.43225699999999,81.802,16.574,provisional_derived,SENTINEL-2/S2MSI2A,2021-01-01,2026-07-24,2026-07-24T17:03:01+00:00
morowali-imip,Morowali industrial coast near IMIP,2021-09-08T02:13:39.024000Z,4,92.63696050000001,81.802,16.574,provisional_derived,SENTINEL-2/S2MSI2A,2021-01-01,2026-07-24,2026-07-24T17:03:01+00:00
morowali-imip,Morowali industrial coast near IMIP,2021-09-13T02:13:51.024000Z,4,97.0903125,81.802,16.574,provisional_derived,SENTINEL-2/S2MSI2A,2021-01-01,2026-07-24,2026-07-24T17:03:01+00:00
morowali-imip,Morowali industrial coast near IMIP,2021-09-18T02:13:39.024000Z,4,73.12567250000001,81.802,16.574,provisional_derived,SENTINEL-2/S2MSI2A,2021-01-01,2026-07-24,2026-07-24T17:03:01+00:00
morowali-imip,Morowali industrial coast near IMIP,2021-09-23T02:13:51.024000Z,4,76.314744,81.802,16.574,provisional_derived,SENTINEL-2/S2MSI2A,2021-01-01,2026-07-24,2026-07-24T17:03:01+00:00
morowali-imip,Morowali industrial coast near IMIP,2021-09-28T02:13:49.024000Z,4,90.135932,81.802,16.574,provisional_derived,SENTINEL-2/S2MSI2A,2021-01-01,2026-07-24,2026-07-24T17:03:01+00:00
morowali-imip,Morowali industrial coast near IMIP,2021-10-03T02:13:51.024000Z,4,43.9100325,81.802,16.574,provisional_derived,SENTINEL-2/S2MSI2A,2021-01-01,2026-07-24,2026-07-24T17:03:01+00:00
morowali-imip,Morowali industrial coast near IMIP,2021-10-08T02:13:49.024000Z,4,94.168311,81.802,16.574,provisional_derived,SENTINEL-2/S2MSI2A,2021-01-01,2026-07-24,2026-07-24T17:03:01+00:00
morowali-imip,Morowali industrial coast near IMIP,2021-10-13T02:13:51.024000Z,4,76.2412075,81.802,16.574,provisional_derived,SENTINEL-2/S2MSI2A,2021-01-01,2026-07-24,2026-07-24T17:03:01+00:00
morowali-imip,Morowali industrial coast near IMIP,2021-10-18T02:13:49.024000Z,4,58.601239500000005,81.802,16.574,provisional_derived,SENTINEL-2/S2MSI2A,2021-01-01,2026-07-24,2026-07-24T17:03:01+00:00
morowali-imip,Morowali industrial coast near IMIP,2021-10-23T02:13:51.024000Z,4,20.0013065,81.802,16.574,provisional_derived,SENTINEL-2/S2MSI2A,2021-01-01,2026-07-24,2026-07-24T17:03:01+00:00
morowali-imip,Morowali industrial coast near IMIP,2021-10-28T02:13:49.024000Z,4,32.5390655,81.802,16.574,provisional_derived,SENTINEL-2/S2MSI2A,2021-01-01,2026-07-24,2026-07-24T17:03:01+00:00
morowali-imip,Morowali industrial coast near IMIP,2021-11-02T02:13:51.024000Z,4,43.918711,81.802,16.574,provisional_derived,SENTINEL-2/S2MSI2A,2021-01-01,2026-07-24,2026-07-24T17:03:01+00:00
morowali-imip,Morowali industrial coast near IMIP,2021-11-07T02:13:49.024000Z,4,46.816694999999996,81.802,16.574,provisional_derived,SENTINEL-2/S2MSI2A,2021-01-01,2026-07-24,2026-07-24T17:03:01+00:00
morowali-imip,Morowali industrial coast near IMIP,2021-11-12T02:13:51.024000Z,4,26.9071895,81.802,16.574,provisional_derived,SENTINEL-2/S2MSI2A,2021-01-01,2026-07-24,2026-07-24T17:03:01+00:00
morowali-imip,Morowali industrial coast near IMIP,2021-11-17T02:13:39.024000Z,4,99.999657,81.802,16.574,provisional_derived,SENTINEL-2/S2MSI2A,2021-01-01,2026-07-24,2026-07-24T17:03:01+00:00
morowali-imip,Morowali industrial coast near IMIP,2021-11-22T02:13:41.024000Z,4,79.704958,81.802,16.574,provisional_derived,SENTINEL-2/S2MSI2A,2021-01-01,2026-07-24,2026-07-24T17:03:01+00:00
morowali-imip,Morowali industrial coast near IMIP,2021-11-27T02:13:39.024000Z,4,50.6510555,81.802,16.574,provisional_derived,SENTINEL-2/S2MSI2A,2021-01-01,2026-07-24,2026-07-24T17:03:01+00:00
morowali-imip,Morowali industrial coast near IMIP,2021-12-02T02:13:41.024000Z,4,98.2566355,81.802,16.574,provisional_derived,SENTINEL-2/S2MSI2A,2021-01-01,2026-07-24,2026-07-24T17:03:01+00:00
morowali-imip,Morowali industrial coast near IMIP,2021-12-07T02:13:39.024000Z,4,96.99067149999999,81.802,16.574,provisional_derived,SENTINEL-2/S2MSI2A,2021-01-01,2026-07-24,2026-07-24T17:03:01+00:00
morowali-imip,Morowali industrial coast near IMIP,2021-12-12T02:13:41.024000Z,4,99.7687815,81.802,16.574,provisional_derived,SENTINEL-2/S2MSI2A,2021-01-01,2026-07-24,2026-07-24T17:03:01+00:00
morowali-imip,Morowali industrial coast near IMIP,2021-12-17T02:13:39.024000Z,4,100.0,81.802,16.574,provisional_derived,SENTINEL-2/S2MSI2A,2021-01-01,2026-07-24,2026-07-24T17:03:01+00:00
morowali-imip,Morowali industrial coast near IMIP,2021-12-22T02:13:51.024000Z,4,99.980366,81.802,16.574,provisional_derived,SENTINEL-2/S2MSI2A,2021-01-01,2026-07-24,2026-07-24T17:03:01+00:00
morowali-imip,Morowali industrial coast near IMIP,2021-12-27T02:13:39.024000Z,4,100.0,81.802,16.574,provisional_derived,SENTINEL-2/S2MSI2A,2021-01-01,2026-07-24,2026-07-24T17:03:01+00:00
morowali-imip,Morowali industrial coast near IMIP,2022-01-01T02:13:51.024000Z,4,100.0,81.802,16.574,provisional_derived,SENTINEL-2/S2MSI2A,2021-01-01,2026-07-24,2026-07-24T17:03:01+00:00
morowali-imip,Morowali industrial coast near IMIP,2022-01-06T02:13:39.000000Z,4,93.72458449999999,81.802,16.574,provisional_derived,SENTINEL-2/S2MSI2A,2021-01-01,2026-07-24,2026-07-24T17:03:01+00:00
morowali-imip,Morowali industrial coast near IMIP,2022-01-11T02:13:51.000000Z,4,87.8250065,81.802,16.574,provisional_derived,SENTINEL-2/S2MSI2A,2021-01-01,2026-07-24,2026-07-24T17:03:01+00:00
morowali-imip,Morowali industrial coast near IMIP,2022-01-16T02:13:39.024000Z,4,99.998164,81.802,16.574,provisional_derived,SENTINEL-2/S2MSI2A,2021-01-01,2026-07-24,2026-07-24T17:03:01+00:00
morowali-imip,Morowali industrial coast near IMIP,2022-01-21T02:13:41.000000Z,4,94.8684365,81.802,16.574,provisional_derived,SENTINEL-2/S2MSI2A,2021-01-01,2026-07-24,2026-07-24T17:03:01+00:00
morowali-imip,Morowali industrial coast near IMIP,2022-01-26T02:13:39.024000Z,4,46.876642499999996,81.802,16.574,provisional_derived,SENTINEL-2/S2MSI2A,2021-01-01,2026-07-24,2026-07-24T17:03:01+00:00
morowali-imip,Morowali industrial coast near IMIP,2022-01-31T02:13:41.000000Z,4,78.11633649999999,81.802,16.574,provisional_derived,SENTINEL-2/S2MSI2A,2021-01-01,2026-07-24,2026-07-24T17:03:01+00:00
morowali-imip,Morowali industrial coast near IMIP,2022-02-05T02:13:39.024000Z,4,100.0,81.802,16.574,provisional_derived,SENTINEL-2/S2MSI2A,2021-01-01,2026-07-24,2026-07-24T17:03:01+00:00
morowali-imip,Morowali industrial coast near IMIP,2022-02-10T02:13:41.024000Z,4,54.851299499999996,81.802,16.574,provisional_derived,SENTINEL-2/S2MSI2A,2021-01-01,2026-07-24,2026-07-24T17:03:01+00:00
morowali-imip,Morowali industrial coast near IMIP,2022-02-15T02:13:39.024000Z,4,77.742952,81.802,16.574,provisional_derived,SENTINEL-2/S2MSI2A,2021-01-01,2026-07-24,2026-07-24T17:03:01+00:00
morowali-imip,Morowali industrial coast near IMIP,2022-02-20T02:13:51.024000Z,4,99.7512845,81.802,16.574,provisional_derived,SENTINEL-2/S2MSI2A,2021-01-01,2026-07-24,2026-07-24T17:03:01+00:00
morowali-imip,Morowali industrial coast near IMIP,2022-02-25T02:13:39.024000Z,4,88.34760750000001,81.802,16.574,provisional_derived,SENTINEL-2/S2MSI2A,2021-01-01,2026-07-24,2026-07-24T17:03:01+00:00
morowali-imip,Morowali industrial coast near IMIP,2022-03-02T02:13:51.024000Z,4,82.806927,81.802,16.574,provisional_derived,SENTINEL-2/S2MSI2A,2021-01-01,2026-07-24,2026-07-24T17:03:01+00:00
morowali-imip,Morowali industrial coast near IMIP,2022-03-07T02:13:39.024000Z,4,99.99836350000001,81.802,16.574,provisional_derived,SENTINEL-2/S2MSI2A,2021-01-01,2026-07-24,2026-07-24T17:03:01+00:00
morowali-imip,Morowali industrial coast near IMIP,2022-03-12T02:13:51.024000Z,4,28.138673999999998,81.802,16.574,provisional_derived,SENTINEL-2/S2MSI2A,2021-01-01,2026-07-24,2026-07-24T17:03:01+00:00
morowali-imip,Morowali industrial coast near IMIP,2022-03-17T02:13:39.024000Z,4,44.887568,81.802,16.574,provisional_derived,SENTINEL-2/S2MSI2A,2021-01-01,2026-07-24,2026-07-24T17:03:01+00:00
morowali-imip,Morowali industrial coast near IMIP,2022-03-22T02:13:51.024000Z,4,63.799113000000006,81.802,16.574,provisional_derived,SENTINEL-2/S2MSI2A,2021-01-01,2026-07-24,2026-07-24T17:03:01+00:00
morowali-imip,Morowali industrial coast near IMIP,2022-03-27T02:13:39.024000Z,4,61.4826205,81.802,16.574,provisional_derived,SENTINEL-2/S2MSI2A,2021-01-01,2026-07-24,2026-07-24T17:03:01+00:00
morowali-imip,Morowali industrial coast near IMIP,2022-04-01T02:13:51.024000Z,4,71.4360475,81.802,16.574,provisional_derived,SENTINEL-2/S2MSI2A,2021-01-01,2026-07-24,2026-07-24T17:03:01+00:00
morowali-imip,Morowali industrial coast near IMIP,2022-04-06T02:13:39.024000Z,4,54.4940025,81.802,16.574,provisional_derived,SENTINEL-2/S2MSI2A,2021-01-01,2026-07-24,2026-07-24T17:03:01+00:00
morowali-imip,Morowali industrial coast near IMIP,2022-04-11T02:13:51.024000Z,4,85.9107885,81.802,16.574,provisional_derived,SENTINEL-2/S2MSI2A,2021-01-01,2026-07-24,2026-07-24T17:03:01+00:00
morowali-imip,Morowali industrial coast near IMIP,2022-04-16T02:13:39.024000Z,6,86.87096249999999,81.802,16.574,provisional_derived,SENTINEL-2/S2MSI2A,2021-01-01,2026-07-24,2026-07-24T17:03:01+00:00
morowali-imip,Morowali industrial coast near IMIP,2022-04-21T02:13:51.024000Z,4,45.280842500000006,81.802,16.574,provisional_derived,SENTINEL-2/S2MSI2A,2021-01-01,2026-07-24,2026-07-24T17:03:01+00:00
morowali-imip,Morowali industrial coast near IMIP,2022-04-26T02:13:39.024000Z,4,35.878662,81.802,16.574,provisional_derived,SENTINEL-2/S2MSI2A,2021-01-01,2026-07-24,2026-07-24T17:03:01+00:00
morowali-imip,Morowali industrial coast near IMIP,2022-05-01T02:13:51.024000Z,4,15.484864,81.802,16.574,provisional_derived,SENTINEL-2/S2MSI2A,2021-01-01,2026-07-24,2026-07-24T17:03:01+00:00
morowali-imip,Morowali industrial coast near IMIP,2022-05-06T02:13:39.024000Z,4,66.789028,81.802,16.574,provisional_derived,SENTINEL-2/S2MSI2A,2021-01-01,2026-07-24,2026-07-24T17:03:01+00:00
morowali-imip,Morowali industrial coast near IMIP,2022-05-11T02:13:51.024000Z,4,94.52025,81.802,16.574,provisional_derived,SENTINEL-2/S2MSI2A,2021-01-01,2026-07-24,2026-07-24T17:03:01+00:00
morowali-imip,Morowali industrial coast near IMIP,2022-05-16T02:13:49.000000Z,4,95.708844,81.802,16.574,provisional_derived,SENTINEL-2/S2MSI2A,2021-01-01,2026-07-24,2026-07-24T17:03:01+00:00
morowali-imip,Morowali industrial coast near IMIP,2022-05-21T02:13:51.000000Z,4,93.355909,81.802,16.574,provisional_derived,SENTINEL-2/S2MSI2A,2021-01-01,2026-07-24,2026-07-24T17:03:01+00:00
morowali-imip,Morowali industrial coast near IMIP,2022-05-26T02:13:49.024000Z,4,32.162279,81.802,16.574,provisional_derived,SENTINEL-2/S2MSI2A,2021-01-01,2026-07-24,2026-07-24T17:03:01+00:00
morowali-imip,Morowali industrial coast near IMIP,2022-05-31T02:13:51.024000Z,4,13.666093,81.802,16.574,provisional_derived,SENTINEL-2/S2MSI2A,2021-01-01,2026-07-24,2026-07-24T17:03:01+00:00
morowali-imip,Morowali industrial coast near IMIP,2022-06-05T02:13:49.024000Z,4,51.34892000000001,81.802,16.574,provisional_derived,SENTINEL-2/S2MSI2A,2021-01-01,2026-07-24,2026-07-24T17:03:01+00:00
morowali-imip,Morowali industrial coast near IMIP,2022-06-10T02:13:51.024000Z,4,23.7910135,81.802,16.574,provisional_derived,SENTINEL-2/S2MSI2A,2021-01-01,2026-07-24,2026-07-24T17:03:01+00:00
morowali-imip,Morowali industrial coast near IMIP,2022-06-15T02:13:49.024000Z,4,44.34738,81.802,16.574,provisional_derived,SENTINEL-2/S2MSI2A,2021-01-01,2026-07-24,2026-07-24T17:03:01+00:00
morowali-imip,Morowali industrial coast near IMIP,2022-06-20T02:14:01.024000Z,4,60.3305965,81.802,16.574,provisional_derived,SENTINEL-2/S2MSI2A,2021-01-01,2026-07-24,2026-07-24T17:03:01+00:00
morowali-imip,Morowali industrial coast near IMIP,2022-06-25T02:13:49.024000Z,4,72.254169,81.802,16.574,provisional_derived,SENTINEL-2/S2MSI2A,2021-01-01,2026-07-24,2026-07-24T17:03:01+00:00
morowali-imip,Morowali industrial coast near IMIP,2022-06-30T02:14:01.024000Z,4,90.546584,81.802,16.574,provisional_derived,SENTINEL-2/S2MSI2A,2021-01-01,2026-07-24,2026-07-24T17:03:01+00:00
morowali-imip,Morowali industrial coast near IMIP,2022-07-05T02:13:49.024000Z,4,74.3703455,81.802,16.574,provisional_derived,SENTINEL-2/S2MSI2A,2021-01-01,2026-07-24,2026-07-24T17:03:01+00:00
morowali-imip,Morowali industrial coast near IMIP,2022-07-10T02:14:01.024000Z,4,100.0,81.802,16.574,provisional_derived,SENTINEL-2/S2MSI2A,2021-01-01,2026-07-24,2026-07-24T17:03:01+00:00
morowali-imip,Morowali industrial coast near IMIP,2022-07-15T02:13:49.024000Z,4,99.9904365,81.802,16.574,provisional_derived,SENTINEL-2/S2MSI2A,2021-01-01,2026-07-24,2026-07-24T17:03:01+00:00
morowali-imip,Morowali industrial coast near IMIP,2022-07-20T02:14:01.024000Z,4,69.45022349999999,81.802,16.574,provisional_derived,SENTINEL-2/S2MSI2A,2021-01-01,2026-07-24,2026-07-24T17:03:01+00:00
morowali-imip,Morowali industrial coast near IMIP,2022-07-25T02:13:49.024000Z,4,38.4116795,81.802,16.574,provisional_derived,SENTINEL-2/S2MSI2A,2021-01-01,2026-07-24,2026-07-24T17:03:01+00:00
morowali-imip,Morowali industrial coast near IMIP,2022-07-30T02:13:51.024000Z,4,89.67461899999999,81.802,16.574,provisional_derived,SENTINEL-2/S2MSI2A,2021-01-01,2026-07-24,2026-07-24T17:03:01+00:00
morowali-imip,Morowali industrial coast near IMIP,2022-08-04T02:13:49.024000Z,4,20.533204,81.802,16.574,provisional_derived,SENTINEL-2/S2MSI2A,2021-01-01,2026-07-24,2026-07-24T17:03:01+00:00
morowali-imip,Morowali industrial coast near IMIP,2022-08-09T02:14:01.024000Z,4,92.62495,81.802,16.574,provisional_derived,SENTINEL-2/S2MSI2A,2021-01-01,2026-07-24,2026-07-24T17:03:01+00:00
morowali-imip,Morowali industrial coast near IMIP,2022-08-14T02:13:49.024000Z,4,48.907645,81.802,16.574,provisional_derived,SENTINEL-2/S2MSI2A,2021-01-01,2026-07-24,2026-07-24T17:03:01+00:00
morowali-imip,Morowali industrial coast near IMIP,2022-08-19T02:14:01.024000Z,4,22.197150999999998,81.802,16.574,provisional_derived,SENTINEL-2/S2MSI2A,2021-01-01,2026-07-24,2026-07-24T17:03:01+00:00
morowali-imip,Morowali industrial coast near IMIP,2022-08-24T02:13:49.024000Z,4,99.736911,81.802,16.574,provisional_derived,SENTINEL-2/S2MSI2A,2021-01-01,2026-07-24,2026-07-24T17:03:01+00:00
morowali-imip,Morowali industrial coast near IMIP,2022-08-29T02:14:01.024000Z,4,76.14728500000001,81.802,16.574,provisional_derived,SENTINEL-2/S2MSI2A,2021-01-01,2026-07-24,2026-07-24T17:03:01+00:00
morowali-imip,Morowali industrial coast near IMIP,2022-09-03T02:13:49.024000Z,4,49.561204000000004,81.802,16.574,provisional_derived,SENTINEL-2/S2MSI2A,2021-01-01,2026-07-24,2026-07-24T17:03:01+00:00
morowali-imip,Morowali industrial coast near IMIP,2022-09-08T02:14:01.024000Z,4,51.5480145,81.802,16.574,provisional_derived,SENTINEL-2/S2MSI2A,2021-01-01,2026-07-24,2026-07-24T17:03:01+00:00
morowali-imip,Morowali industrial coast near IMIP,2022-09-13T02:13:49.024000Z,4,97.94248049999999,81.802,16.574,provisional_derived,SENTINEL-2/S2MSI2A,2021-01-01,2026-07-24,2026-07-24T17:03:01+00:00
morowali-imip,Morowali industrial coast near IMIP,2022-09-18T02:13:51.024000Z,4,57.3425025,81.802,16.574,provisional_derived,SENTINEL-2/S2MSI2A,2021-01-01,2026-07-24,2026-07-24T17:03:01+00:00
morowali-imip,Morowali industrial coast near IMIP,2022-09-23T02:13:49.024000Z,4,31.8997635,81.802,16.574,provisional_derived,SENTINEL-2/S2MSI2A,2021-01-01,2026-07-24,2026-07-24T17:03:01+00:00
morowali-imip,Morowali industrial coast near IMIP,2022-09-28T02:13:51.024000Z,4,21.7310745,81.802,16.574,provisional_derived,SENTINEL-2/S2MSI2A,2021-01-01,2026-07-24,2026-07-24T17:03:01+00:00
morowali-imip,Morowali industrial coast near IMIP,2022-10-03T02:13:49.024000Z,4,70.628983,81.802,16.574,provisional_derived,SENTINEL-2/S2MSI2A,2021-01-01,2026-07-24,2026-07-24T17:03:01+00:00
morowali-imip,Morowali industrial coast near IMIP,2022-10-08T02:13:51.024000Z,4,82.656002,81.802,16.574,provisional_derived,SENTINEL-2/S2MSI2A,2021-01-01,2026-07-24,2026-07-24T17:03:01+00:00
morowali-imip,Morowali industrial coast near IMIP,2022-10-13T02:13:49.024000Z,4,99.9999105,81.802,16.574,provisional_derived,SENTINEL-2/S2MSI2A,2021-01-01,2026-07-24,2026-07-24T17:03:01+00:00
morowali-imip,Morowali industrial coast near IMIP,2022-10-18T02:13:51.024000Z,4,89.619574,81.802,16.574,provisional_derived,SENTINEL-2/S2MSI2A,2021-01-01,2026-07-24,2026-07-24T17:03:01+00:00
morowali-imip,Morowali industrial coast near IMIP,2022-10-23T02:13:49.024000Z,4,24.991553500000002,81.802,16.574,provisional_derived,SENTINEL-2/S2MSI2A,2021-01-01,2026-07-24,2026-07-24T17:03:01+00:00
morowali-imip,Morowali industrial coast near IMIP,2022-10-28T02:13:51.024000Z,4,99.999988,81.802,16.574,provisional_derived,SENTINEL-2/S2MSI2A,2021-01-01,2026-07-24,2026-07-24T17:03:01+00:00
morowali-imip,Morowali industrial coast near IMIP,2022-11-02T02:13:39.024000Z,4,100.0,81.802,16.574,provisional_derived,SENTINEL-2/S2MSI2A,2021-01-01,2026-07-24,2026-07-24T17:03:01+00:00
morowali-imip,Morowali industrial coast near IMIP,2022-11-07T02:13:51.024000Z,4,99.7504655,81.802,16.574,provisional_derived,SENTINEL-2/S2MSI2A,2021-01-01,2026-07-24,2026-07-24T17:03:01+00:00
morowali-imip,Morowali industrial coast near IMIP,2022-11-12T02:13:49.024000Z,4,68.7038095,81.802,16.574,provisional_derived,SENTINEL-2/S2MSI2A,2021-01-01,2026-07-24,2026-07-24T17:03:01+00:00
morowali-imip,Morowali industrial coast near IMIP,2022-11-17T02:13:51.024000Z,4,60.579353499999996,81.802,16.574,provisional_derived,SENTINEL-2/S2MSI2A,2021-01-01,2026-07-24,2026-07-24T17:03:01+00:00
morowali-imip,Morowali industrial coast near IMIP,2022-11-22T02:13:49.024000Z,4,76.595494,81.802,16.574,provisional_derived,SENTINEL-2/S2MSI2A,2021-01-01,2026-07-24,2026-07-24T17:03:01+00:00
morowali-imip,Morowali industrial coast near IMIP,2022-11-27T02:13:41.024000Z,4,67.203054,81.802,16.574,provisional_derived,SENTINEL-2/S2MSI2A,2021-01-01,2026-07-24,2026-07-24T17:03:01+00:00
morowali-imip,Morowali industrial coast near IMIP,2022-12-02T02:13:39.024000Z,4,87.319705,81.802,16.574,provisional_derived,SENTINEL-2/S2MSI2A,2021-01-01,2026-07-24,2026-07-24T17:03:01+00:00
morowali-imip,Morowali industrial coast near IMIP,2022-12-07T02:13:51.024000Z,4,26.0422075,81.802,16.574,provisional_derived,SENTINEL-2/S2MSI2A,2021-01-01,2026-07-24,2026-07-24T17:03:01+00:00
morowali-imip,Morowali industrial coast near IMIP,2022-12-12T02:13:39.024000Z,4,77.235809,81.802,16.574,provisional_derived,SENTINEL-2/S2MSI2A,2021-01-01,2026-07-24,2026-07-24T17:03:01+00:00
morowali-imip,Morowali industrial coast near IMIP,2022-12-17T02:13:41.024000Z,4,91.538677,81.802,16.574,provisional_derived,SENTINEL-2/S2MSI2A,2021-01-01,2026-07-24,2026-07-24T17:03:01+00:00
morowali-imip,Morowali industrial coast near IMIP,2022-12-22T02:13:49.024000Z,4,30.3967175,81.802,16.574,provisional_derived,SENTINEL-2/S2MSI2A,2021-01-01,2026-07-24,2026-07-24T17:03:01+00:00
morowali-imip,Morowali industrial coast near IMIP,2022-12-27T02:13:41.024000Z,4,99.9999615,81.802,16.574,provisional_derived,SENTINEL-2/S2MSI2A,2021-01-01,2026-07-24,2026-07-24T17:03:01+00:00
morowali-imip,Morowali industrial coast near IMIP,2023-01-01T02:13:49.024000Z,4,98.863685,81.802,16.574,provisional_derived,SENTINEL-2/S2MSI2A,2021-01-01,2026-07-24,2026-07-24T17:03:01+00:00
morowali-imip,Morowali industrial coast near IMIP,2023-01-06T02:13:41.024000Z,4,97.245902,81.802,16.574,provisional_derived,SENTINEL-2/S2MSI2A,2021-01-01,2026-07-24,2026-07-24T17:03:01+00:00
morowali-imip,Morowali industrial coast near IMIP,2023-01-11T02:13:39.024000Z,4,100.0,81.802,16.574,provisional_derived,SENTINEL-2/S2MSI2A,2021-01-01,2026-07-24,2026-07-24T17:03:01+00:00
morowali-imip,Morowali industrial coast near IMIP,2023-01-16T02:13:41.024000Z,4,98.260817,81.802,16.574,provisional_derived,SENTINEL-2/S2MSI2A,2021-01-01,2026-07-24,2026-07-24T17:03:01+00:00
morowali-imip,Morowali industrial coast near IMIP,2023-01-21T02:13:39.024000Z,4,100.0,81.802,16.574,provisional_derived,SENTINEL-2/S2MSI2A,2021-01-01,2026-07-24,2026-07-24T17:03:01+00:00
morowali-imip,Morowali industrial coast near IMIP,2023-01-26T02:13:41.024000Z,4,80.762306,81.802,16.574,provisional_derived,SENTINEL-2/S2MSI2A,2021-01-01,2026-07-24,2026-07-24T17:03:01+00:00
morowali-imip,Morowali industrial coast near IMIP,2023-01-31T02:13:39.024000Z,4,99.868545,81.802,16.574,provisional_derived,SENTINEL-2/S2MSI2A,2021-01-01,2026-07-24,2026-07-24T17:03:01+00:00
morowali-imip,Morowali industrial coast near IMIP,2023-02-05T02:13:41.024000Z,4,99.73256599999999,81.802,16.574,provisional_derived,SENTINEL-2/S2MSI2A,2021-01-01,2026-07-24,2026-07-24T17:03:01+00:00
morowali-imip,Morowali industrial coast near IMIP,2023-02-10T02:13:49.024000Z,4,99.9998215,81.802,16.574,provisional_derived,SENTINEL-2/S2MSI2A,2021-01-01,2026-07-24,2026-07-24T17:03:01+00:00
morowali-imip,Morowali industrial coast near IMIP,2023-02-15T02:13:41.024000Z,4,99.999994,81.802,16.574,provisional_derived,SENTINEL-2/S2MSI2A,2021-01-01,2026-07-24,2026-07-24T17:03:01+00:00
morowali-imip,Morowali industrial coast near IMIP,2023-02-20T02:13:49.024000Z,4,97.01844750000001,81.802,16.574,provisional_derived,SENTINEL-2/S2MSI2A,2021-01-01,2026-07-24,2026-07-24T17:03:01+00:00
morowali-imip,Morowali industrial coast near IMIP,2023-02-25T02:13:41.024000Z,4,98.93043,81.802,16.574,provisional_derived,SENTINEL-2/S2MSI2A,2021-01-01,2026-07-24,2026-07-24T17:03:01+00:00
morowali-imip,Morowali industrial coast near IMIP,2023-03-07T02:13:41.024000Z,4,78.388238,81.802,16.574,provisional_derived,SENTINEL-2/S2MSI2A,2021-01-01,2026-07-24,2026-07-24T17:03:01+00:00
morowali-imip,Morowali industrial coast near IMIP,2023-03-12T02:13:49.025000Z,4,70.042336,81.802,16.574,provisional_derived,SENTINEL-2/S2MSI2A,2021-01-01,2026-07-24,2026-07-24T17:03:01+00:00
morowali-imip,Morowali industrial coast near IMIP,2023-03-17T02:13:41.024000Z,4,89.306876,81.802,16.574,provisional_derived,SENTINEL-2/S2MSI2A,2021-01-01,2026-07-24,2026-07-24T17:03:01+00:00
morowali-imip,Morowali industrial coast near IMIP,2023-03-22T02:13:49.024000Z,4,95.24928349999999,81.802,16.574,provisional_derived,SENTINEL-2/S2MSI2A,2021-01-01,2026-07-24,2026-07-24T17:03:01+00:00
morowali-imip,Morowali industrial coast near IMIP,2023-03-27T02:13:41.024000Z,4,99.970251,81.802,16.574,provisional_derived,SENTINEL-2/S2MSI2A,2021-01-01,2026-07-24,2026-07-24T17:03:01+00:00
morowali-imip,Morowali industrial coast near IMIP,2023-04-01T02:13:49.024000Z,4,99.5545535,81.802,16.574,provisional_derived,SENTINEL-2/S2MSI2A,2021-01-01,2026-07-24,2026-07-24T17:03:01+00:00
morowali-imip,Morowali industrial coast near IMIP,2023-04-06T02:13:41.024000Z,4,98.8963155,81.802,16.574,provisional_derived,SENTINEL-2/S2MSI2A,2021-01-01,2026-07-24,2026-07-24T17:03:01+00:00
morowali-imip,Morowali industrial coast near IMIP,2023-04-11T02:13:49.024000Z,4,17.488404000000003,81.802,16.574,provisional_derived,SENTINEL-2/S2MSI2A,2021-01-01,2026-07-24,2026-07-24T17:03:01+00:00
morowali-imip,Morowali industrial coast near IMIP,2023-04-21T02:13:49.024000Z,4,72.1453545,81.802,16.574,provisional_derived,SENTINEL-2/S2MSI2A,2021-01-01,2026-07-24,2026-07-24T17:03:01+00:00
morowali-imip,Morowali industrial coast near IMIP,2023-04-26T02:13:41.024000Z,4,19.4596655,81.802,16.574,provisional_derived,SENTINEL-2/S2MSI2A,2021-01-01,2026-07-24,2026-07-24T17:03:01+00:00
morowali-imip,Morowali industrial coast near IMIP,2023-05-01T02:13:49.024000Z,4,89.26594549999999,81.802,16.574,provisional_derived,SENTINEL-2/S2MSI2A,2021-01-01,2026-07-24,2026-07-24T17:03:01+00:00
morowali-imip,Morowali industrial coast near IMIP,2023-05-06T02:13:41.024000Z,4,76.054904,81.802,16.574,provisional_derived,SENTINEL-2/S2MSI2A,2021-01-01,2026-07-24,2026-07-24T17:03:01+00:00
morowali-imip,Morowali industrial coast near IMIP,2023-05-11T02:13:49.024000Z,4,72.96617900000001,81.802,16.574,provisional_derived,SENTINEL-2/S2MSI2A,2021-01-01,2026-07-24,2026-07-24T17:03:01+00:00
morowali-imip,Morowali industrial coast near IMIP,2023-05-16T02:13:41.024000Z,4,68.405998,81.802,16.574,provisional_derived,SENTINEL-2/S2MSI2A,2021-01-01,2026-07-24,2026-07-24T17:03:01+00:00
morowali-imip,Morowali industrial coast near IMIP,2023-05-21T02:13:49.024000Z,4,73.630798,81.802,16.574,provisional_derived,SENTINEL-2/S2MSI2A,2021-01-01,2026-07-24,2026-07-24T17:03:01+00:00
morowali-imip,Morowali industrial coast near IMIP,2023-05-26T02:13:51.024000Z,4,92.104766,81.802,16.574,provisional_derived,SENTINEL-2/S2MSI2A,2021-01-01,2026-07-24,2026-07-24T17:03:01+00:00
morowali-imip,Morowali industrial coast near IMIP,2023-05-31T02:13:49.024000Z,4,99.6358275,81.802,16.574,provisional_derived,SENTINEL-2/S2MSI2A,2021-01-01,2026-07-24,2026-07-24T17:03:01+00:00
morowali-imip,Morowali industrial coast near IMIP,2023-06-05T02:13:51.024000Z,4,91.88393350000001,81.802,16.574,provisional_derived,SENTINEL-2/S2MSI2A,2021-01-01,2026-07-24,2026-07-24T17:03:01+00:00
morowali-imip,Morowali industrial coast near IMIP,2023-06-10T02:13:49.024000Z,4,83.390471,81.802,16.574,provisional_derived,SENTINEL-2/S2MSI2A,2021-01-01,2026-07-24,2026-07-24T17:03:01+00:00
morowali-imip,Morowali industrial coast near IMIP,2023-06-15T02:13:51.024000Z,4,91.1571505,81.802,16.574,provisional_derived,SENTINEL-2/S2MSI2A,2021-01-01,2026-07-24,2026-07-24T17:03:01+00:00
morowali-imip,Morowali industrial coast near IMIP,2023-06-20T02:13:49.024000Z,4,84.81141,81.802,16.574,provisional_derived,SENTINEL-2/S2MSI2A,2021-01-01,2026-07-24,2026-07-24T17:03:01+00:00
morowali-imip,Morowali industrial coast near IMIP,2023-06-25T02:13:51.024000Z,4,95.8554,81.802,16.574,provisional_derived,SENTINEL-2/S2MSI2A,2021-01-01,2026-07-24,2026-07-24T17:03:01+00:00
morowali-imip,Morowali industrial coast near IMIP,2023-06-30T02:13:49.024000Z,4,56.705102499999995,81.802,16.574,provisional_derived,SENTINEL-2/S2MSI2A,2021-01-01,2026-07-24,2026-07-24T17:03:01+00:00
morowali-imip,Morowali industrial coast near IMIP,2023-07-05T02:13:51.024000Z,4,38.8663425,81.802,16.574,provisional_derived,SENTINEL-2/S2MSI2A,2021-01-01,2026-07-24,2026-07-24T17:03:01+00:00
morowali-imip,Morowali industrial coast near IMIP,2023-07-10T02:13:49.024000Z,4,85.6975435,81.802,16.574,provisional_derived,SENTINEL-2/S2MSI2A,2021-01-01,2026-07-24,2026-07-24T17:03:01+00:00
morowali-imip,Morowali industrial coast near IMIP,2023-07-15T02:13:51.024000Z,4,62.1255605,81.802,16.574,provisional_derived,SENTINEL-2/S2MSI2A,2021-01-01,2026-07-24,2026-07-24T17:03:01+00:00
morowali-imip,Morowali industrial coast near IMIP,2023-07-20T02:13:49.024000Z,4,94.07305149999999,81.802,16.574,provisional_derived,SENTINEL-2/S2MSI2A,2021-01-01,2026-07-24,2026-07-24T17:03:01+00:00
morowali-imip,Morowali industrial coast near IMIP,2023-07-25T02:13:51.024000Z,4,94.49430749999999,81.802,16.574,provisional_derived,SENTINEL-2/S2MSI2A,2021-01-01,2026-07-24,2026-07-24T17:03:01+00:00
morowali-imip,Morowali industrial coast near IMIP,2023-07-30T02:13:49.024000Z,4,81.43239,81.802,16.574,provisional_derived,SENTINEL-2/S2MSI2A,2021-01-01,2026-07-24,2026-07-24T17:03:01+00:00
morowali-imip,Morowali industrial coast near IMIP,2023-08-04T02:13:51.024000Z,4,52.1413775,81.802,16.574,provisional_derived,SENTINEL-2/S2MSI2A,2021-01-01,2026-07-24,2026-07-24T17:03:01+00:00
morowali-imip,Morowali industrial coast near IMIP,2023-08-09T02:13:49.024000Z,4,95.27061,81.802,16.574,provisional_derived,SENTINEL-2/S2MSI2A,2021-01-01,2026-07-24,2026-07-24T17:03:01+00:00
morowali-imip,Morowali industrial coast near IMIP,2023-08-14T02:13:51.024000Z,4,96.722105,81.802,16.574,provisional_derived,SENTINEL-2/S2MSI2A,2021-01-01,2026-07-24,2026-07-24T17:03:01+00:00
morowali-imip,Morowali industrial coast near IMIP,2023-08-19T02:13:49.024000Z,4,52.5967385,81.802,16.574,provisional_derived,SENTINEL-2/S2MSI2A,2021-01-01,2026-07-24,2026-07-24T17:03:01+00:00
morowali-imip,Morowali industrial coast near IMIP,2023-08-24T02:13:51.024000Z,4,93.61141649999999,81.802,16.574,provisional_derived,SENTINEL-2/S2MSI2A,2021-01-01,2026-07-24,2026-07-24T17:03:01+00:00
morowali-imip,Morowali industrial coast near IMIP,2023-08-29T02:13:49.024000Z,4,21.7319745,81.802,16.574,provisional_derived,SENTINEL-2/S2MSI2A,2021-01-01,2026-07-24,2026-07-24T17:03:01+00:00
morowali-imip,Morowali industrial coast near IMIP,2023-09-03T02:13:51.024000Z,4,43.745073000000005,81.802,16.574,provisional_derived,SENTINEL-2/S2MSI2A,2021-01-01,2026-07-24,2026-07-24T17:03:01+00:00
morowali-imip,Morowali industrial coast near IMIP,2023-09-08T02:13:49.024000Z,4,57.605233999999996,81.802,16.574,provisional_derived,SENTINEL-2/S2MSI2A,2021-01-01,2026-07-24,2026-07-24T17:03:01+00:00
morowali-imip,Morowali industrial coast near IMIP,2023-09-13T02:13:51.024000Z,4,72.449714,81.802,16.574,provisional_derived,SENTINEL-2/S2MSI2A,2021-01-01,2026-07-24,2026-07-24T17:03:01+00:00
morowali-imip,Morowali industrial coast near IMIP,2023-09-18T02:13:49.024000Z,4,45.0589595,81.802,16.574,provisional_derived,SENTINEL-2/S2MSI2A,2021-01-01,2026-07-24,2026-07-24T17:03:01+00:00
morowali-imip,Morowali industrial coast near IMIP,2023-09-23T02:13:51.024000Z,4,9.852571000000001,81.802,16.574,provisional_derived,SENTINEL-2/S2MSI2A,2021-01-01,2026-07-24,2026-07-24T17:03:01+00:00
morowali-imip,Morowali industrial coast near IMIP,2023-09-28T02:13:49.024000Z,4,11.259015999999999,81.802,16.574,provisional_derived,SENTINEL-2/S2MSI2A,2021-01-01,2026-07-24,2026-07-24T17:03:01+00:00
morowali-imip,Morowali industrial coast near IMIP,2023-10-03T02:13:51.024000Z,4,83.6162925,81.802,16.574,provisional_derived,SENTINEL-2/S2MSI2A,2021-01-01,2026-07-24,2026-07-24T17:03:01+00:00
morowali-imip,Morowali industrial coast near IMIP,2023-10-08T02:13:49.024000Z,4,15.477291999999998,81.802,16.574,provisional_derived,SENTINEL-2/S2MSI2A,2021-01-01,2026-07-24,2026-07-24T17:03:01+00:00
morowali-imip,Morowali industrial coast near IMIP,2023-10-13T02:13:41.024000Z,4,27.778640499999998,81.802,16.574,provisional_derived,SENTINEL-2/S2MSI2A,2021-01-01,2026-07-24,2026-07-24T17:03:01+00:00
morowali-imip,Morowali industrial coast near IMIP,2023-10-18T02:13:49.024000Z,4,79.3350845,81.802,16.574,provisional_derived,SENTINEL-2/S2MSI2A,2021-01-01,2026-07-24,2026-07-24T17:03:01+00:00
morowali-imip,Morowali industrial coast near IMIP,2023-10-23T02:13:41.024000Z,4,37.976827,81.802,16.574,provisional_derived,SENTINEL-2/S2MSI2A,2021-01-01,2026-07-24,2026-07-24T17:03:01+00:00
morowali-imip,Morowali industrial coast near IMIP,2023-10-28T02:13:49.024000Z,4,23.590130000000002,81.802,16.574,provisional_derived,SENTINEL-2/S2MSI2A,2021-01-01,2026-07-24,2026-07-24T17:03:01+00:00
morowali-imip,Morowali industrial coast near IMIP,2023-11-02T02:13:41.024000Z,4,59.497097499999995,81.802,16.574,provisional_derived,SENTINEL-2/S2MSI2A,2021-01-01,2026-07-24,2026-07-24T17:03:01+00:00
morowali-imip,Morowali industrial coast near IMIP,2023-11-07T02:13:49.024000Z,4,27.646852000000003,81.802,16.574,provisional_derived,SENTINEL-2/S2MSI2A,2021-01-01,2026-07-24,2026-07-24T17:03:01+00:00
morowali-imip,Morowali industrial coast near IMIP,2023-11-12T02:13:41.024000Z,4,62.1747285,81.802,16.574,provisional_derived,SENTINEL-2/S2MSI2A,2021-01-01,2026-07-24,2026-07-24T17:03:01+00:00
morowali-imip,Morowali industrial coast near IMIP,2023-11-17T02:13:39.024000Z,4,32.986678,81.802,16.574,provisional_derived,SENTINEL-2/S2MSI2A,2021-01-01,2026-07-24,2026-07-24T17:03:01+00:00
morowali-imip,Morowali industrial coast near IMIP,2023-11-22T02:13:41.024000Z,4,14.35649,81.802,16.574,provisional_derived,SENTINEL-2/S2MSI2A,2021-01-01,2026-07-24,2026-07-24T17:03:01+00:00
morowali-imip,Morowali industrial coast near IMIP,2023-11-27T02:13:39.024000Z,4,31.1328005,81.802,16.574,provisional_derived,SENTINEL-2/S2MSI2A,2021-01-01,2026-07-24,2026-07-24T17:03:01+00:00
morowali-imip,Morowali industrial coast near IMIP,2023-12-02T02:13:41.024000Z,4,22.557236,81.802,16.574,provisional_derived,SENTINEL-2/S2MSI2A,2021-01-01,2026-07-24,2026-07-24T17:03:01+00:00
morowali-imip,Morowali industrial coast near IMIP,2023-12-07T02:13:39.024000Z,4,68.545458,81.802,16.574,provisional_derived,SENTINEL-2/S2MSI2A,2021-01-01,2026-07-24,2026-07-24T17:03:01+00:00
morowali-imip,Morowali industrial coast near IMIP,2023-12-12T02:13:41.024000Z,4,98.37545449999999,81.802,16.574,provisional_derived,SENTINEL-2/S2MSI2A,2021-01-01,2026-07-24,2026-07-24T17:03:01+00:00
morowali-imip,Morowali industrial coast near IMIP,2023-12-17T02:13:39.024000Z,4,83.163604,81.802,16.574,provisional_derived,SENTINEL-2/S2MSI2A,2021-01-01,2026-07-24,2026-07-24T17:03:01+00:00
morowali-imip,Morowali industrial coast near IMIP,2023-12-22T02:13:41.024000Z,4,70.137411,81.802,16.574,provisional_derived,SENTINEL-2/S2MSI2A,2021-01-01,2026-07-24,2026-07-24T17:03:01+00:00
morowali-imip,Morowali industrial coast near IMIP,2023-12-27T02:13:49.024000Z,4,84.5455915,81.802,16.574,provisional_derived,SENTINEL-2/S2MSI2A,2021-01-01,2026-07-24,2026-07-24T17:03:01+00:00
morowali-imip,Morowali industrial coast near IMIP,2024-01-01T02:13:41.024000Z,4,46.6983065,81.802,16.574,provisional_derived,SENTINEL-2/S2MSI2A,2021-01-01,2026-07-24,2026-07-24T17:03:01+00:00
morowali-imip,Morowali industrial coast near IMIP,2024-01-06T02:13:39.024000Z,4,97.6153135,81.802,16.574,provisional_derived,SENTINEL-2/S2MSI2A,2021-01-01,2026-07-24,2026-07-24T17:03:01+00:00
morowali-imip,Morowali industrial coast near IMIP,2024-01-11T02:13:41.024000Z,4,67.97482049999999,81.802,16.574,provisional_derived,SENTINEL-2/S2MSI2A,2021-01-01,2026-07-24,2026-07-24T17:03:01+00:00
morowali-imip,Morowali industrial coast near IMIP,2024-01-16T02:13:39.024000Z,4,99.48346000000001,81.802,16.574,provisional_derived,SENTINEL-2/S2MSI2A,2021-01-01,2026-07-24,2026-07-24T17:03:01+00:00
morowali-imip,Morowali industrial coast near IMIP,2024-01-21T02:13:41.024000Z,4,99.677524,81.802,16.574,provisional_derived,SENTINEL-2/S2MSI2A,2021-01-01,2026-07-24,2026-07-24T17:03:01+00:00
morowali-imip,Morowali industrial coast near IMIP,2024-01-26T02:13:39.024000Z,4,98.60346949999999,81.802,16.574,provisional_derived,SENTINEL-2/S2MSI2A,2021-01-01,2026-07-24,2026-07-24T17:03:01+00:00
morowali-imip,Morowali industrial coast near IMIP,2024-01-31T02:13:41.024000Z,4,73.46789799999999,81.802,16.574,provisional_derived,SENTINEL-2/S2MSI2A,2021-01-01,2026-07-24,2026-07-24T17:03:01+00:00
morowali-imip,Morowali industrial coast near IMIP,2024-02-05T02:13:39.024000Z,4,93.604377,81.802,16.574,provisional_derived,SENTINEL-2/S2MSI2A,2021-01-01,2026-07-24,2026-07-24T17:03:01+00:00
morowali-imip,Morowali industrial coast near IMIP,2024-02-10T02:13:41.024000Z,4,92.786038,81.802,16.574,provisional_derived,SENTINEL-2/S2MSI2A,2021-01-01,2026-07-24,2026-07-24T17:03:01+00:00
morowali-imip,Morowali industrial coast near IMIP,2024-02-15T02:13:49.024000Z,4,92.4170135,81.802,16.574,provisional_derived,SENTINEL-2/S2MSI2A,2021-01-01,2026-07-24,2026-07-24T17:03:01+00:00
morowali-imip,Morowali industrial coast near IMIP,2024-02-20T02:13:41.024000Z,4,28.1750975,81.802,16.574,provisional_derived,SENTINEL-2/S2MSI2A,2021-01-01,2026-07-24,2026-07-24T17:03:01+00:00
morowali-imip,Morowali industrial coast near IMIP,2024-02-25T02:13:39.024000Z,4,25.6983165,81.802,16.574,provisional_derived,SENTINEL-2/S2MSI2A,2021-01-01,2026-07-24,2026-07-24T17:03:01+00:00
morowali-imip,Morowali industrial coast near IMIP,2024-03-01T02:13:41.024000Z,4,99.995828,81.802,16.574,provisional_derived,SENTINEL-2/S2MSI2A,2021-01-01,2026-07-24,2026-07-24T17:03:01+00:00
morowali-imip,Morowali industrial coast near IMIP,2024-03-06T02:13:39.024000Z,4,43.260841,81.802,16.574,provisional_derived,SENTINEL-2/S2MSI2A,2021-01-01,2026-07-24,2026-07-24T17:03:01+00:00
morowali-imip,Morowali industrial coast near IMIP,2024-03-11T02:13:41.024000Z,4,88.412735,81.802,16.574,provisional_derived,SENTINEL-2/S2MSI2A,2021-01-01,2026-07-24,2026-07-24T17:03:01+00:00
morowali-imip,Morowali industrial coast near IMIP,2024-03-16T02:13:39.024000Z,4,95.8363865,81.802,16.574,provisional_derived,SENTINEL-2/S2MSI2A,2021-01-01,2026-07-24,2026-07-24T17:03:01+00:00
morowali-imip,Morowali industrial coast near IMIP,2024-03-21T02:13:41.024000Z,4,99.27232000000001,81.802,16.574,provisional_derived,SENTINEL-2/S2MSI2A,2021-01-01,2026-07-24,2026-07-24T17:03:01+00:00
morowali-imip,Morowali industrial coast near IMIP,2024-03-26T02:13:49.024000Z,4,91.9299575,81.802,16.574,provisional_derived,SENTINEL-2/S2MSI2A,2021-01-01,2026-07-24,2026-07-24T17:03:01+00:00
morowali-imip,Morowali industrial coast near IMIP,2024-03-31T02:13:41.024000Z,4,47.622864,81.802,16.574,provisional_derived,SENTINEL-2/S2MSI2A,2021-01-01,2026-07-24,2026-07-24T17:03:01+00:00
morowali-imip,Morowali industrial coast near IMIP,2024-04-05T02:13:39.024000Z,4,70.6444265,81.802,16.574,provisional_derived,SENTINEL-2/S2MSI2A,2021-01-01,2026-07-24,2026-07-24T17:03:01+00:00
morowali-imip,Morowali industrial coast near IMIP,2024-04-10T02:13:41.024000Z,4,91.0161435,81.802,16.574,provisional_derived,SENTINEL-2/S2MSI2A,2021-01-01,2026-07-24,2026-07-24T17:03:01+00:00
morowali-imip,Morowali industrial coast near IMIP,2024-04-15T02:13:49.024000Z,4,86.8530095,81.802,16.574,provisional_derived,SENTINEL-2/S2MSI2A,2021-01-01,2026-07-24,2026-07-24T17:03:01+00:00
morowali-imip,Morowali industrial coast near IMIP,2024-04-20T02:13:51.024000Z,4,91.672033,81.802,16.574,provisional_derived,SENTINEL-2/S2MSI2A,2021-01-01,2026-07-24,2026-07-24T17:03:01+00:00
morowali-imip,Morowali industrial coast near IMIP,2024-04-25T02:13:39.024000Z,4,66.7595775,81.802,16.574,provisional_derived,SENTINEL-2/S2MSI2A,2021-01-01,2026-07-24,2026-07-24T17:03:01+00:00
morowali-imip,Morowali industrial coast near IMIP,2024-04-30T02:13:51.024000Z,4,88.03642350000001,81.802,16.574,provisional_derived,SENTINEL-2/S2MSI2A,2021-01-01,2026-07-24,2026-07-24T17:03:01+00:00
morowali-imip,Morowali industrial coast near IMIP,2024-05-05T02:13:49.024000Z,4,28.7218615,81.802,16.574,provisional_derived,SENTINEL-2/S2MSI2A,2021-01-01,2026-07-24,2026-07-24T17:03:01+00:00
morowali-imip,Morowali industrial coast near IMIP,2024-05-10T02:13:51.024000Z,4,89.22409099999999,81.802,16.574,provisional_derived,SENTINEL-2/S2MSI2A,2021-01-01,2026-07-24,2026-07-24T17:03:01+00:00
morowali-imip,Morowali industrial coast near IMIP,2024-05-15T02:13:39.024000Z,4,99.9741405,81.802,16.574,provisional_derived,SENTINEL-2/S2MSI2A,2021-01-01,2026-07-24,2026-07-24T17:03:01+00:00
morowali-imip,Morowali industrial coast near IMIP,2024-05-20T02:13:41.024000Z,4,66.99568049999999,81.802,16.574,provisional_derived,SENTINEL-2/S2MSI2A,2021-01-01,2026-07-24,2026-07-24T17:03:01+00:00
morowali-imip,Morowali industrial coast near IMIP,2024-05-25T02:12:09.024000Z,4,99.9236465,81.802,16.574,provisional_derived,SENTINEL-2/S2MSI2A,2021-01-01,2026-07-24,2026-07-24T17:03:01+00:00
morowali-imip,Morowali industrial coast near IMIP,2024-05-30T02:13:51.024000Z,4,25.882113,81.802,16.574,provisional_derived,SENTINEL-2/S2MSI2A,2021-01-01,2026-07-24,2026-07-24T17:03:01+00:00
morowali-imip,Morowali industrial coast near IMIP,2024-06-04T02:13:49.024000Z,4,99.31072900000001,81.802,16.574,provisional_derived,SENTINEL-2/S2MSI2A,2021-01-01,2026-07-24,2026-07-24T17:03:01+00:00
morowali-imip,Morowali industrial coast near IMIP,2024-06-09T02:13:51.024000Z,4,89.0141365,81.802,16.574,provisional_derived,SENTINEL-2/S2MSI2A,2021-01-01,2026-07-24,2026-07-24T17:03:01+00:00
morowali-imip,Morowali industrial coast near IMIP,2024-06-14T02:13:49.024000Z,4,82.07137850000001,81.802,16.574,provisional_derived,SENTINEL-2/S2MSI2A,2021-01-01,2026-07-24,2026-07-24T17:03:01+00:00
morowali-imip,Morowali industrial coast near IMIP,2024-06-19T02:13:51.024000Z,4,61.674231500000005,81.802,16.574,provisional_derived,SENTINEL-2/S2MSI2A,2021-01-01,2026-07-24,2026-07-24T17:03:01+00:00
morowali-imip,Morowali industrial coast near IMIP,2024-06-24T02:13:49.024000Z,4,74.4986475,81.802,16.574,provisional_derived,SENTINEL-2/S2MSI2A,2021-01-01,2026-07-24,2026-07-24T17:03:01+00:00
morowali-imip,Morowali industrial coast near IMIP,2024-06-29T02:13:51.024000Z,4,99.03222,81.802,16.574,provisional_derived,SENTINEL-2/S2MSI2A,2021-01-01,2026-07-24,2026-07-24T17:03:01+00:00
morowali-imip,Morowali industrial coast near IMIP,2024-07-04T02:13:49.024000Z,4,99.99836400000001,81.802,16.574,provisional_derived,SENTINEL-2/S2MSI2A,2021-01-01,2026-07-24,2026-07-24T17:03:01+00:00
morowali-imip,Morowali industrial coast near IMIP,2024-07-09T02:13:51.024000Z,4,99.485174,81.802,16.574,provisional_derived,SENTINEL-2/S2MSI2A,2021-01-01,2026-07-24,2026-07-24T17:03:01+00:00
morowali-imip,Morowali industrial coast near IMIP,2024-07-14T02:13:49.024000Z,4,89.339113,81.802,16.574,provisional_derived,SENTINEL-2/S2MSI2A,2021-01-01,2026-07-24,2026-07-24T17:03:01+00:00
morowali-imip,Morowali industrial coast near IMIP,2024-07-19T02:13:41.024000Z,4,82.22138000000001,81.802,16.574,provisional_derived,SENTINEL-2/S2MSI2A,2021-01-01,2026-07-24,2026-07-24T17:03:01+00:00
morowali-imip,Morowali industrial coast near IMIP,2024-07-24T02:13:49.024000Z,4,97.1637545,81.802,16.574,provisional_derived,SENTINEL-2/S2MSI2A,2021-01-01,2026-07-24,2026-07-24T17:03:01+00:00
morowali-imip,Morowali industrial coast near IMIP,2024-07-29T02:13:51.024000Z,4,66.994053,81.802,16.574,provisional_derived,SENTINEL-2/S2MSI2A,2021-01-01,2026-07-24,2026-07-24T17:03:01+00:00
morowali-imip,Morowali industrial coast near IMIP,2024-08-03T02:13:49.024000Z,4,25.319263,81.802,16.574,provisional_derived,SENTINEL-2/S2MSI2A,2021-01-01,2026-07-24,2026-07-24T17:03:01+00:00
morowali-imip,Morowali industrial coast near IMIP,2024-08-08T02:13:41.024000Z,4,97.860086,81.802,16.574,provisional_derived,SENTINEL-2/S2MSI2A,2021-01-01,2026-07-24,2026-07-24T17:03:01+00:00
morowali-imip,Morowali industrial coast near IMIP,2024-08-13T02:13:49.024000Z,4,54.8585845,81.802,16.574,provisional_derived,SENTINEL-2/S2MSI2A,2021-01-01,2026-07-24,2026-07-24T17:03:01+00:00
morowali-imip,Morowali industrial coast near IMIP,2024-08-18T02:13:41.024000Z,4,62.6685145,81.802,16.574,provisional_derived,SENTINEL-2/S2MSI2A,2021-01-01,2026-07-24,2026-07-24T17:03:01+00:00
morowali-imip,Morowali industrial coast near IMIP,2024-08-23T02:13:39.024000Z,4,95.822021,81.802,16.574,provisional_derived,SENTINEL-2/S2MSI2A,2021-01-01,2026-07-24,2026-07-24T17:03:01+00:00
morowali-imip,Morowali industrial coast near IMIP,2024-08-28T02:13:41.024000Z,4,71.068689,81.802,16.574,provisional_derived,SENTINEL-2/S2MSI2A,2021-01-01,2026-07-24,2026-07-24T17:03:01+00:00
morowali-imip,Morowali industrial coast near IMIP,2024-09-02T02:13:49.024000Z,4,82.3221685,81.802,16.574,provisional_derived,SENTINEL-2/S2MSI2A,2021-01-01,2026-07-24,2026-07-24T17:03:01+00:00
morowali-imip,Morowali industrial coast near IMIP,2024-09-07T02:13:41.024000Z,4,84.09957,81.802,16.574,provisional_derived,SENTINEL-2/S2MSI2A,2021-01-01,2026-07-24,2026-07-24T17:03:01+00:00
morowali-imip,Morowali industrial coast near IMIP,2024-09-12T02:12:09.024000Z,4,43.0874705,81.802,16.574,provisional_derived,SENTINEL-2/S2MSI2A,2021-01-01,2026-07-24,2026-07-24T17:03:01+00:00
morowali-imip,Morowali industrial coast near IMIP,2024-09-17T02:13:41.024000Z,4,14.5695855,81.802,16.574,provisional_derived,SENTINEL-2/S2MSI2A,2021-01-01,2026-07-24,2026-07-24T17:03:01+00:00
morowali-imip,Morowali industrial coast near IMIP,2024-09-27T02:13:51.024000Z,4,36.960822,81.802,16.574,provisional_derived,SENTINEL-2/S2MSI2A,2021-01-01,2026-07-24,2026-07-24T17:03:01+00:00
morowali-imip,Morowali industrial coast near IMIP,2024-10-02T02:12:09.024000Z,4,84.251472,81.802,16.574,provisional_derived,SENTINEL-2/S2MSI2A,2021-01-01,2026-07-24,2026-07-24T17:03:01+00:00
morowali-imip,Morowali industrial coast near IMIP,2024-10-07T02:13:41.024000Z,4,93.70256950000001,81.802,16.574,provisional_derived,SENTINEL-2/S2MSI2A,2021-01-01,2026-07-24,2026-07-24T17:03:01+00:00
morowali-imip,Morowali industrial coast near IMIP,2024-10-12T02:12:09.024000Z,4,43.174220500000004,81.802,16.574,provisional_derived,SENTINEL-2/S2MSI2A,2021-01-01,2026-07-24,2026-07-24T17:03:01+00:00
morowali-imip,Morowali industrial coast near IMIP,2024-10-17T02:13:41.024000Z,4,44.8760615,81.802,16.574,provisional_derived,SENTINEL-2/S2MSI2A,2021-01-01,2026-07-24,2026-07-24T17:03:01+00:00
morowali-imip,Morowali industrial coast near IMIP,2024-10-22T02:12:09.024000Z,4,54.429755,81.802,16.574,provisional_derived,SENTINEL-2/S2MSI2A,2021-01-01,2026-07-24,2026-07-24T17:03:01+00:00
morowali-imip,Morowali industrial coast near IMIP,2024-10-27T02:13:41.024000Z,4,31.2694655,81.802,16.574,provisional_derived,SENTINEL-2/S2MSI2A,2021-01-01,2026-07-24,2026-07-24T17:03:01+00:00
morowali-imip,Morowali industrial coast near IMIP,2024-11-01T02:12:09.024000Z,4,47.440709,81.802,16.574,provisional_derived,SENTINEL-2/S2MSI2A,2021-01-01,2026-07-24,2026-07-24T17:03:01+00:00
morowali-imip,Morowali industrial coast near IMIP,2024-11-06T02:13:41.024000Z,4,68.3341715,81.802,16.574,provisional_derived,SENTINEL-2/S2MSI2A,2021-01-01,2026-07-24,2026-07-24T17:03:01+00:00
morowali-imip,Morowali industrial coast near IMIP,2024-11-11T02:12:09.024000Z,4,72.409612,81.802,16.574,provisional_derived,SENTINEL-2/S2MSI2A,2021-01-01,2026-07-24,2026-07-24T17:03:01+00:00
morowali-imip,Morowali industrial coast near IMIP,2024-11-16T02:12:11.024000Z,4,61.2352135,81.802,16.574,provisional_derived,SENTINEL-2/S2MSI2A,2021-01-01,2026-07-24,2026-07-24T17:03:01+00:00
morowali-imip,Morowali industrial coast near IMIP,2024-11-21T02:12:09.024000Z,4,59.253204,81.802,16.574,provisional_derived,SENTINEL-2/S2MSI2A,2021-01-01,2026-07-24,2026-07-24T17:03:01+00:00
morowali-imip,Morowali industrial coast near IMIP,2024-11-26T02:12:11.024000Z,4,78.8473425,81.802,16.574,provisional_derived,SENTINEL-2/S2MSI2A,2021-01-01,2026-07-24,2026-07-24T17:03:01+00:00
morowali-imip,Morowali industrial coast near IMIP,2024-12-01T02:12:09.024000Z,4,99.9981435,81.802,16.574,provisional_derived,SENTINEL-2/S2MSI2A,2021-01-01,2026-07-24,2026-07-24T17:03:01+00:00
morowali-imip,Morowali industrial coast near IMIP,2024-12-06T02:12:11.024000Z,4,97.573519,81.802,16.574,provisional_derived,SENTINEL-2/S2MSI2A,2021-01-01,2026-07-24,2026-07-24T17:03:01+00:00
morowali-imip,Morowali industrial coast near IMIP,2024-12-06T02:12:41.025000Z,4,97.77841599999999,81.802,16.574,provisional_derived,SENTINEL-2/S2MSI2A,2021-01-01,2026-07-24,2026-07-24T17:03:01+00:00
morowali-imip,Morowali industrial coast near IMIP,2024-12-11T02:12:09.024000Z,4,97.1749575,81.802,16.574,provisional_derived,SENTINEL-2/S2MSI2A,2021-01-01,2026-07-24,2026-07-24T17:03:01+00:00
morowali-imip,Morowali industrial coast near IMIP,2024-12-16T02:12:11.024000Z,4,92.64524,81.802,16.574,provisional_derived,SENTINEL-2/S2MSI2A,2021-01-01,2026-07-24,2026-07-24T17:03:01+00:00
morowali-imip,Morowali industrial coast near IMIP,2024-12-16T02:12:41.025000Z,8,94.91342,81.802,16.574,provisional_derived,SENTINEL-2/S2MSI2A,2021-01-01,2026-07-24,2026-07-24T17:03:01+00:00
morowali-imip,Morowali industrial coast near IMIP,2024-12-21T02:12:09.024000Z,4,85.2724015,81.802,16.574,provisional_derived,SENTINEL-2/S2MSI2A,2021-01-01,2026-07-24,2026-07-24T17:03:01+00:00
morowali-imip,Morowali industrial coast near IMIP,2024-12-26T02:12:11.024000Z,4,100.0,81.802,16.574,provisional_derived,SENTINEL-2/S2MSI2A,2021-01-01,2026-07-24,2026-07-24T17:03:01+00:00
morowali-imip,Morowali industrial coast near IMIP,2024-12-31T02:12:09.024000Z,4,99.981743,81.802,16.574,provisional_derived,SENTINEL-2/S2MSI2A,2021-01-01,2026-07-24,2026-07-24T17:03:01+00:00
morowali-imip,Morowali industrial coast near IMIP,2025-01-05T02:12:11.024000Z,4,95.4722105,81.802,16.574,provisional_derived,SENTINEL-2/S2MSI2A,2021-01-01,2026-07-24,2026-07-24T17:03:01+00:00
morowali-imip,Morowali industrial coast near IMIP,2025-01-10T02:12:09.024000Z,4,98.16537500000001,81.802,16.574,provisional_derived,SENTINEL-2/S2MSI2A,2021-01-01,2026-07-24,2026-07-24T17:03:01+00:00
morowali-imip,Morowali industrial coast near IMIP,2025-01-15T02:12:11.024000Z,4,97.3259065,81.802,16.574,provisional_derived,SENTINEL-2/S2MSI2A,2021-01-01,2026-07-24,2026-07-24T17:03:01+00:00
morowali-imip,Morowali industrial coast near IMIP,2025-01-20T02:12:09.024000Z,4,98.900092,81.802,16.574,provisional_derived,SENTINEL-2/S2MSI2A,2021-01-01,2026-07-24,2026-07-24T17:03:01+00:00
morowali-imip,Morowali industrial coast near IMIP,2025-01-25T02:12:41.025000Z,4,95.91431299999999,81.802,16.574,provisional_derived,SENTINEL-2/S2MSI2A,2021-01-01,2026-07-24,2026-07-24T17:03:01+00:00
morowali-imip,Morowali industrial coast near IMIP,2025-01-30T02:12:09.024000Z,4,98.55068349999999,81.802,16.574,provisional_derived,SENTINEL-2/S2MSI2A,2021-01-01,2026-07-24,2026-07-24T17:03:01+00:00
morowali-imip,Morowali industrial coast near IMIP,2025-02-04T02:12:41.025000Z,4,98.94976600000001,81.802,16.574,provisional_derived,SENTINEL-2/S2MSI2A,2021-01-01,2026-07-24,2026-07-24T17:03:01+00:00
morowali-imip,Morowali industrial coast near IMIP,2025-02-09T02:12:09.024000Z,4,79.125902,81.802,16.574,provisional_derived,SENTINEL-2/S2MSI2A,2021-01-01,2026-07-24,2026-07-24T17:03:01+00:00
morowali-imip,Morowali industrial coast near IMIP,2025-02-14T02:12:31.025000Z,4,100.0,81.802,16.574,provisional_derived,SENTINEL-2/S2MSI2A,2021-01-01,2026-07-24,2026-07-24T17:03:01+00:00
morowali-imip,Morowali industrial coast near IMIP,2025-02-19T02:12:19.024000Z,4,99.9761285,81.802,16.574,provisional_derived,SENTINEL-2/S2MSI2A,2021-01-01,2026-07-24,2026-07-24T17:03:01+00:00
morowali-imip,Morowali industrial coast near IMIP,2025-02-24T02:12:31.025000Z,4,85.86046400000001,81.802,16.574,provisional_derived,SENTINEL-2/S2MSI2A,2021-01-01,2026-07-24,2026-07-24T17:03:01+00:00
morowali-imip,Morowali industrial coast near IMIP,2025-03-01T02:12:09.024000Z,4,86.04795949999999,81.802,16.574,provisional_derived,SENTINEL-2/S2MSI2A,2021-01-01,2026-07-24,2026-07-24T17:03:01+00:00
morowali-imip,Morowali industrial coast near IMIP,2025-03-06T02:12:31.025000Z,4,68.148816,81.802,16.574,provisional_derived,SENTINEL-2/S2MSI2A,2021-01-01,2026-07-24,2026-07-24T17:03:01+00:00
morowali-imip,Morowali industrial coast near IMIP,2025-03-11T02:12:09.024000Z,4,84.0922745,81.802,16.574,provisional_derived,SENTINEL-2/S2MSI2A,2021-01-01,2026-07-24,2026-07-24T17:03:01+00:00
morowali-imip,Morowali industrial coast near IMIP,2025-03-16T02:12:31.025000Z,4,78.3569365,81.802,16.574,provisional_derived,SENTINEL-2/S2MSI2A,2021-01-01,2026-07-24,2026-07-24T17:03:01+00:00
morowali-imip,Morowali industrial coast near IMIP,2025-03-21T02:12:09.024000Z,4,88.524836,81.802,16.574,provisional_derived,SENTINEL-2/S2MSI2A,2021-01-01,2026-07-24,2026-07-24T17:03:01+00:00
morowali-imip,Morowali industrial coast near IMIP,2025-03-31T02:12:09.024000Z,4,52.853871999999996,81.802,16.574,provisional_derived,SENTINEL-2/S2MSI2A,2021-01-01,2026-07-24,2026-07-24T17:03:01+00:00
morowali-imip,Morowali industrial coast near IMIP,2025-04-05T02:12:31.025000Z,4,99.973309,81.802,16.574,provisional_derived,SENTINEL-2/S2MSI2A,2021-01-01,2026-07-24,2026-07-24T17:03:01+00:00
morowali-imip,Morowali industrial coast near IMIP,2025-04-10T02:12:09.024000Z,4,88.06044750000001,81.802,16.574,provisional_derived,SENTINEL-2/S2MSI2A,2021-01-01,2026-07-24,2026-07-24T17:03:01+00:00
morowali-imip,Morowali industrial coast near IMIP,2025-04-15T02:12:31.025000Z,4,25.1838185,81.802,16.574,provisional_derived,SENTINEL-2/S2MSI2A,2021-01-01,2026-07-24,2026-07-24T17:03:01+00:00
morowali-imip,Morowali industrial coast near IMIP,2025-04-17T02:14:01.024000Z,4,66.738814,81.802,16.574,provisional_derived,SENTINEL-2/S2MSI2A,2021-01-01,2026-07-24,2026-07-24T17:03:01+00:00
morowali-imip,Morowali industrial coast near IMIP,2025-04-20T02:12:09.024000Z,4,34.0044585,81.802,16.574,provisional_derived,SENTINEL-2/S2MSI2A,2021-01-01,2026-07-24,2026-07-24T17:03:01+00:00
morowali-imip,Morowali industrial coast near IMIP,2025-04-25T02:12:31.025000Z,4,99.866989,81.802,16.574,provisional_derived,SENTINEL-2/S2MSI2A,2021-01-01,2026-07-24,2026-07-24T17:03:01+00:00
morowali-imip,Morowali industrial coast near IMIP,2025-04-30T02:12:09.024000Z,4,95.263666,81.802,16.574,provisional_derived,SENTINEL-2/S2MSI2A,2021-01-01,2026-07-24,2026-07-24T17:03:01+00:00
morowali-imip,Morowali industrial coast near IMIP,2025-05-07T02:14:01.024000Z,4,47.865944999999996,81.802,16.574,provisional_derived,SENTINEL-2/S2MSI2A,2021-01-01,2026-07-24,2026-07-24T17:03:01+00:00
morowali-imip,Morowali industrial coast near IMIP,2025-05-10T02:12:09.024000Z,4,87.4077945,81.802,16.574,provisional_derived,SENTINEL-2/S2MSI2A,2021-01-01,2026-07-24,2026-07-24T17:03:01+00:00
morowali-imip,Morowali industrial coast near IMIP,2025-05-15T02:12:31.025000Z,4,63.716742499999995,81.802,16.574,provisional_derived,SENTINEL-2/S2MSI2A,2021-01-01,2026-07-24,2026-07-24T17:03:01+00:00
morowali-imip,Morowali industrial coast near IMIP,2025-05-20T02:12:09.024000Z,4,99.7334395,81.802,16.574,provisional_derived,SENTINEL-2/S2MSI2A,2021-01-01,2026-07-24,2026-07-24T17:03:01+00:00
morowali-imip,Morowali industrial coast near IMIP,2025-05-25T02:12:31.025000Z,4,99.9817315,81.802,16.574,provisional_derived,SENTINEL-2/S2MSI2A,2021-01-01,2026-07-24,2026-07-24T17:03:01+00:00
morowali-imip,Morowali industrial coast near IMIP,2025-05-27T02:14:01.024000Z,4,61.124334,81.802,16.574,provisional_derived,SENTINEL-2/S2MSI2A,2021-01-01,2026-07-24,2026-07-24T17:03:01+00:00
morowali-imip,Morowali industrial coast near IMIP,2025-05-30T02:12:09.024000Z,4,21.3645435,81.802,16.574,provisional_derived,SENTINEL-2/S2MSI2A,2021-01-01,2026-07-24,2026-07-24T17:03:01+00:00
morowali-imip,Morowali industrial coast near IMIP,2025-06-04T02:12:31.025000Z,4,95.314899,81.802,16.574,provisional_derived,SENTINEL-2/S2MSI2A,2021-01-01,2026-07-24,2026-07-24T17:03:01+00:00
morowali-imip,Morowali industrial coast near IMIP,2025-06-09T02:12:09.024000Z,4,41.058554,81.802,16.574,provisional_derived,SENTINEL-2/S2MSI2A,2021-01-01,2026-07-24,2026-07-24T17:03:01+00:00
morowali-imip,Morowali industrial coast near IMIP,2025-06-14T02:12:31.025000Z,4,86.46081699999999,81.802,16.574,provisional_derived,SENTINEL-2/S2MSI2A,2021-01-01,2026-07-24,2026-07-24T17:03:01+00:00
morowali-imip,Morowali industrial coast near IMIP,2025-06-16T02:14:01.024000Z,4,16.3580135,81.802,16.574,provisional_derived,SENTINEL-2/S2MSI2A,2021-01-01,2026-07-24,2026-07-24T17:03:01+00:00
morowali-imip,Morowali industrial coast near IMIP,2025-06-19T02:12:09.024000Z,4,83.85969399999999,81.802,16.574,provisional_derived,SENTINEL-2/S2MSI2A,2021-01-01,2026-07-24,2026-07-24T17:03:01+00:00
morowali-imip,Morowali industrial coast near IMIP,2025-06-24T02:12:31.025000Z,4,81.762815,81.802,16.574,provisional_derived,SENTINEL-2/S2MSI2A,2021-01-01,2026-07-24,2026-07-24T17:03:01+00:00
morowali-imip,Morowali industrial coast near IMIP,2025-06-29T02:12:09.024000Z,4,100.0,81.802,16.574,provisional_derived,SENTINEL-2/S2MSI2A,2021-01-01,2026-07-24,2026-07-24T17:03:01+00:00
morowali-imip,Morowali industrial coast near IMIP,2025-07-04T02:12:31.025000Z,4,55.1946195,81.802,16.574,provisional_derived,SENTINEL-2/S2MSI2A,2021-01-01,2026-07-24,2026-07-24T17:03:01+00:00
morowali-imip,Morowali industrial coast near IMIP,2025-07-06T02:14:01.024000Z,4,90.750587,81.802,16.574,provisional_derived,SENTINEL-2/S2MSI2A,2021-01-01,2026-07-24,2026-07-24T17:03:01+00:00
morowali-imip,Morowali industrial coast near IMIP,2025-07-09T02:12:19.024000Z,4,81.6446095,81.802,16.574,provisional_derived,SENTINEL-2/S2MSI2A,2021-01-01,2026-07-24,2026-07-24T17:03:01+00:00
morowali-imip,Morowali industrial coast near IMIP,2025-07-14T02:12:31.025000Z,4,98.60632749999999,81.802,16.574,provisional_derived,SENTINEL-2/S2MSI2A,2021-01-01,2026-07-24,2026-07-24T17:03:01+00:00
morowali-imip,Morowali industrial coast near IMIP,2025-07-19T02:12:09.024000Z,4,36.3543495,81.802,16.574,provisional_derived,SENTINEL-2/S2MSI2A,2021-01-01,2026-07-24,2026-07-24T17:03:01+00:00
morowali-imip,Morowali industrial coast near IMIP,2025-07-24T02:12:31.025000Z,4,32.1235315,81.802,16.574,provisional_derived,SENTINEL-2/S2MSI2A,2021-01-01,2026-07-24,2026-07-24T17:03:01+00:00
morowali-imip,Morowali industrial coast near IMIP,2025-07-26T02:14:01.024000Z,4,45.6072135,81.802,16.574,provisional_derived,SENTINEL-2/S2MSI2A,2021-01-01,2026-07-24,2026-07-24T17:03:01+00:00
morowali-imip,Morowali industrial coast near IMIP,2025-07-29T02:12:09.024000Z,4,27.365292500000002,81.802,16.574,provisional_derived,SENTINEL-2/S2MSI2A,2021-01-01,2026-07-24,2026-07-24T17:03:01+00:00
morowali-imip,Morowali industrial coast near IMIP,2025-08-03T02:12:31.025000Z,4,95.28864050000001,81.802,16.574,provisional_derived,SENTINEL-2/S2MSI2A,2021-01-01,2026-07-24,2026-07-24T17:03:01+00:00
morowali-imip,Morowali industrial coast near IMIP,2025-08-08T02:12:09.024000Z,4,60.880673,81.802,16.574,provisional_derived,SENTINEL-2/S2MSI2A,2021-01-01,2026-07-24,2026-07-24T17:03:01+00:00
morowali-imip,Morowali industrial coast near IMIP,2025-08-13T02:12:31.025000Z,4,18.858676000000003,81.802,16.574,provisional_derived,SENTINEL-2/S2MSI2A,2021-01-01,2026-07-24,2026-07-24T17:03:01+00:00
morowali-imip,Morowali industrial coast near IMIP,2025-08-15T02:14:01.024000Z,4,97.53537499999999,81.802,16.574,provisional_derived,SENTINEL-2/S2MSI2A,2021-01-01,2026-07-24,2026-07-24T17:03:01+00:00
morowali-imip,Morowali industrial coast near IMIP,2025-08-18T02:12:09.024000Z,4,97.9225545,81.802,16.574,provisional_derived,SENTINEL-2/S2MSI2A,2021-01-01,2026-07-24,2026-07-24T17:03:01+00:00
morowali-imip,Morowali industrial coast near IMIP,2025-08-23T02:12:31.025000Z,4,99.6941925,81.802,16.574,provisional_derived,SENTINEL-2/S2MSI2A,2021-01-01,2026-07-24,2026-07-24T17:03:01+00:00
morowali-imip,Morowali industrial coast near IMIP,2025-08-28T02:12:09.024000Z,4,73.43745799999999,81.802,16.574,provisional_derived,SENTINEL-2/S2MSI2A,2021-01-01,2026-07-24,2026-07-24T17:03:01+00:00
morowali-imip,Morowali industrial coast near IMIP,2025-09-02T02:12:31.025000Z,4,46.3525565,81.802,16.574,provisional_derived,SENTINEL-2/S2MSI2A,2021-01-01,2026-07-24,2026-07-24T17:03:01+00:00
morowali-imip,Morowali industrial coast near IMIP,2025-09-04T02:14:01.024000Z,4,80.0560325,81.802,16.574,provisional_derived,SENTINEL-2/S2MSI2A,2021-01-01,2026-07-24,2026-07-24T17:03:01+00:00
morowali-imip,Morowali industrial coast near IMIP,2025-09-07T02:12:09.024000Z,4,80.4174455,81.802,16.574,provisional_derived,SENTINEL-2/S2MSI2A,2021-01-01,2026-07-24,2026-07-24T17:03:01+00:00
morowali-imip,Morowali industrial coast near IMIP,2025-09-12T02:12:21.025000Z,4,25.6636195,81.802,16.574,provisional_derived,SENTINEL-2/S2MSI2A,2021-01-01,2026-07-24,2026-07-24T17:03:01+00:00
morowali-imip,Morowali industrial coast near IMIP,2025-09-17T02:12:09.024000Z,4,84.4202665,81.802,16.574,provisional_derived,SENTINEL-2/S2MSI2A,2021-01-01,2026-07-24,2026-07-24T17:03:01+00:00
morowali-imip,Morowali industrial coast near IMIP,2025-09-22T02:12:21.025000Z,4,23.245645500000002,81.802,16.574,provisional_derived,SENTINEL-2/S2MSI2A,2021-01-01,2026-07-24,2026-07-24T17:03:01+00:00
morowali-imip,Morowali industrial coast near IMIP,2025-09-24T02:14:01.024000Z,4,92.35543899999999,81.802,16.574,provisional_derived,SENTINEL-2/S2MSI2A,2021-01-01,2026-07-24,2026-07-24T17:03:01+00:00
morowali-imip,Morowali industrial coast near IMIP,2025-09-27T02:12:09.024000Z,4,99.3095965,81.802,16.574,provisional_derived,SENTINEL-2/S2MSI2A,2021-01-01,2026-07-24,2026-07-24T17:03:01+00:00
morowali-imip,Morowali industrial coast near IMIP,2025-10-02T02:12:31.025000Z,4,15.3029515,81.802,16.574,provisional_derived,SENTINEL-2/S2MSI2A,2021-01-01,2026-07-24,2026-07-24T17:03:01+00:00
morowali-imip,Morowali industrial coast near IMIP,2025-10-07T02:12:09.024000Z,4,87.17863550000001,81.802,16.574,provisional_derived,SENTINEL-2/S2MSI2A,2021-01-01,2026-07-24,2026-07-24T17:03:01+00:00
morowali-imip,Morowali industrial coast near IMIP,2025-10-12T02:12:21.025000Z,4,49.8533505,81.802,16.574,provisional_derived,SENTINEL-2/S2MSI2A,2021-01-01,2026-07-24,2026-07-24T17:03:01+00:00
morowali-imip,Morowali industrial coast near IMIP,2025-10-14T02:14:01.024000Z,4,20.979941,81.802,16.574,provisional_derived,SENTINEL-2/S2MSI2A,2021-01-01,2026-07-24,2026-07-24T17:03:01+00:00
morowali-imip,Morowali industrial coast near IMIP,2025-10-17T02:12:09.024000Z,4,51.441528,81.802,16.574,provisional_derived,SENTINEL-2/S2MSI2A,2021-01-01,2026-07-24,2026-07-24T17:03:01+00:00
morowali-imip,Morowali industrial coast near IMIP,2025-10-22T02:12:21.025000Z,4,37.522659,81.802,16.574,provisional_derived,SENTINEL-2/S2MSI2A,2021-01-01,2026-07-24,2026-07-24T17:03:01+00:00
morowali-imip,Morowali industrial coast near IMIP,2025-10-27T02:12:09.024000Z,4,40.7461465,81.802,16.574,provisional_derived,SENTINEL-2/S2MSI2A,2021-01-01,2026-07-24,2026-07-24T17:03:01+00:00
morowali-imip,Morowali industrial coast near IMIP,2025-11-01T02:12:21.025000Z,4,51.7410085,81.802,16.574,provisional_derived,SENTINEL-2/S2MSI2A,2021-01-01,2026-07-24,2026-07-24T17:03:01+00:00
morowali-imip,Morowali industrial coast near IMIP,2025-11-03T02:14:01.024000Z,4,34.9869745,81.802,16.574,provisional_derived,SENTINEL-2/S2MSI2A,2021-01-01,2026-07-24,2026-07-24T17:03:01+00:00
morowali-imip,Morowali industrial coast near IMIP,2025-11-06T02:12:09.024000Z,4,61.6211265,81.802,16.574,provisional_derived,SENTINEL-2/S2MSI2A,2021-01-01,2026-07-24,2026-07-24T17:03:01+00:00
morowali-imip,Morowali industrial coast near IMIP,2025-11-11T02:12:21.025000Z,4,99.430579,81.802,16.574,provisional_derived,SENTINEL-2/S2MSI2A,2021-01-01,2026-07-24,2026-07-24T17:03:01+00:00
morowali-imip,Morowali industrial coast near IMIP,2025-11-16T02:12:09.024000Z,4,100.0,81.802,16.574,provisional_derived,SENTINEL-2/S2MSI2A,2021-01-01,2026-07-24,2026-07-24T17:03:01+00:00
morowali-imip,Morowali industrial coast near IMIP,2025-11-21T02:12:21.025000Z,4,99.99584250000001,81.802,16.574,provisional_derived,SENTINEL-2/S2MSI2A,2021-01-01,2026-07-24,2026-07-24T17:03:01+00:00
morowali-imip,Morowali industrial coast near IMIP,2025-11-23T02:14:01.024000Z,4,98.996091,81.802,16.574,provisional_derived,SENTINEL-2/S2MSI2A,2021-01-01,2026-07-24,2026-07-24T17:03:01+00:00
morowali-imip,Morowali industrial coast near IMIP,2025-11-26T02:11:59.024000Z,4,100.0,81.802,16.574,provisional_derived,SENTINEL-2/S2MSI2A,2021-01-01,2026-07-24,2026-07-24T17:03:01+00:00
morowali-imip,Morowali industrial coast near IMIP,2025-12-01T02:12:21.025000Z,4,95.8057465,81.802,16.574,provisional_derived,SENTINEL-2/S2MSI2A,2021-01-01,2026-07-24,2026-07-24T17:03:01+00:00
morowali-imip,Morowali industrial coast near IMIP,2025-12-06T02:12:09.024000Z,4,41.8508205,81.802,16.574,provisional_derived,SENTINEL-2/S2MSI2A,2021-01-01,2026-07-24,2026-07-24T17:03:01+00:00
morowali-imip,Morowali industrial coast near IMIP,2025-12-11T02:12:21.025000Z,4,99.9968795,81.802,16.574,provisional_derived,SENTINEL-2/S2MSI2A,2021-01-01,2026-07-24,2026-07-24T17:03:01+00:00
morowali-imip,Morowali industrial coast near IMIP,2025-12-13T02:14:01.024000Z,4,99.999696,81.802,16.574,provisional_derived,SENTINEL-2/S2MSI2A,2021-01-01,2026-07-24,2026-07-24T17:03:01+00:00
morowali-imip,Morowali industrial coast near IMIP,2025-12-16T02:12:09.024000Z,4,92.1679705,81.802,16.574,provisional_derived,SENTINEL-2/S2MSI2A,2021-01-01,2026-07-24,2026-07-24T17:03:01+00:00
morowali-imip,Morowali industrial coast near IMIP,2025-12-21T02:12:21.025000Z,4,100.0,81.802,16.574,provisional_derived,SENTINEL-2/S2MSI2A,2021-01-01,2026-07-24,2026-07-24T17:03:01+00:00
morowali-imip,Morowali industrial coast near IMIP,2025-12-26T02:12:09.024000Z,4,51.8797785,81.802,16.574,provisional_derived,SENTINEL-2/S2MSI2A,2021-01-01,2026-07-24,2026-07-24T17:03:01+00:00
morowali-imip,Morowali industrial coast near IMIP,2025-12-31T02:12:21.025000Z,4,92.48811,81.802,16.574,provisional_derived,SENTINEL-2/S2MSI2A,2021-01-01,2026-07-24,2026-07-24T17:03:01+00:00
morowali-imip,Morowali industrial coast near IMIP,2026-01-05T02:12:09.024000Z,4,99.045989,81.802,16.574,provisional_derived,SENTINEL-2/S2MSI2A,2021-01-01,2026-07-24,2026-07-24T17:03:01+00:00
morowali-imip,Morowali industrial coast near IMIP,2026-01-10T02:12:11.025000Z,4,46.0453525,81.802,16.574,provisional_derived,SENTINEL-2/S2MSI2A,2021-01-01,2026-07-24,2026-07-24T17:03:01+00:00
morowali-imip,Morowali industrial coast near IMIP,2026-01-15T02:12:09.024000Z,4,72.800064,81.802,16.574,provisional_derived,SENTINEL-2/S2MSI2A,2021-01-01,2026-07-24,2026-07-24T17:03:01+00:00
morowali-imip,Morowali industrial coast near IMIP,2026-01-20T02:12:11.025000Z,4,85.2409095,81.802,16.574,provisional_derived,SENTINEL-2/S2MSI2A,2021-01-01,2026-07-24,2026-07-24T17:03:01+00:00
morowali-imip,Morowali industrial coast near IMIP,2026-01-25T02:12:09.024000Z,4,59.594246500000004,81.802,16.574,provisional_derived,SENTINEL-2/S2MSI2A,2021-01-01,2026-07-24,2026-07-24T17:03:01+00:00
morowali-imip,Morowali industrial coast near IMIP,2026-01-30T02:12:11.025000Z,4,55.948708999999994,81.802,16.574,provisional_derived,SENTINEL-2/S2MSI2A,2021-01-01,2026-07-24,2026-07-24T17:03:01+00:00
morowali-imip,Morowali industrial coast near IMIP,2026-02-04T02:12:09.024000Z,4,79.736325,81.802,16.574,provisional_derived,SENTINEL-2/S2MSI2A,2021-01-01,2026-07-24,2026-07-24T17:03:01+00:00
morowali-imip,Morowali industrial coast near IMIP,2026-02-09T02:12:11.025000Z,4,98.631939,81.802,16.574,provisional_derived,SENTINEL-2/S2MSI2A,2021-01-01,2026-07-24,2026-07-24T17:03:01+00:00
morowali-imip,Morowali industrial coast near IMIP,2026-02-14T02:12:09.024000Z,4,99.99999700000001,81.802,16.574,provisional_derived,SENTINEL-2/S2MSI2A,2021-01-01,2026-07-24,2026-07-24T17:03:01+00:00
morowali-imip,Morowali industrial coast near IMIP,2026-02-19T02:12:11.025000Z,4,82.445979,81.802,16.574,provisional_derived,SENTINEL-2/S2MSI2A,2021-01-01,2026-07-24,2026-07-24T17:03:01+00:00
morowali-imip,Morowali industrial coast near IMIP,2026-02-24T02:12:09.024000Z,4,100.0,81.802,16.574,provisional_derived,SENTINEL-2/S2MSI2A,2021-01-01,2026-07-24,2026-07-24T17:03:01+00:00
morowali-imip,Morowali industrial coast near IMIP,2026-03-01T02:12:11.025000Z,4,84.3247535,81.802,16.574,provisional_derived,SENTINEL-2/S2MSI2A,2021-01-01,2026-07-24,2026-07-24T17:03:01+00:00
morowali-imip,Morowali industrial coast near IMIP,2026-03-06T02:12:09.024000Z,4,47.295104,81.802,16.574,provisional_derived,SENTINEL-2/S2MSI2A,2021-01-01,2026-07-24,2026-07-24T17:03:01+00:00
morowali-imip,Morowali industrial coast near IMIP,2026-03-11T02:12:11.025000Z,4,98.23268350000001,81.802,16.574,provisional_derived,SENTINEL-2/S2MSI2A,2021-01-01,2026-07-24,2026-07-24T17:03:01+00:00
morowali-imip,Morowali industrial coast near IMIP,2026-03-16T02:12:09.024000Z,4,97.682342,81.802,16.574,provisional_derived,SENTINEL-2/S2MSI2A,2021-01-01,2026-07-24,2026-07-24T17:03:01+00:00
morowali-imip,Morowali industrial coast near IMIP,2026-03-23T02:14:01.024000Z,4,69.361502,81.802,16.574,provisional_derived,SENTINEL-2/S2MSI2A,2021-01-01,2026-07-24,2026-07-24T17:03:01+00:00
morowali-imip,Morowali industrial coast near IMIP,2026-03-31T02:12:11.025000Z,4,82.217133,81.802,16.574,provisional_derived,SENTINEL-2/S2MSI2A,2021-01-01,2026-07-24,2026-07-24T17:03:01+00:00
morowali-imip,Morowali industrial coast near IMIP,2026-04-02T02:14:01.024000Z,4,94.623491,81.802,16.574,provisional_derived,SENTINEL-2/S2MSI2A,2021-01-01,2026-07-24,2026-07-24T17:03:01+00:00
morowali-imip,Morowali industrial coast near IMIP,2026-04-05T02:12:09.024000Z,4,16.011177,81.802,16.574,provisional_derived,SENTINEL-2/S2MSI2A,2021-01-01,2026-07-24,2026-07-24T17:03:01+00:00
morowali-imip,Morowali industrial coast near IMIP,2026-04-10T02:12:11.025000Z,4,90.838337,81.802,16.574,provisional_derived,SENTINEL-2/S2MSI2A,2021-01-01,2026-07-24,2026-07-24T17:03:01+00:00
morowali-imip,Morowali industrial coast near IMIP,2026-04-15T02:12:09.024000Z,4,74.4707555,81.802,16.574,provisional_derived,SENTINEL-2/S2MSI2A,2021-01-01,2026-07-24,2026-07-24T17:03:01+00:00
morowali-imip,Morowali industrial coast near IMIP,2026-04-20T02:12:11.025000Z,4,65.94225750000001,81.802,16.574,provisional_derived,SENTINEL-2/S2MSI2A,2021-01-01,2026-07-24,2026-07-24T17:03:01+00:00
morowali-imip,Morowali industrial coast near IMIP,2026-04-22T02:14:01.024000Z,4,78.956163,81.802,16.574,provisional_derived,SENTINEL-2/S2MSI2A,2021-01-01,2026-07-24,2026-07-24T17:03:01+00:00
morowali-imip,Morowali industrial coast near IMIP,2026-04-25T02:12:09.024000Z,4,15.904385,81.802,16.574,provisional_derived,SENTINEL-2/S2MSI2A,2021-01-01,2026-07-24,2026-07-24T17:03:01+00:00
morowali-imip,Morowali industrial coast near IMIP,2026-04-30T02:12:11.024000Z,4,39.180783500000004,81.802,16.574,provisional_derived,SENTINEL-2/S2MSI2A,2021-01-01,2026-07-24,2026-07-24T17:03:01+00:00
morowali-imip,Morowali industrial coast near IMIP,2026-05-05T02:12:09.024000Z,4,63.5142295,81.802,16.574,provisional_derived,SENTINEL-2/S2MSI2A,2021-01-01,2026-07-24,2026-07-24T17:03:01+00:00
morowali-imip,Morowali industrial coast near IMIP,2026-05-10T02:12:11.025000Z,4,99.62364400000001,81.802,16.574,provisional_derived,SENTINEL-2/S2MSI2A,2021-01-01,2026-07-24,2026-07-24T17:03:01+00:00
morowali-imip,Morowali industrial coast near IMIP,2026-05-12T02:14:01.024000Z,4,74.119568,81.802,16.574,provisional_derived,SENTINEL-2/S2MSI2A,2021-01-01,2026-07-24,2026-07-24T17:03:01+00:00
morowali-imip,Morowali industrial coast near IMIP,2026-05-15T02:12:09.024000Z,4,92.057377,81.802,16.574,provisional_derived,SENTINEL-2/S2MSI2A,2021-01-01,2026-07-24,2026-07-24T17:03:01+00:00
morowali-imip,Morowali industrial coast near IMIP,2026-05-20T02:12:11.025000Z,4,89.2804625,81.802,16.574,provisional_derived,SENTINEL-2/S2MSI2A,2021-01-01,2026-07-24,2026-07-24T17:03:01+00:00
morowali-imip,Morowali industrial coast near IMIP,2026-05-25T02:12:09.024000Z,4,99.950433,81.802,16.574,provisional_derived,SENTINEL-2/S2MSI2A,2021-01-01,2026-07-24,2026-07-24T17:03:01+00:00
morowali-imip,Morowali industrial coast near IMIP,2026-05-30T02:12:11.025000Z,4,84.3248485,81.802,16.574,provisional_derived,SENTINEL-2/S2MSI2A,2021-01-01,2026-07-24,2026-07-24T17:03:01+00:00
morowali-imip,Morowali industrial coast near IMIP,2026-06-01T02:14:01.024000Z,4,68.793869,81.802,16.574,provisional_derived,SENTINEL-2/S2MSI2A,2021-01-01,2026-07-24,2026-07-24T17:03:01+00:00
morowali-imip,Morowali industrial coast near IMIP,2026-06-04T02:12:09.024000Z,4,93.1792915,81.802,16.574,provisional_derived,SENTINEL-2/S2MSI2A,2021-01-01,2026-07-24,2026-07-24T17:03:01+00:00
morowali-imip,Morowali industrial coast near IMIP,2026-06-09T02:12:11.025000Z,4,53.4583985,81.802,16.574,provisional_derived,SENTINEL-2/S2MSI2A,2021-01-01,2026-07-24,2026-07-24T17:03:01+00:00
morowali-imip,Morowali industrial coast near IMIP,2026-06-14T02:12:09.024000Z,4,73.632848,81.802,16.574,provisional_derived,SENTINEL-2/S2MSI2A,2021-01-01,2026-07-24,2026-07-24T17:03:01+00:00
morowali-imip,Morowali industrial coast near IMIP,2026-06-19T02:12:11.025000Z,4,74.8040915,81.802,16.574,provisional_derived,SENTINEL-2/S2MSI2A,2021-01-01,2026-07-24,2026-07-24T17:03:01+00:00
morowali-imip,Morowali industrial coast near IMIP,2026-06-21T02:14:01.024000Z,4,80.4926365,81.802,16.574,provisional_derived,SENTINEL-2/S2MSI2A,2021-01-01,2026-07-24,2026-07-24T17:03:01+00:00
morowali-imip,Morowali industrial coast near IMIP,2026-06-24T02:12:09.024000Z,4,34.693302,81.802,16.574,provisional_derived,SENTINEL-2/S2MSI2A,2021-01-01,2026-07-24,2026-07-24T17:03:01+00:00
morowali-imip,Morowali industrial coast near IMIP,2026-06-29T02:12:11.025000Z,4,56.8476125,81.802,16.574,provisional_derived,SENTINEL-2/S2MSI2A,2021-01-01,2026-07-24,2026-07-24T17:03:01+00:00
morowali-imip,Morowali industrial coast near IMIP,2026-07-04T02:12:09.024000Z,4,64.2771545,81.802,16.574,provisional_derived,SENTINEL-2/S2MSI2A,2021-01-01,2026-07-24,2026-07-24T17:03:01+00:00
morowali-imip,Morowali industrial coast near IMIP,2026-07-09T02:12:11.025000Z,4,96.405667,81.802,16.574,provisional_derived,SENTINEL-2/S2MSI2A,2021-01-01,2026-07-24,2026-07-24T17:03:01+00:00
morowali-imip,Morowali industrial coast near IMIP,2026-07-11T02:14:01.024000Z,4,66.4611635,81.802,16.574,provisional_derived,SENTINEL-2/S2MSI2A,2021-01-01,2026-07-24,2026-07-24T17:03:01+00:00
morowali-imip,Morowali industrial coast near IMIP,2026-07-14T02:12:09.024000Z,4,62.854251500000004,81.802,16.574,provisional_derived,SENTINEL-2/S2MSI2A,2021-01-01,2026-07-24,2026-07-24T17:03:01+00:00
morowali-imip,Morowali industrial coast near IMIP,2026-07-19T02:12:11.025000Z,4,93.9260395,81.802,16.574,provisional_derived,SENTINEL-2/S2MSI2A,2021-01-01,2026-07-24,2026-07-24T17:03:01+00:00
morowali-imip,Morowali industrial coast near IMIP,2026-07-21T02:14:01.024000Z,4,77.3194135,81.802,16.574,provisional_derived,SENTINEL-2/S2MSI2A,2021-01-01,2026-07-24,2026-07-24T17:03:01+00:00
morowali-imip,Morowali industrial coast near IMIP,2026-07-24T02:12:09.024000Z,4,94.5333775,81.802,16.574,provisional_derived,SENTINEL-2/S2MSI2A,2021-01-01,2026-07-24,2026-07-24T17:03:01+00:00
nusa-lembongan,Nusa Lembongan,2021-01-02T02:21:11.024000Z,1,48.25879,92.893,7.190,provisional_derived,SENTINEL-2/S2MSI2A,2021-01-01,2026-07-24,2026-07-24T17:03:01+00:00
nusa-lembongan,Nusa Lembongan,2021-01-07T02:20:59.024000Z,1,99.062896,92.893,7.190,provisional_derived,SENTINEL-2/S2MSI2A,2021-01-01,2026-07-24,2026-07-24T17:03:01+00:00
nusa-lembongan,Nusa Lembongan,2021-01-12T02:20:51.024000Z,1,50.035357,92.893,7.190,provisional_derived,SENTINEL-2/S2MSI2A,2021-01-01,2026-07-24,2026-07-24T17:03:01+00:00
nusa-lembongan,Nusa Lembongan,2021-01-17T02:20:29.024000Z,1,98.212731,92.893,7.190,provisional_derived,SENTINEL-2/S2MSI2A,2021-01-01,2026-07-24,2026-07-24T17:03:01+00:00
nusa-lembongan,Nusa Lembongan,2021-01-22T02:20:11.024000Z,1,89.874113,92.893,7.190,provisional_derived,SENTINEL-2/S2MSI2A,2021-01-01,2026-07-24,2026-07-24T17:03:01+00:00
nusa-lembongan,Nusa Lembongan,2021-01-27T02:19:49.024000Z,1,99.459118,92.893,7.190,provisional_derived,SENTINEL-2/S2MSI2A,2021-01-01,2026-07-24,2026-07-24T17:03:01+00:00
nusa-lembongan,Nusa Lembongan,2021-02-01T02:19:21.024000Z,1,34.186098,92.893,7.190,provisional_derived,SENTINEL-2/S2MSI2A,2021-01-01,2026-07-24,2026-07-24T17:03:01+00:00
nusa-lembongan,Nusa Lembongan,2021-02-06T02:18:49.024000Z,1,99.912494,92.893,7.190,provisional_derived,SENTINEL-2/S2MSI2A,2021-01-01,2026-07-24,2026-07-24T17:03:01+00:00
nusa-lembongan,Nusa Lembongan,2021-02-11T02:18:21.024000Z,1,89.923918,92.893,7.190,provisional_derived,SENTINEL-2/S2MSI2A,2021-01-01,2026-07-24,2026-07-24T17:03:01+00:00
nusa-lembongan,Nusa Lembongan,2021-02-16T02:17:49.024000Z,1,47.631869,92.893,7.190,provisional_derived,SENTINEL-2/S2MSI2A,2021-01-01,2026-07-24,2026-07-24T17:03:01+00:00
nusa-lembongan,Nusa Lembongan,2021-02-21T02:17:21.024000Z,1,65.200567,92.893,7.190,provisional_derived,SENTINEL-2/S2MSI2A,2021-01-01,2026-07-24,2026-07-24T17:03:01+00:00
nusa-lembongan,Nusa Lembongan,2021-02-26T02:16:39.024000Z,1,74.413007,92.893,7.190,provisional_derived,SENTINEL-2/S2MSI2A,2021-01-01,2026-07-24,2026-07-24T17:03:01+00:00
nusa-lembongan,Nusa Lembongan,2021-03-03T02:16:11.024000Z,1,47.00343,92.893,7.190,provisional_derived,SENTINEL-2/S2MSI2A,2021-01-01,2026-07-24,2026-07-24T17:03:01+00:00
nusa-lembongan,Nusa Lembongan,2021-03-08T02:15:59.024000Z,1,74.862379,92.893,7.190,provisional_derived,SENTINEL-2/S2MSI2A,2021-01-01,2026-07-24,2026-07-24T17:03:01+00:00
nusa-lembongan,Nusa Lembongan,2021-03-13T02:16:01.024000Z,1,23.530784,92.893,7.190,provisional_derived,SENTINEL-2/S2MSI2A,2021-01-01,2026-07-24,2026-07-24T17:03:01+00:00
nusa-lembongan,Nusa Lembongan,2021-03-18T02:15:59.024000Z,1,5.509999,92.893,7.190,provisional_derived,SENTINEL-2/S2MSI2A,2021-01-01,2026-07-24,2026-07-24T17:03:01+00:00
nusa-lembongan,Nusa Lembongan,2021-03-23T02:16:01.024000Z,1,77.760565,92.893,7.190,provisional_derived,SENTINEL-2/S2MSI2A,2021-01-01,2026-07-24,2026-07-24T17:03:01+00:00
nusa-lembongan,Nusa Lembongan,2021-03-28T02:15:59.024000Z,1,99.949801,92.893,7.190,provisional_derived,SENTINEL-2/S2MSI2A,2021-01-01,2026-07-24,2026-07-24T17:03:01+00:00
nusa-lembongan,Nusa Lembongan,2021-04-02T02:16:01.024000Z,1,100.0,92.893,7.190,provisional_derived,SENTINEL-2/S2MSI2A,2021-01-01,2026-07-24,2026-07-24T17:03:01+00:00
nusa-lembongan,Nusa Lembongan,2021-04-07T02:15:59.024000Z,1,99.95715,92.893,7.190,provisional_derived,SENTINEL-2/S2MSI2A,2021-01-01,2026-07-24,2026-07-24T17:03:01+00:00
nusa-lembongan,Nusa Lembongan,2021-04-12T02:16:01.024000Z,1,15.772894,92.893,7.190,provisional_derived,SENTINEL-2/S2MSI2A,2021-01-01,2026-07-24,2026-07-24T17:03:01+00:00
nusa-lembongan,Nusa Lembongan,2021-04-17T02:15:59.024000Z,1,5.337169,92.893,7.190,provisional_derived,SENTINEL-2/S2MSI2A,2021-01-01,2026-07-24,2026-07-24T17:03:01+00:00
nusa-lembongan,Nusa Lembongan,2021-04-22T02:16:01.024000Z,2,5.768947,92.893,7.190,provisional_derived,SENTINEL-2/S2MSI2A,2021-01-01,2026-07-24,2026-07-24T17:03:01+00:00
nusa-lembongan,Nusa Lembongan,2021-04-27T02:15:59.024000Z,1,14.069262,92.893,7.190,provisional_derived,SENTINEL-2/S2MSI2A,2021-01-01,2026-07-24,2026-07-24T17:03:01+00:00
nusa-lembongan,Nusa Lembongan,2021-05-02T02:16:01.024000Z,1,6.165949,92.893,7.190,provisional_derived,SENTINEL-2/S2MSI2A,2021-01-01,2026-07-24,2026-07-24T17:03:01+00:00
nusa-lembongan,Nusa Lembongan,2021-05-07T02:15:59.024000Z,1,22.102652,92.893,7.190,provisional_derived,SENTINEL-2/S2MSI2A,2021-01-01,2026-07-24,2026-07-24T17:03:01+00:00
nusa-lembongan,Nusa Lembongan,2021-05-12T02:16:01.024000Z,1,9.979516,92.893,7.190,provisional_derived,SENTINEL-2/S2MSI2A,2021-01-01,2026-07-24,2026-07-24T17:03:01+00:00
nusa-lembongan,Nusa Lembongan,2021-05-17T02:15:59.024000Z,1,14.930047,92.893,7.190,provisional_derived,SENTINEL-2/S2MSI2A,2021-01-01,2026-07-24,2026-07-24T17:03:01+00:00
nusa-lembongan,Nusa Lembongan,2021-05-22T02:16:01.024000Z,1,11.130115,92.893,7.190,provisional_derived,SENTINEL-2/S2MSI2A,2021-01-01,2026-07-24,2026-07-24T17:03:01+00:00
nusa-lembongan,Nusa Lembongan,2021-05-27T02:16:09.024000Z,1,12.574074,92.893,7.190,provisional_derived,SENTINEL-2/S2MSI2A,2021-01-01,2026-07-24,2026-07-24T17:03:01+00:00
nusa-lembongan,Nusa Lembongan,2021-06-01T02:16:01.024000Z,1,47.693592,92.893,7.190,provisional_derived,SENTINEL-2/S2MSI2A,2021-01-01,2026-07-24,2026-07-24T17:03:01+00:00
nusa-lembongan,Nusa Lembongan,2021-06-06T02:16:09.024000Z,1,5.666810000000001,92.893,7.190,provisional_derived,SENTINEL-2/S2MSI2A,2021-01-01,2026-07-24,2026-07-24T17:03:01+00:00
nusa-lembongan,Nusa Lembongan,2021-06-11T02:16:01.024000Z,1,52.512574,92.893,7.190,provisional_derived,SENTINEL-2/S2MSI2A,2021-01-01,2026-07-24,2026-07-24T17:03:01+00:00
nusa-lembongan,Nusa Lembongan,2021-06-16T02:16:09.024000Z,1,56.920278,92.893,7.190,provisional_derived,SENTINEL-2/S2MSI2A,2021-01-01,2026-07-24,2026-07-24T17:03:01+00:00
nusa-lembongan,Nusa Lembongan,2021-06-21T02:16:01.024000Z,1,19.309786,92.893,7.190,provisional_derived,SENTINEL-2/S2MSI2A,2021-01-01,2026-07-24,2026-07-24T17:03:01+00:00
nusa-lembongan,Nusa Lembongan,2021-06-26T02:16:09.024000Z,1,13.05602,92.893,7.190,provisional_derived,SENTINEL-2/S2MSI2A,2021-01-01,2026-07-24,2026-07-24T17:03:01+00:00
nusa-lembongan,Nusa Lembongan,2021-07-01T02:16:11.024000Z,1,26.121438,92.893,7.190,provisional_derived,SENTINEL-2/S2MSI2A,2021-01-01,2026-07-24,2026-07-24T17:03:01+00:00
nusa-lembongan,Nusa Lembongan,2021-07-06T02:16:09.024000Z,1,21.960026,92.893,7.190,provisional_derived,SENTINEL-2/S2MSI2A,2021-01-01,2026-07-24,2026-07-24T17:03:01+00:00
nusa-lembongan,Nusa Lembongan,2021-07-11T02:16:11.024000Z,1,27.987486,92.893,7.190,provisional_derived,SENTINEL-2/S2MSI2A,2021-01-01,2026-07-24,2026-07-24T17:03:01+00:00
nusa-lembongan,Nusa Lembongan,2021-07-16T02:16:09.024000Z,1,22.054154,92.893,7.190,provisional_derived,SENTINEL-2/S2MSI2A,2021-01-01,2026-07-24,2026-07-24T17:03:01+00:00
nusa-lembongan,Nusa Lembongan,2021-07-21T02:16:11.024000Z,1,18.53247,92.893,7.190,provisional_derived,SENTINEL-2/S2MSI2A,2021-01-01,2026-07-24,2026-07-24T17:03:01+00:00
nusa-lembongan,Nusa Lembongan,2021-07-26T02:16:09.024000Z,1,11.310106,92.893,7.190,provisional_derived,SENTINEL-2/S2MSI2A,2021-01-01,2026-07-24,2026-07-24T17:03:01+00:00
nusa-lembongan,Nusa Lembongan,2021-07-31T02:16:11.024000Z,1,19.788641,92.893,7.190,provisional_derived,SENTINEL-2/S2MSI2A,2021-01-01,2026-07-24,2026-07-24T17:03:01+00:00
nusa-lembongan,Nusa Lembongan,2021-08-05T02:16:09.024000Z,1,14.872569,92.893,7.190,provisional_derived,SENTINEL-2/S2MSI2A,2021-01-01,2026-07-24,2026-07-24T17:03:01+00:00
nusa-lembongan,Nusa Lembongan,2021-08-10T02:16:11.024000Z,1,14.392069,92.893,7.190,provisional_derived,SENTINEL-2/S2MSI2A,2021-01-01,2026-07-24,2026-07-24T17:03:01+00:00
nusa-lembongan,Nusa Lembongan,2021-08-15T02:16:09.024000Z,1,8.258615,92.893,7.190,provisional_derived,SENTINEL-2/S2MSI2A,2021-01-01,2026-07-24,2026-07-24T17:03:01+00:00
nusa-lembongan,Nusa Lembongan,2021-08-20T02:16:11.025000Z,1,54.551864,92.893,7.190,provisional_derived,SENTINEL-2/S2MSI2A,2021-01-01,2026-07-24,2026-07-24T17:03:01+00:00
nusa-lembongan,Nusa Lembongan,2021-08-25T02:15:59.024000Z,1,17.168984,92.893,7.190,provisional_derived,SENTINEL-2/S2MSI2A,2021-01-01,2026-07-24,2026-07-24T17:03:01+00:00
nusa-lembongan,Nusa Lembongan,2021-08-30T02:16:01.024000Z,1,28.404734,92.893,7.190,provisional_derived,SENTINEL-2/S2MSI2A,2021-01-01,2026-07-24,2026-07-24T17:03:01+00:00
nusa-lembongan,Nusa Lembongan,2021-09-04T02:15:59.024000Z,1,47.607636,92.893,7.190,provisional_derived,SENTINEL-2/S2MSI2A,2021-01-01,2026-07-24,2026-07-24T17:03:01+00:00
nusa-lembongan,Nusa Lembongan,2021-09-09T02:16:01.024000Z,1,32.998377,92.893,7.190,provisional_derived,SENTINEL-2/S2MSI2A,2021-01-01,2026-07-24,2026-07-24T17:03:01+00:00
nusa-lembongan,Nusa Lembongan,2021-09-14T02:15:59.024000Z,1,19.189356,92.893,7.190,provisional_derived,SENTINEL-2/S2MSI2A,2021-01-01,2026-07-24,2026-07-24T17:03:01+00:00
nusa-lembongan,Nusa Lembongan,2021-09-19T02:16:11.024000Z,1,20.016015,92.893,7.190,provisional_derived,SENTINEL-2/S2MSI2A,2021-01-01,2026-07-24,2026-07-24T17:03:01+00:00
nusa-lembongan,Nusa Lembongan,2021-09-24T02:15:59.024000Z,1,49.000701,92.893,7.190,provisional_derived,SENTINEL-2/S2MSI2A,2021-01-01,2026-07-24,2026-07-24T17:03:01+00:00
nusa-lembongan,Nusa Lembongan,2021-09-29T02:16:11.024000Z,1,29.056555,92.893,7.190,provisional_derived,SENTINEL-2/S2MSI2A,2021-01-01,2026-07-24,2026-07-24T17:03:01+00:00
nusa-lembongan,Nusa Lembongan,2021-10-04T02:16:09.024000Z,1,45.001566,92.893,7.190,provisional_derived,SENTINEL-2/S2MSI2A,2021-01-01,2026-07-24,2026-07-24T17:03:01+00:00
nusa-lembongan,Nusa Lembongan,2021-10-09T02:16:11.024000Z,1,28.013936,92.893,7.190,provisional_derived,SENTINEL-2/S2MSI2A,2021-01-01,2026-07-24,2026-07-24T17:03:01+00:00
nusa-lembongan,Nusa Lembongan,2021-10-14T02:16:39.024000Z,1,74.869847,92.893,7.190,provisional_derived,SENTINEL-2/S2MSI2A,2021-01-01,2026-07-24,2026-07-24T17:03:01+00:00
nusa-lembongan,Nusa Lembongan,2021-10-19T02:17:21.024000Z,1,69.74991,92.893,7.190,provisional_derived,SENTINEL-2/S2MSI2A,2021-01-01,2026-07-24,2026-07-24T17:03:01+00:00
nusa-lembongan,Nusa Lembongan,2021-10-24T02:17:49.024000Z,1,53.306454,92.893,7.190,provisional_derived,SENTINEL-2/S2MSI2A,2021-01-01,2026-07-24,2026-07-24T17:03:01+00:00
nusa-lembongan,Nusa Lembongan,2021-10-29T02:18:21.024000Z,1,82.638061,92.893,7.190,provisional_derived,SENTINEL-2/S2MSI2A,2021-01-01,2026-07-24,2026-07-24T17:03:01+00:00
nusa-lembongan,Nusa Lembongan,2021-11-03T02:18:39.024000Z,1,75.315279,92.893,7.190,provisional_derived,SENTINEL-2/S2MSI2A,2021-01-01,2026-07-24,2026-07-24T17:03:01+00:00
nusa-lembongan,Nusa Lembongan,2021-11-08T02:19:01.024000Z,1,81.868887,92.893,7.190,provisional_derived,SENTINEL-2/S2MSI2A,2021-01-01,2026-07-24,2026-07-24T17:03:01+00:00
nusa-lembongan,Nusa Lembongan,2021-11-13T02:19:29.024000Z,1,88.481194,92.893,7.190,provisional_derived,SENTINEL-2/S2MSI2A,2021-01-01,2026-07-24,2026-07-24T17:03:01+00:00
nusa-lembongan,Nusa Lembongan,2021-11-18T02:20:01.025000Z,1,37.483087,92.893,7.190,provisional_derived,SENTINEL-2/S2MSI2A,2021-01-01,2026-07-24,2026-07-24T17:03:01+00:00
nusa-lembongan,Nusa Lembongan,2021-11-23T02:20:09.024000Z,1,18.261041,92.893,7.190,provisional_derived,SENTINEL-2/S2MSI2A,2021-01-01,2026-07-24,2026-07-24T17:03:01+00:00
nusa-lembongan,Nusa Lembongan,2021-11-28T02:20:31.024000Z,1,85.963207,92.893,7.190,provisional_derived,SENTINEL-2/S2MSI2A,2021-01-01,2026-07-24,2026-07-24T17:03:01+00:00
nusa-lembongan,Nusa Lembongan,2021-12-03T02:20:49.024000Z,1,80.470371,92.893,7.190,provisional_derived,SENTINEL-2/S2MSI2A,2021-01-01,2026-07-24,2026-07-24T17:03:01+00:00
nusa-lembongan,Nusa Lembongan,2021-12-08T02:21:01.024000Z,1,26.609954,92.893,7.190,provisional_derived,SENTINEL-2/S2MSI2A,2021-01-01,2026-07-24,2026-07-24T17:03:01+00:00
nusa-lembongan,Nusa Lembongan,2021-12-13T02:20:59.024000Z,1,72.556454,92.893,7.190,provisional_derived,SENTINEL-2/S2MSI2A,2021-01-01,2026-07-24,2026-07-24T17:03:01+00:00
nusa-lembongan,Nusa Lembongan,2021-12-18T02:21:11.024000Z,1,12.478924,92.893,7.190,provisional_derived,SENTINEL-2/S2MSI2A,2021-01-01,2026-07-24,2026-07-24T17:03:01+00:00
nusa-lembongan,Nusa Lembongan,2021-12-23T02:21:09.024000Z,1,35.125473,92.893,7.190,provisional_derived,SENTINEL-2/S2MSI2A,2021-01-01,2026-07-24,2026-07-24T17:03:01+00:00
nusa-lembongan,Nusa Lembongan,2021-12-28T02:21:11.024000Z,1,91.464388,92.893,7.190,provisional_derived,SENTINEL-2/S2MSI2A,2021-01-01,2026-07-24,2026-07-24T17:03:01+00:00
nusa-lembongan,Nusa Lembongan,2022-01-02T02:20:59.000000Z,1,100.0,92.893,7.190,provisional_derived,SENTINEL-2/S2MSI2A,2021-01-01,2026-07-24,2026-07-24T17:03:01+00:00
nusa-lembongan,Nusa Lembongan,2022-01-07T02:21:01.000000Z,1,74.491233,92.893,7.190,provisional_derived,SENTINEL-2/S2MSI2A,2021-01-01,2026-07-24,2026-07-24T17:03:01+00:00
nusa-lembongan,Nusa Lembongan,2022-01-12T02:20:39.000000Z,1,40.756693,92.893,7.190,provisional_derived,SENTINEL-2/S2MSI2A,2021-01-01,2026-07-24,2026-07-24T17:03:01+00:00
nusa-lembongan,Nusa Lembongan,2022-01-17T02:20:31.024000Z,1,99.102265,92.893,7.190,provisional_derived,SENTINEL-2/S2MSI2A,2021-01-01,2026-07-24,2026-07-24T17:03:01+00:00
nusa-lembongan,Nusa Lembongan,2022-01-22T02:20:09.024000Z,1,96.816051,92.893,7.190,provisional_derived,SENTINEL-2/S2MSI2A,2021-01-01,2026-07-24,2026-07-24T17:03:01+00:00
nusa-lembongan,Nusa Lembongan,2022-01-27T02:19:51.024000Z,1,100.0,92.893,7.190,provisional_derived,SENTINEL-2/S2MSI2A,2021-01-01,2026-07-24,2026-07-24T17:03:01+00:00
nusa-lembongan,Nusa Lembongan,2022-02-01T02:19:19.024000Z,1,43.127751,92.893,7.190,provisional_derived,SENTINEL-2/S2MSI2A,2021-01-01,2026-07-24,2026-07-24T17:03:01+00:00
nusa-lembongan,Nusa Lembongan,2022-02-06T02:18:51.024000Z,1,79.771268,92.893,7.190,provisional_derived,SENTINEL-2/S2MSI2A,2021-01-01,2026-07-24,2026-07-24T17:03:01+00:00
nusa-lembongan,Nusa Lembongan,2022-02-11T02:18:19.024000Z,1,95.706803,92.893,7.190,provisional_derived,SENTINEL-2/S2MSI2A,2021-01-01,2026-07-24,2026-07-24T17:03:01+00:00
nusa-lembongan,Nusa Lembongan,2022-02-16T02:17:51.024000Z,2,28.341102,92.893,7.190,provisional_derived,SENTINEL-2/S2MSI2A,2021-01-01,2026-07-24,2026-07-24T17:03:01+00:00
nusa-lembongan,Nusa Lembongan,2022-02-21T02:17:09.024000Z,1,100.0,92.893,7.190,provisional_derived,SENTINEL-2/S2MSI2A,2021-01-01,2026-07-24,2026-07-24T17:03:01+00:00
nusa-lembongan,Nusa Lembongan,2022-02-26T02:16:51.024000Z,1,85.509723,92.893,7.190,provisional_derived,SENTINEL-2/S2MSI2A,2021-01-01,2026-07-24,2026-07-24T17:03:01+00:00
nusa-lembongan,Nusa Lembongan,2022-03-03T02:16:09.024000Z,1,65.570176,92.893,7.190,provisional_derived,SENTINEL-2/S2MSI2A,2021-01-01,2026-07-24,2026-07-24T17:03:01+00:00
nusa-lembongan,Nusa Lembongan,2022-03-08T02:16:11.024000Z,1,96.836722,92.893,7.190,provisional_derived,SENTINEL-2/S2MSI2A,2021-01-01,2026-07-24,2026-07-24T17:03:01+00:00
nusa-lembongan,Nusa Lembongan,2022-03-13T02:15:59.024000Z,1,92.824548,92.893,7.190,provisional_derived,SENTINEL-2/S2MSI2A,2021-01-01,2026-07-24,2026-07-24T17:03:01+00:00
nusa-lembongan,Nusa Lembongan,2022-03-18T02:16:11.024000Z,1,98.957181,92.893,7.190,provisional_derived,SENTINEL-2/S2MSI2A,2021-01-01,2026-07-24,2026-07-24T17:03:01+00:00
nusa-lembongan,Nusa Lembongan,2022-03-23T02:15:59.024000Z,1,40.902674,92.893,7.190,provisional_derived,SENTINEL-2/S2MSI2A,2021-01-01,2026-07-24,2026-07-24T17:03:01+00:00
nusa-lembongan,Nusa Lembongan,2022-03-28T02:16:11.024000Z,1,95.195878,92.893,7.190,provisional_derived,SENTINEL-2/S2MSI2A,2021-01-01,2026-07-24,2026-07-24T17:03:01+00:00
nusa-lembongan,Nusa Lembongan,2022-04-02T02:15:59.024000Z,1,28.719127,92.893,7.190,provisional_derived,SENTINEL-2/S2MSI2A,2021-01-01,2026-07-24,2026-07-24T17:03:01+00:00
nusa-lembongan,Nusa Lembongan,2022-04-07T02:16:01.024000Z,1,34.825921,92.893,7.190,provisional_derived,SENTINEL-2/S2MSI2A,2021-01-01,2026-07-24,2026-07-24T17:03:01+00:00
nusa-lembongan,Nusa Lembongan,2022-04-12T02:15:59.024000Z,1,20.640601,92.893,7.190,provisional_derived,SENTINEL-2/S2MSI2A,2021-01-01,2026-07-24,2026-07-24T17:03:01+00:00
nusa-lembongan,Nusa Lembongan,2022-04-17T02:16:11.024000Z,1,70.219249,92.893,7.190,provisional_derived,SENTINEL-2/S2MSI2A,2021-01-01,2026-07-24,2026-07-24T17:03:01+00:00
nusa-lembongan,Nusa Lembongan,2022-04-22T02:15:59.024000Z,1,20.936716,92.893,7.190,provisional_derived,SENTINEL-2/S2MSI2A,2021-01-01,2026-07-24,2026-07-24T17:03:01+00:00
nusa-lembongan,Nusa Lembongan,2022-04-27T02:16:11.024000Z,1,44.500157,92.893,7.190,provisional_derived,SENTINEL-2/S2MSI2A,2021-01-01,2026-07-24,2026-07-24T17:03:01+00:00
nusa-lembongan,Nusa Lembongan,2022-05-02T02:15:59.024000Z,1,11.395138,92.893,7.190,provisional_derived,SENTINEL-2/S2MSI2A,2021-01-01,2026-07-24,2026-07-24T17:03:01+00:00
nusa-lembongan,Nusa Lembongan,2022-05-07T02:16:11.024000Z,1,16.140215,92.893,7.190,provisional_derived,SENTINEL-2/S2MSI2A,2021-01-01,2026-07-24,2026-07-24T17:03:01+00:00
nusa-lembongan,Nusa Lembongan,2022-05-12T02:15:59.024000Z,1,88.490671,92.893,7.190,provisional_derived,SENTINEL-2/S2MSI2A,2021-01-01,2026-07-24,2026-07-24T17:03:01+00:00
nusa-lembongan,Nusa Lembongan,2022-05-17T02:16:11.000000Z,1,42.940998,92.893,7.190,provisional_derived,SENTINEL-2/S2MSI2A,2021-01-01,2026-07-24,2026-07-24T17:03:01+00:00
nusa-lembongan,Nusa Lembongan,2022-05-22T02:16:09.000000Z,1,3.108895,92.893,7.190,provisional_derived,SENTINEL-2/S2MSI2A,2021-01-01,2026-07-24,2026-07-24T17:03:01+00:00
nusa-lembongan,Nusa Lembongan,2022-05-27T02:16:11.024000Z,1,87.374866,92.893,7.190,provisional_derived,SENTINEL-2/S2MSI2A,2021-01-01,2026-07-24,2026-07-24T17:03:01+00:00
nusa-lembongan,Nusa Lembongan,2022-06-01T02:15:59.024000Z,1,66.552478,92.893,7.190,provisional_derived,SENTINEL-2/S2MSI2A,2021-01-01,2026-07-24,2026-07-24T17:03:01+00:00
nusa-lembongan,Nusa Lembongan,2022-06-11T02:15:39.024000Z,1,9.776065,92.893,7.190,provisional_derived,SENTINEL-2/S2MSI2A,2021-01-01,2026-07-24,2026-07-24T17:03:01+00:00
nusa-lembongan,Nusa Lembongan,2022-06-16T02:15:41.024000Z,1,31.636283,92.893,7.190,provisional_derived,SENTINEL-2/S2MSI2A,2021-01-01,2026-07-24,2026-07-24T17:03:01+00:00
nusa-lembongan,Nusa Lembongan,2022-06-21T02:15:39.024000Z,1,9.671123,92.893,7.190,provisional_derived,SENTINEL-2/S2MSI2A,2021-01-01,2026-07-24,2026-07-24T17:03:01+00:00
nusa-lembongan,Nusa Lembongan,2022-06-26T02:15:41.024000Z,1,64.704531,92.893,7.190,provisional_derived,SENTINEL-2/S2MSI2A,2021-01-01,2026-07-24,2026-07-24T17:03:01+00:00
nusa-lembongan,Nusa Lembongan,2022-07-01T02:15:39.024000Z,1,65.051079,92.893,7.190,provisional_derived,SENTINEL-2/S2MSI2A,2021-01-01,2026-07-24,2026-07-24T17:03:01+00:00
nusa-lembongan,Nusa Lembongan,2022-07-06T02:15:41.024000Z,1,62.626749,92.893,7.190,provisional_derived,SENTINEL-2/S2MSI2A,2021-01-01,2026-07-24,2026-07-24T17:03:01+00:00
nusa-lembongan,Nusa Lembongan,2022-07-11T02:15:39.024000Z,1,83.13399,92.893,7.190,provisional_derived,SENTINEL-2/S2MSI2A,2021-01-01,2026-07-24,2026-07-24T17:03:01+00:00
nusa-lembongan,Nusa Lembongan,2022-07-16T02:15:41.024000Z,1,69.386578,92.893,7.190,provisional_derived,SENTINEL-2/S2MSI2A,2021-01-01,2026-07-24,2026-07-24T17:03:01+00:00
nusa-lembongan,Nusa Lembongan,2022-07-21T02:15:39.024000Z,1,24.804543,92.893,7.190,provisional_derived,SENTINEL-2/S2MSI2A,2021-01-01,2026-07-24,2026-07-24T17:03:01+00:00
nusa-lembongan,Nusa Lembongan,2022-07-26T02:15:41.024000Z,1,60.618263,92.893,7.190,provisional_derived,SENTINEL-2/S2MSI2A,2021-01-01,2026-07-24,2026-07-24T17:03:01+00:00
nusa-lembongan,Nusa Lembongan,2022-07-31T02:15:39.024000Z,1,40.489641,92.893,7.190,provisional_derived,SENTINEL-2/S2MSI2A,2021-01-01,2026-07-24,2026-07-24T17:03:01+00:00
nusa-lembongan,Nusa Lembongan,2022-08-05T02:15:41.024000Z,1,8.689152,92.893,7.190,provisional_derived,SENTINEL-2/S2MSI2A,2021-01-01,2026-07-24,2026-07-24T17:03:01+00:00
nusa-lembongan,Nusa Lembongan,2022-08-10T02:15:39.024000Z,1,87.700373,92.893,7.190,provisional_derived,SENTINEL-2/S2MSI2A,2021-01-01,2026-07-24,2026-07-24T17:03:01+00:00
nusa-lembongan,Nusa Lembongan,2022-08-15T02:15:41.024000Z,1,20.060667,92.893,7.190,provisional_derived,SENTINEL-2/S2MSI2A,2021-01-01,2026-07-24,2026-07-24T17:03:01+00:00
nusa-lembongan,Nusa Lembongan,2022-08-20T02:15:39.024000Z,1,15.304932,92.893,7.190,provisional_derived,SENTINEL-2/S2MSI2A,2021-01-01,2026-07-24,2026-07-24T17:03:01+00:00
nusa-lembongan,Nusa Lembongan,2022-08-25T02:15:41.024000Z,1,23.6169,92.893,7.190,provisional_derived,SENTINEL-2/S2MSI2A,2021-01-01,2026-07-24,2026-07-24T17:03:01+00:00
nusa-lembongan,Nusa Lembongan,2022-08-30T02:15:29.024000Z,1,52.057374,92.893,7.190,provisional_derived,SENTINEL-2/S2MSI2A,2021-01-01,2026-07-24,2026-07-24T17:03:01+00:00
nusa-lembongan,Nusa Lembongan,2022-09-04T02:15:41.024000Z,1,85.7889,92.893,7.190,provisional_derived,SENTINEL-2/S2MSI2A,2021-01-01,2026-07-24,2026-07-24T17:03:01+00:00
nusa-lembongan,Nusa Lembongan,2022-09-09T02:15:39.024000Z,1,24.184781,92.893,7.190,provisional_derived,SENTINEL-2/S2MSI2A,2021-01-01,2026-07-24,2026-07-24T17:03:01+00:00
nusa-lembongan,Nusa Lembongan,2022-09-14T02:15:41.024000Z,1,48.536855,92.893,7.190,provisional_derived,SENTINEL-2/S2MSI2A,2021-01-01,2026-07-24,2026-07-24T17:03:01+00:00
nusa-lembongan,Nusa Lembongan,2022-09-19T02:15:39.024000Z,1,28.197807,92.893,7.190,provisional_derived,SENTINEL-2/S2MSI2A,2021-01-01,2026-07-24,2026-07-24T17:03:01+00:00
nusa-lembongan,Nusa Lembongan,2022-09-24T02:15:41.024000Z,1,23.767671,92.893,7.190,provisional_derived,SENTINEL-2/S2MSI2A,2021-01-01,2026-07-24,2026-07-24T17:03:01+00:00
nusa-lembongan,Nusa Lembongan,2022-09-29T02:15:29.024000Z,1,40.259188,92.893,7.190,provisional_derived,SENTINEL-2/S2MSI2A,2021-01-01,2026-07-24,2026-07-24T17:03:01+00:00
nusa-lembongan,Nusa Lembongan,2022-10-04T02:15:41.024000Z,1,85.170346,92.893,7.190,provisional_derived,SENTINEL-2/S2MSI2A,2021-01-01,2026-07-24,2026-07-24T17:03:01+00:00
nusa-lembongan,Nusa Lembongan,2022-10-09T02:15:59.024000Z,1,77.583069,92.893,7.190,provisional_derived,SENTINEL-2/S2MSI2A,2021-01-01,2026-07-24,2026-07-24T17:03:01+00:00
nusa-lembongan,Nusa Lembongan,2022-10-14T02:16:41.024000Z,1,49.733266,92.893,7.190,provisional_derived,SENTINEL-2/S2MSI2A,2021-01-01,2026-07-24,2026-07-24T17:03:01+00:00
nusa-lembongan,Nusa Lembongan,2022-10-19T02:17:09.024000Z,1,86.972505,92.893,7.190,provisional_derived,SENTINEL-2/S2MSI2A,2021-01-01,2026-07-24,2026-07-24T17:03:01+00:00
nusa-lembongan,Nusa Lembongan,2022-10-24T02:17:41.024000Z,1,78.837466,92.893,7.190,provisional_derived,SENTINEL-2/S2MSI2A,2021-01-01,2026-07-24,2026-07-24T17:03:01+00:00
nusa-lembongan,Nusa Lembongan,2022-10-29T02:18:09.024000Z,1,50.38206,92.893,7.190,provisional_derived,SENTINEL-2/S2MSI2A,2021-01-01,2026-07-24,2026-07-24T17:03:01+00:00
nusa-lembongan,Nusa Lembongan,2022-11-03T02:18:41.024000Z,1,13.375248,92.893,7.190,provisional_derived,SENTINEL-2/S2MSI2A,2021-01-01,2026-07-24,2026-07-24T17:03:01+00:00
nusa-lembongan,Nusa Lembongan,2022-11-08T02:18:59.024000Z,1,33.239123,92.893,7.190,provisional_derived,SENTINEL-2/S2MSI2A,2021-01-01,2026-07-24,2026-07-24T17:03:01+00:00
nusa-lembongan,Nusa Lembongan,2022-11-13T02:19:41.024000Z,1,98.033351,92.893,7.190,provisional_derived,SENTINEL-2/S2MSI2A,2021-01-01,2026-07-24,2026-07-24T17:03:01+00:00
nusa-lembongan,Nusa Lembongan,2022-11-18T02:19:59.024000Z,1,99.973232,92.893,7.190,provisional_derived,SENTINEL-2/S2MSI2A,2021-01-01,2026-07-24,2026-07-24T17:03:01+00:00
nusa-lembongan,Nusa Lembongan,2022-11-23T02:20:21.024000Z,1,94.951469,92.893,7.190,provisional_derived,SENTINEL-2/S2MSI2A,2021-01-01,2026-07-24,2026-07-24T17:03:01+00:00
nusa-lembongan,Nusa Lembongan,2022-11-28T02:20:29.024000Z,1,73.398346,92.893,7.190,provisional_derived,SENTINEL-2/S2MSI2A,2021-01-01,2026-07-24,2026-07-24T17:03:01+00:00
nusa-lembongan,Nusa Lembongan,2022-12-03T02:20:51.024000Z,1,45.845851,92.893,7.190,provisional_derived,SENTINEL-2/S2MSI2A,2021-01-01,2026-07-24,2026-07-24T17:03:01+00:00
nusa-lembongan,Nusa Lembongan,2022-12-08T02:20:59.024000Z,1,25.038221,92.893,7.190,provisional_derived,SENTINEL-2/S2MSI2A,2021-01-01,2026-07-24,2026-07-24T17:03:01+00:00
nusa-lembongan,Nusa Lembongan,2022-12-13T02:21:11.024000Z,1,26.160794,92.893,7.190,provisional_derived,SENTINEL-2/S2MSI2A,2021-01-01,2026-07-24,2026-07-24T17:03:01+00:00
nusa-lembongan,Nusa Lembongan,2022-12-18T02:21:09.024000Z,1,35.242587,92.893,7.190,provisional_derived,SENTINEL-2/S2MSI2A,2021-01-01,2026-07-24,2026-07-24T17:03:01+00:00
nusa-lembongan,Nusa Lembongan,2022-12-23T02:21:11.024000Z,1,97.402012,92.893,7.190,provisional_derived,SENTINEL-2/S2MSI2A,2021-01-01,2026-07-24,2026-07-24T17:03:01+00:00
nusa-lembongan,Nusa Lembongan,2022-12-28T02:21:09.024000Z,1,97.443008,92.893,7.190,provisional_derived,SENTINEL-2/S2MSI2A,2021-01-01,2026-07-24,2026-07-24T17:03:01+00:00
nusa-lembongan,Nusa Lembongan,2023-01-02T02:21:11.024000Z,1,99.999613,92.893,7.190,provisional_derived,SENTINEL-2/S2MSI2A,2021-01-01,2026-07-24,2026-07-24T17:03:01+00:00
nusa-lembongan,Nusa Lembongan,2023-01-07T02:20:59.024000Z,1,44.452372,92.893,7.190,provisional_derived,SENTINEL-2/S2MSI2A,2021-01-01,2026-07-24,2026-07-24T17:03:01+00:00
nusa-lembongan,Nusa Lembongan,2023-01-12T02:20:41.024000Z,1,35.704198,92.893,7.190,provisional_derived,SENTINEL-2/S2MSI2A,2021-01-01,2026-07-24,2026-07-24T17:03:01+00:00
nusa-lembongan,Nusa Lembongan,2023-01-17T02:20:29.024000Z,1,58.519101,92.893,7.190,provisional_derived,SENTINEL-2/S2MSI2A,2021-01-01,2026-07-24,2026-07-24T17:03:01+00:00
nusa-lembongan,Nusa Lembongan,2023-01-22T02:20:11.024000Z,1,52.50597,92.893,7.190,provisional_derived,SENTINEL-2/S2MSI2A,2021-01-01,2026-07-24,2026-07-24T17:03:01+00:00
nusa-lembongan,Nusa Lembongan,2023-01-27T02:19:49.024000Z,1,94.986027,92.893,7.190,provisional_derived,SENTINEL-2/S2MSI2A,2021-01-01,2026-07-24,2026-07-24T17:03:01+00:00
nusa-lembongan,Nusa Lembongan,2023-02-01T02:19:21.024000Z,1,93.880218,92.893,7.190,provisional_derived,SENTINEL-2/S2MSI2A,2021-01-01,2026-07-24,2026-07-24T17:03:01+00:00
nusa-lembongan,Nusa Lembongan,2023-02-06T02:18:49.024000Z,1,99.999285,92.893,7.190,provisional_derived,SENTINEL-2/S2MSI2A,2021-01-01,2026-07-24,2026-07-24T17:03:01+00:00
nusa-lembongan,Nusa Lembongan,2023-02-11T02:18:21.024000Z,1,23.966762,92.893,7.190,provisional_derived,SENTINEL-2/S2MSI2A,2021-01-01,2026-07-24,2026-07-24T17:03:01+00:00
nusa-lembongan,Nusa Lembongan,2023-02-16T02:17:49.024000Z,1,81.065202,92.893,7.190,provisional_derived,SENTINEL-2/S2MSI2A,2021-01-01,2026-07-24,2026-07-24T17:03:01+00:00
nusa-lembongan,Nusa Lembongan,2023-02-21T02:17:21.024000Z,1,29.769105,92.893,7.190,provisional_derived,SENTINEL-2/S2MSI2A,2021-01-01,2026-07-24,2026-07-24T17:03:01+00:00
nusa-lembongan,Nusa Lembongan,2023-02-26T02:16:49.025000Z,1,85.067481,92.893,7.190,provisional_derived,SENTINEL-2/S2MSI2A,2021-01-01,2026-07-24,2026-07-24T17:03:01+00:00
nusa-lembongan,Nusa Lembongan,2023-03-03T02:16:11.024000Z,1,40.594864,92.893,7.190,provisional_derived,SENTINEL-2/S2MSI2A,2021-01-01,2026-07-24,2026-07-24T17:03:01+00:00
nusa-lembongan,Nusa Lembongan,2023-03-08T02:15:39.025000Z,1,21.240559,92.893,7.190,provisional_derived,SENTINEL-2/S2MSI2A,2021-01-01,2026-07-24,2026-07-24T17:03:01+00:00
nusa-lembongan,Nusa Lembongan,2023-03-13T02:15:31.024000Z,1,26.711783,92.893,7.190,provisional_derived,SENTINEL-2/S2MSI2A,2021-01-01,2026-07-24,2026-07-24T17:03:01+00:00
nusa-lembongan,Nusa Lembongan,2023-03-18T02:15:39.024000Z,1,10.378662,92.893,7.190,provisional_derived,SENTINEL-2/S2MSI2A,2021-01-01,2026-07-24,2026-07-24T17:03:01+00:00
nusa-lembongan,Nusa Lembongan,2023-03-23T02:15:31.024000Z,1,65.745205,92.893,7.190,provisional_derived,SENTINEL-2/S2MSI2A,2021-01-01,2026-07-24,2026-07-24T17:03:01+00:00
nusa-lembongan,Nusa Lembongan,2023-03-28T02:15:39.024000Z,1,46.67961,92.893,7.190,provisional_derived,SENTINEL-2/S2MSI2A,2021-01-01,2026-07-24,2026-07-24T17:03:01+00:00
nusa-lembongan,Nusa Lembongan,2023-04-02T02:15:31.024000Z,1,98.58346,92.893,7.190,provisional_derived,SENTINEL-2/S2MSI2A,2021-01-01,2026-07-24,2026-07-24T17:03:01+00:00
nusa-lembongan,Nusa Lembongan,2023-04-07T02:15:39.024000Z,1,78.397673,92.893,7.190,provisional_derived,SENTINEL-2/S2MSI2A,2021-01-01,2026-07-24,2026-07-24T17:03:01+00:00
nusa-lembongan,Nusa Lembongan,2023-04-12T02:15:31.024000Z,1,99.787188,92.893,7.190,provisional_derived,SENTINEL-2/S2MSI2A,2021-01-01,2026-07-24,2026-07-24T17:03:01+00:00
nusa-lembongan,Nusa Lembongan,2023-04-22T02:15:31.024000Z,1,8.219684,92.893,7.190,provisional_derived,SENTINEL-2/S2MSI2A,2021-01-01,2026-07-24,2026-07-24T17:03:01+00:00
nusa-lembongan,Nusa Lembongan,2023-04-27T02:15:39.024000Z,1,28.494528,92.893,7.190,provisional_derived,SENTINEL-2/S2MSI2A,2021-01-01,2026-07-24,2026-07-24T17:03:01+00:00
nusa-lembongan,Nusa Lembongan,2023-05-02T02:15:31.024000Z,1,97.938198,92.893,7.190,provisional_derived,SENTINEL-2/S2MSI2A,2021-01-01,2026-07-24,2026-07-24T17:03:01+00:00
nusa-lembongan,Nusa Lembongan,2023-05-07T02:15:39.024000Z,1,15.527752,92.893,7.190,provisional_derived,SENTINEL-2/S2MSI2A,2021-01-01,2026-07-24,2026-07-24T17:03:01+00:00
nusa-lembongan,Nusa Lembongan,2023-05-12T02:15:31.024000Z,1,17.159329,92.893,7.190,provisional_derived,SENTINEL-2/S2MSI2A,2021-01-01,2026-07-24,2026-07-24T17:03:01+00:00
nusa-lembongan,Nusa Lembongan,2023-05-17T02:15:39.024000Z,2,25.249094999999997,92.893,7.190,provisional_derived,SENTINEL-2/S2MSI2A,2021-01-01,2026-07-24,2026-07-24T17:03:01+00:00
nusa-lembongan,Nusa Lembongan,2023-05-22T02:15:41.024000Z,1,8.264442,92.893,7.190,provisional_derived,SENTINEL-2/S2MSI2A,2021-01-01,2026-07-24,2026-07-24T17:03:01+00:00
nusa-lembongan,Nusa Lembongan,2023-05-27T02:15:39.024000Z,2,13.1026855,92.893,7.190,provisional_derived,SENTINEL-2/S2MSI2A,2021-01-01,2026-07-24,2026-07-24T17:03:01+00:00
nusa-lembongan,Nusa Lembongan,2023-06-01T02:16:11.024000Z,1,66.310036,92.893,7.190,provisional_derived,SENTINEL-2/S2MSI2A,2021-01-01,2026-07-24,2026-07-24T17:03:01+00:00
nusa-lembongan,Nusa Lembongan,2023-06-06T02:15:39.024000Z,2,27.998442999999998,92.893,7.190,provisional_derived,SENTINEL-2/S2MSI2A,2021-01-01,2026-07-24,2026-07-24T17:03:01+00:00
nusa-lembongan,Nusa Lembongan,2023-06-11T02:15:41.024000Z,1,45.891267,92.893,7.190,provisional_derived,SENTINEL-2/S2MSI2A,2021-01-01,2026-07-24,2026-07-24T17:03:01+00:00
nusa-lembongan,Nusa Lembongan,2023-06-16T02:15:39.024000Z,1,56.68758699999999,92.893,7.190,provisional_derived,SENTINEL-2/S2MSI2A,2021-01-01,2026-07-24,2026-07-24T17:03:01+00:00
nusa-lembongan,Nusa Lembongan,2023-06-21T02:15:41.024000Z,1,30.057758,92.893,7.190,provisional_derived,SENTINEL-2/S2MSI2A,2021-01-01,2026-07-24,2026-07-24T17:03:01+00:00
nusa-lembongan,Nusa Lembongan,2023-06-26T02:15:39.024000Z,2,7.6752875000000005,92.893,7.190,provisional_derived,SENTINEL-2/S2MSI2A,2021-01-01,2026-07-24,2026-07-24T17:03:01+00:00
nusa-lembongan,Nusa Lembongan,2023-07-01T02:15:41.024000Z,1,93.336993,92.893,7.190,provisional_derived,SENTINEL-2/S2MSI2A,2021-01-01,2026-07-24,2026-07-24T17:03:01+00:00
nusa-lembongan,Nusa Lembongan,2023-07-06T02:15:39.024000Z,2,52.7583855,92.893,7.190,provisional_derived,SENTINEL-2/S2MSI2A,2021-01-01,2026-07-24,2026-07-24T17:03:01+00:00
nusa-lembongan,Nusa Lembongan,2023-07-11T02:15:41.024000Z,1,21.044888,92.893,7.190,provisional_derived,SENTINEL-2/S2MSI2A,2021-01-01,2026-07-24,2026-07-24T17:03:01+00:00
nusa-lembongan,Nusa Lembongan,2023-07-16T02:15:39.024000Z,1,36.534244,92.893,7.190,provisional_derived,SENTINEL-2/S2MSI2A,2021-01-01,2026-07-24,2026-07-24T17:03:01+00:00
nusa-lembongan,Nusa Lembongan,2023-07-21T02:15:41.024000Z,1,14.022435,92.893,7.190,provisional_derived,SENTINEL-2/S2MSI2A,2021-01-01,2026-07-24,2026-07-24T17:03:01+00:00
nusa-lembongan,Nusa Lembongan,2023-07-26T02:15:39.024000Z,1,36.063743,92.893,7.190,provisional_derived,SENTINEL-2/S2MSI2A,2021-01-01,2026-07-24,2026-07-24T17:03:01+00:00
nusa-lembongan,Nusa Lembongan,2023-07-31T02:15:41.024000Z,1,29.223311,92.893,7.190,provisional_derived,SENTINEL-2/S2MSI2A,2021-01-01,2026-07-24,2026-07-24T17:03:01+00:00
nusa-lembongan,Nusa Lembongan,2023-08-05T02:15:39.024000Z,2,28.222257499999998,92.893,7.190,provisional_derived,SENTINEL-2/S2MSI2A,2021-01-01,2026-07-24,2026-07-24T17:03:01+00:00
nusa-lembongan,Nusa Lembongan,2023-08-10T02:15:41.024000Z,1,2.202119,92.893,7.190,provisional_derived,SENTINEL-2/S2MSI2A,2021-01-01,2026-07-24,2026-07-24T17:03:01+00:00
nusa-lembongan,Nusa Lembongan,2023-08-15T02:15:39.024000Z,1,20.397,92.893,7.190,provisional_derived,SENTINEL-2/S2MSI2A,2021-01-01,2026-07-24,2026-07-24T17:03:01+00:00
nusa-lembongan,Nusa Lembongan,2023-08-20T02:15:41.024000Z,1,12.455761,92.893,7.190,provisional_derived,SENTINEL-2/S2MSI2A,2021-01-01,2026-07-24,2026-07-24T17:03:01+00:00
nusa-lembongan,Nusa Lembongan,2023-08-25T02:15:39.024000Z,1,19.432457,92.893,7.190,provisional_derived,SENTINEL-2/S2MSI2A,2021-01-01,2026-07-24,2026-07-24T17:03:01+00:00
nusa-lembongan,Nusa Lembongan,2023-08-30T02:15:41.024000Z,1,2.712556,92.893,7.190,provisional_derived,SENTINEL-2/S2MSI2A,2021-01-01,2026-07-24,2026-07-24T17:03:01+00:00
nusa-lembongan,Nusa Lembongan,2023-09-04T02:15:39.024000Z,1,9.147093,92.893,7.190,provisional_derived,SENTINEL-2/S2MSI2A,2021-01-01,2026-07-24,2026-07-24T17:03:01+00:00
nusa-lembongan,Nusa Lembongan,2023-09-09T02:15:41.024000Z,1,3.281489,92.893,7.190,provisional_derived,SENTINEL-2/S2MSI2A,2021-01-01,2026-07-24,2026-07-24T17:03:01+00:00
nusa-lembongan,Nusa Lembongan,2023-09-14T02:16:09.024000Z,1,61.746842,92.893,7.190,provisional_derived,SENTINEL-2/S2MSI2A,2021-01-01,2026-07-24,2026-07-24T17:03:01+00:00
nusa-lembongan,Nusa Lembongan,2023-09-19T02:15:41.024000Z,1,17.842054,92.893,7.190,provisional_derived,SENTINEL-2/S2MSI2A,2021-01-01,2026-07-24,2026-07-24T17:03:01+00:00
nusa-lembongan,Nusa Lembongan,2023-09-24T02:15:39.024000Z,1,5.204939,92.893,7.190,provisional_derived,SENTINEL-2/S2MSI2A,2021-01-01,2026-07-24,2026-07-24T17:03:01+00:00
nusa-lembongan,Nusa Lembongan,2023-09-29T02:15:31.024000Z,1,8.130046,92.893,7.190,provisional_derived,SENTINEL-2/S2MSI2A,2021-01-01,2026-07-24,2026-07-24T17:03:01+00:00
nusa-lembongan,Nusa Lembongan,2023-10-04T02:15:29.024000Z,1,14.460213,92.893,7.190,provisional_derived,SENTINEL-2/S2MSI2A,2021-01-01,2026-07-24,2026-07-24T17:03:01+00:00
nusa-lembongan,Nusa Lembongan,2023-10-09T02:16:01.024000Z,1,16.088131,92.893,7.190,provisional_derived,SENTINEL-2/S2MSI2A,2021-01-01,2026-07-24,2026-07-24T17:03:01+00:00
nusa-lembongan,Nusa Lembongan,2023-10-14T02:16:39.024000Z,1,3.715469,92.893,7.190,provisional_derived,SENTINEL-2/S2MSI2A,2021-01-01,2026-07-24,2026-07-24T17:03:01+00:00
nusa-lembongan,Nusa Lembongan,2023-10-19T02:17:11.024000Z,1,8.242375,92.893,7.190,provisional_derived,SENTINEL-2/S2MSI2A,2021-01-01,2026-07-24,2026-07-24T17:03:01+00:00
nusa-lembongan,Nusa Lembongan,2023-10-24T02:17:39.024000Z,1,12.209648,92.893,7.190,provisional_derived,SENTINEL-2/S2MSI2A,2021-01-01,2026-07-24,2026-07-24T17:03:01+00:00
nusa-lembongan,Nusa Lembongan,2023-10-29T02:18:11.024000Z,1,11.779822,92.893,7.190,provisional_derived,SENTINEL-2/S2MSI2A,2021-01-01,2026-07-24,2026-07-24T17:03:01+00:00
nusa-lembongan,Nusa Lembongan,2023-11-03T02:18:39.024000Z,1,32.675698,92.893,7.190,provisional_derived,SENTINEL-2/S2MSI2A,2021-01-01,2026-07-24,2026-07-24T17:03:01+00:00
nusa-lembongan,Nusa Lembongan,2023-11-08T02:19:01.024000Z,1,3.879257,92.893,7.190,provisional_derived,SENTINEL-2/S2MSI2A,2021-01-01,2026-07-24,2026-07-24T17:03:01+00:00
nusa-lembongan,Nusa Lembongan,2023-11-13T02:19:29.024000Z,1,45.188332,92.893,7.190,provisional_derived,SENTINEL-2/S2MSI2A,2021-01-01,2026-07-24,2026-07-24T17:03:01+00:00
nusa-lembongan,Nusa Lembongan,2023-11-18T02:19:51.024000Z,1,17.054701,92.893,7.190,provisional_derived,SENTINEL-2/S2MSI2A,2021-01-01,2026-07-24,2026-07-24T17:03:01+00:00
nusa-lembongan,Nusa Lembongan,2023-11-23T02:20:09.024000Z,1,75.747371,92.893,7.190,provisional_derived,SENTINEL-2/S2MSI2A,2021-01-01,2026-07-24,2026-07-24T17:03:01+00:00
nusa-lembongan,Nusa Lembongan,2023-11-28T02:20:31.024000Z,1,48.940185,92.893,7.190,provisional_derived,SENTINEL-2/S2MSI2A,2021-01-01,2026-07-24,2026-07-24T17:03:01+00:00
nusa-lembongan,Nusa Lembongan,2023-12-03T02:20:49.024000Z,1,40.858594,92.893,7.190,provisional_derived,SENTINEL-2/S2MSI2A,2021-01-01,2026-07-24,2026-07-24T17:03:01+00:00
nusa-lembongan,Nusa Lembongan,2023-12-08T02:20:51.024000Z,1,83.718228,92.893,7.190,provisional_derived,SENTINEL-2/S2MSI2A,2021-01-01,2026-07-24,2026-07-24T17:03:01+00:00
nusa-lembongan,Nusa Lembongan,2023-12-13T02:21:09.024000Z,1,66.237962,92.893,7.190,provisional_derived,SENTINEL-2/S2MSI2A,2021-01-01,2026-07-24,2026-07-24T17:03:01+00:00
nusa-lembongan,Nusa Lembongan,2023-12-18T02:21:11.024000Z,1,18.499899,92.893,7.190,provisional_derived,SENTINEL-2/S2MSI2A,2021-01-01,2026-07-24,2026-07-24T17:03:01+00:00
nusa-lembongan,Nusa Lembongan,2023-12-23T02:21:19.024000Z,1,8.695887,92.893,7.190,provisional_derived,SENTINEL-2/S2MSI2A,2021-01-01,2026-07-24,2026-07-24T17:03:01+00:00
nusa-lembongan,Nusa Lembongan,2023-12-28T02:21:11.024000Z,1,27.716222,92.893,7.190,provisional_derived,SENTINEL-2/S2MSI2A,2021-01-01,2026-07-24,2026-07-24T17:03:01+00:00
nusa-lembongan,Nusa Lembongan,2024-01-02T02:21:09.024000Z,1,22.21328,92.893,7.190,provisional_derived,SENTINEL-2/S2MSI2A,2021-01-01,2026-07-24,2026-07-24T17:03:01+00:00
nusa-lembongan,Nusa Lembongan,2024-01-07T02:21:01.024000Z,1,18.356536,92.893,7.190,provisional_derived,SENTINEL-2/S2MSI2A,2021-01-01,2026-07-24,2026-07-24T17:03:01+00:00
nusa-lembongan,Nusa Lembongan,2024-01-12T02:20:49.024000Z,1,99.732631,92.893,7.190,provisional_derived,SENTINEL-2/S2MSI2A,2021-01-01,2026-07-24,2026-07-24T17:03:01+00:00
nusa-lembongan,Nusa Lembongan,2024-01-17T02:20:21.024000Z,1,61.836928,92.893,7.190,provisional_derived,SENTINEL-2/S2MSI2A,2021-01-01,2026-07-24,2026-07-24T17:03:01+00:00
nusa-lembongan,Nusa Lembongan,2024-01-22T02:20:09.024000Z,1,85.229987,92.893,7.190,provisional_derived,SENTINEL-2/S2MSI2A,2021-01-01,2026-07-24,2026-07-24T17:03:01+00:00
nusa-lembongan,Nusa Lembongan,2024-01-27T02:19:41.024000Z,1,67.990148,92.893,7.190,provisional_derived,SENTINEL-2/S2MSI2A,2021-01-01,2026-07-24,2026-07-24T17:03:01+00:00
nusa-lembongan,Nusa Lembongan,2024-02-01T02:19:19.024000Z,1,60.934299,92.893,7.190,provisional_derived,SENTINEL-2/S2MSI2A,2021-01-01,2026-07-24,2026-07-24T17:03:01+00:00
nusa-lembongan,Nusa Lembongan,2024-02-06T02:18:51.024000Z,1,37.082478,92.893,7.190,provisional_derived,SENTINEL-2/S2MSI2A,2021-01-01,2026-07-24,2026-07-24T17:03:01+00:00
nusa-lembongan,Nusa Lembongan,2024-02-11T02:18:29.024000Z,1,86.480743,92.893,7.190,provisional_derived,SENTINEL-2/S2MSI2A,2021-01-01,2026-07-24,2026-07-24T17:03:01+00:00
nusa-lembongan,Nusa Lembongan,2024-02-16T02:17:51.024000Z,1,18.728819,92.893,7.190,provisional_derived,SENTINEL-2/S2MSI2A,2021-01-01,2026-07-24,2026-07-24T17:03:01+00:00
nusa-lembongan,Nusa Lembongan,2024-02-21T02:17:29.024000Z,1,58.29289,92.893,7.190,provisional_derived,SENTINEL-2/S2MSI2A,2021-01-01,2026-07-24,2026-07-24T17:03:01+00:00
nusa-lembongan,Nusa Lembongan,2024-02-26T02:16:51.024000Z,1,95.721835,92.893,7.190,provisional_derived,SENTINEL-2/S2MSI2A,2021-01-01,2026-07-24,2026-07-24T17:03:01+00:00
nusa-lembongan,Nusa Lembongan,2024-03-02T02:16:09.024000Z,1,38.888016,92.893,7.190,provisional_derived,SENTINEL-2/S2MSI2A,2021-01-01,2026-07-24,2026-07-24T17:03:01+00:00
nusa-lembongan,Nusa Lembongan,2024-03-07T02:15:41.024000Z,1,99.937987,92.893,7.190,provisional_derived,SENTINEL-2/S2MSI2A,2021-01-01,2026-07-24,2026-07-24T17:03:01+00:00
nusa-lembongan,Nusa Lembongan,2024-03-12T02:15:29.024000Z,1,99.192625,92.893,7.190,provisional_derived,SENTINEL-2/S2MSI2A,2021-01-01,2026-07-24,2026-07-24T17:03:01+00:00
nusa-lembongan,Nusa Lembongan,2024-03-17T02:15:31.024000Z,1,48.535714,92.893,7.190,provisional_derived,SENTINEL-2/S2MSI2A,2021-01-01,2026-07-24,2026-07-24T17:03:01+00:00
nusa-lembongan,Nusa Lembongan,2024-03-22T02:15:29.024000Z,1,16.097279,92.893,7.190,provisional_derived,SENTINEL-2/S2MSI2A,2021-01-01,2026-07-24,2026-07-24T17:03:01+00:00
nusa-lembongan,Nusa Lembongan,2024-03-27T02:15:31.024000Z,1,44.195145,92.893,7.190,provisional_derived,SENTINEL-2/S2MSI2A,2021-01-01,2026-07-24,2026-07-24T17:03:01+00:00
nusa-lembongan,Nusa Lembongan,2024-04-01T02:15:29.024000Z,1,85.655433,92.893,7.190,provisional_derived,SENTINEL-2/S2MSI2A,2021-01-01,2026-07-24,2026-07-24T17:03:01+00:00
nusa-lembongan,Nusa Lembongan,2024-04-06T02:15:31.024000Z,1,35.227641,92.893,7.190,provisional_derived,SENTINEL-2/S2MSI2A,2021-01-01,2026-07-24,2026-07-24T17:03:01+00:00
nusa-lembongan,Nusa Lembongan,2024-04-11T02:15:29.024000Z,1,19.025311,92.893,7.190,provisional_derived,SENTINEL-2/S2MSI2A,2021-01-01,2026-07-24,2026-07-24T17:03:01+00:00
nusa-lembongan,Nusa Lembongan,2024-04-16T02:16:11.024000Z,1,62.295908,92.893,7.190,provisional_derived,SENTINEL-2/S2MSI2A,2021-01-01,2026-07-24,2026-07-24T17:03:01+00:00
nusa-lembongan,Nusa Lembongan,2024-04-21T02:15:29.024000Z,2,48.924055499999994,92.893,7.190,provisional_derived,SENTINEL-2/S2MSI2A,2021-01-01,2026-07-24,2026-07-24T17:03:01+00:00
nusa-lembongan,Nusa Lembongan,2024-04-26T02:16:11.024000Z,1,64.478773,92.893,7.190,provisional_derived,SENTINEL-2/S2MSI2A,2021-01-01,2026-07-24,2026-07-24T17:03:01+00:00
nusa-lembongan,Nusa Lembongan,2024-05-01T02:15:29.024000Z,1,55.320883,92.893,7.190,provisional_derived,SENTINEL-2/S2MSI2A,2021-01-01,2026-07-24,2026-07-24T17:03:01+00:00
nusa-lembongan,Nusa Lembongan,2024-05-06T02:16:11.024000Z,1,77.302134,92.893,7.190,provisional_derived,SENTINEL-2/S2MSI2A,2021-01-01,2026-07-24,2026-07-24T17:03:01+00:00
nusa-lembongan,Nusa Lembongan,2024-05-11T02:15:29.024000Z,2,3.837443,92.893,7.190,provisional_derived,SENTINEL-2/S2MSI2A,2021-01-01,2026-07-24,2026-07-24T17:03:01+00:00
nusa-lembongan,Nusa Lembongan,2024-05-16T02:16:11.024000Z,1,14.958073,92.893,7.190,provisional_derived,SENTINEL-2/S2MSI2A,2021-01-01,2026-07-24,2026-07-24T17:03:01+00:00
nusa-lembongan,Nusa Lembongan,2024-05-21T02:15:29.024000Z,1,25.501391,92.893,7.190,provisional_derived,SENTINEL-2/S2MSI2A,2021-01-01,2026-07-24,2026-07-24T17:03:01+00:00
nusa-lembongan,Nusa Lembongan,2024-05-26T02:16:01.024000Z,1,40.128955,92.893,7.190,provisional_derived,SENTINEL-2/S2MSI2A,2021-01-01,2026-07-24,2026-07-24T17:03:01+00:00
nusa-lembongan,Nusa Lembongan,2024-05-31T02:15:29.024000Z,2,30.9482365,92.893,7.190,provisional_derived,SENTINEL-2/S2MSI2A,2021-01-01,2026-07-24,2026-07-24T17:03:01+00:00
nusa-lembongan,Nusa Lembongan,2024-06-05T02:16:11.024000Z,1,50.688231,92.893,7.190,provisional_derived,SENTINEL-2/S2MSI2A,2021-01-01,2026-07-24,2026-07-24T17:03:01+00:00
nusa-lembongan,Nusa Lembongan,2024-06-10T02:15:39.024000Z,1,17.653196,92.893,7.190,provisional_derived,SENTINEL-2/S2MSI2A,2021-01-01,2026-07-24,2026-07-24T17:03:01+00:00
nusa-lembongan,Nusa Lembongan,2024-06-15T02:16:11.024000Z,1,7.369186,92.893,7.190,provisional_derived,SENTINEL-2/S2MSI2A,2021-01-01,2026-07-24,2026-07-24T17:03:01+00:00
nusa-lembongan,Nusa Lembongan,2024-06-20T02:15:39.024000Z,1,18.51894,92.893,7.190,provisional_derived,SENTINEL-2/S2MSI2A,2021-01-01,2026-07-24,2026-07-24T17:03:01+00:00
nusa-lembongan,Nusa Lembongan,2024-06-25T02:15:41.024000Z,1,27.664661,92.893,7.190,provisional_derived,SENTINEL-2/S2MSI2A,2021-01-01,2026-07-24,2026-07-24T17:03:01+00:00
nusa-lembongan,Nusa Lembongan,2024-06-30T02:15:39.024000Z,1,62.869942,92.893,7.190,provisional_derived,SENTINEL-2/S2MSI2A,2021-01-01,2026-07-24,2026-07-24T17:03:01+00:00
nusa-lembongan,Nusa Lembongan,2024-07-05T02:15:41.024000Z,1,12.779015,92.893,7.190,provisional_derived,SENTINEL-2/S2MSI2A,2021-01-01,2026-07-24,2026-07-24T17:03:01+00:00
nusa-lembongan,Nusa Lembongan,2024-07-10T02:15:39.024000Z,1,81.131363,92.893,7.190,provisional_derived,SENTINEL-2/S2MSI2A,2021-01-01,2026-07-24,2026-07-24T17:03:01+00:00
nusa-lembongan,Nusa Lembongan,2024-07-15T02:16:01.024000Z,1,14.310901,92.893,7.190,provisional_derived,SENTINEL-2/S2MSI2A,2021-01-01,2026-07-24,2026-07-24T17:03:01+00:00
nusa-lembongan,Nusa Lembongan,2024-07-20T02:15:39.024000Z,2,20.987524,92.893,7.190,provisional_derived,SENTINEL-2/S2MSI2A,2021-01-01,2026-07-24,2026-07-24T17:03:01+00:00
nusa-lembongan,Nusa Lembongan,2024-07-25T02:16:11.024000Z,1,17.876394,92.893,7.190,provisional_derived,SENTINEL-2/S2MSI2A,2021-01-01,2026-07-24,2026-07-24T17:03:01+00:00
nusa-lembongan,Nusa Lembongan,2024-07-30T02:15:39.024000Z,2,52.3461995,92.893,7.190,provisional_derived,SENTINEL-2/S2MSI2A,2021-01-01,2026-07-24,2026-07-24T17:03:01+00:00
nusa-lembongan,Nusa Lembongan,2024-08-04T02:15:31.024000Z,1,14.163728,92.893,7.190,provisional_derived,SENTINEL-2/S2MSI2A,2021-01-01,2026-07-24,2026-07-24T17:03:01+00:00
nusa-lembongan,Nusa Lembongan,2024-08-09T02:15:39.024000Z,1,34.300297,92.893,7.190,provisional_derived,SENTINEL-2/S2MSI2A,2021-01-01,2026-07-24,2026-07-24T17:03:01+00:00
nusa-lembongan,Nusa Lembongan,2024-08-14T02:16:01.024000Z,1,11.600243,92.893,7.190,provisional_derived,SENTINEL-2/S2MSI2A,2021-01-01,2026-07-24,2026-07-24T17:03:01+00:00
nusa-lembongan,Nusa Lembongan,2024-08-19T02:15:39.024000Z,1,16.331595,92.893,7.190,provisional_derived,SENTINEL-2/S2MSI2A,2021-01-01,2026-07-24,2026-07-24T17:03:01+00:00
nusa-lembongan,Nusa Lembongan,2024-08-24T02:15:31.024000Z,1,31.375685,92.893,7.190,provisional_derived,SENTINEL-2/S2MSI2A,2021-01-01,2026-07-24,2026-07-24T17:03:01+00:00
nusa-lembongan,Nusa Lembongan,2024-08-29T02:15:39.024000Z,1,18.941632,92.893,7.190,provisional_derived,SENTINEL-2/S2MSI2A,2021-01-01,2026-07-24,2026-07-24T17:03:01+00:00
nusa-lembongan,Nusa Lembongan,2024-09-03T02:16:01.024000Z,1,26.981342,92.893,7.190,provisional_derived,SENTINEL-2/S2MSI2A,2021-01-01,2026-07-24,2026-07-24T17:03:01+00:00
nusa-lembongan,Nusa Lembongan,2024-09-08T02:15:39.024000Z,1,19.466306,92.893,7.190,provisional_derived,SENTINEL-2/S2MSI2A,2021-01-01,2026-07-24,2026-07-24T17:03:01+00:00
nusa-lembongan,Nusa Lembongan,2024-09-13T02:15:31.024000Z,1,3.233553,92.893,7.190,provisional_derived,SENTINEL-2/S2MSI2A,2021-01-01,2026-07-24,2026-07-24T17:03:01+00:00
nusa-lembongan,Nusa Lembongan,2024-09-18T02:15:29.024000Z,1,17.534064,92.893,7.190,provisional_derived,SENTINEL-2/S2MSI2A,2021-01-01,2026-07-24,2026-07-24T17:03:01+00:00
nusa-lembongan,Nusa Lembongan,2024-09-23T02:15:31.024000Z,1,23.795399,92.893,7.190,provisional_derived,SENTINEL-2/S2MSI2A,2021-01-01,2026-07-24,2026-07-24T17:03:01+00:00
nusa-lembongan,Nusa Lembongan,2024-09-28T02:15:29.024000Z,1,7.52544,92.893,7.190,provisional_derived,SENTINEL-2/S2MSI2A,2021-01-01,2026-07-24,2026-07-24T17:03:01+00:00
nusa-lembongan,Nusa Lembongan,2024-10-03T02:15:31.024000Z,2,87.11205749999999,92.893,7.190,provisional_derived,SENTINEL-2/S2MSI2A,2021-01-01,2026-07-24,2026-07-24T17:03:01+00:00
nusa-lembongan,Nusa Lembongan,2024-10-08T02:15:29.024000Z,1,10.605913,92.893,7.190,provisional_derived,SENTINEL-2/S2MSI2A,2021-01-01,2026-07-24,2026-07-24T17:03:01+00:00
nusa-lembongan,Nusa Lembongan,2024-10-13T02:16:31.024000Z,1,7.885488,92.893,7.190,provisional_derived,SENTINEL-2/S2MSI2A,2021-01-01,2026-07-24,2026-07-24T17:03:01+00:00
nusa-lembongan,Nusa Lembongan,2024-10-18T02:16:09.024000Z,1,26.449767,92.893,7.190,provisional_derived,SENTINEL-2/S2MSI2A,2021-01-01,2026-07-24,2026-07-24T17:03:01+00:00
nusa-lembongan,Nusa Lembongan,2024-10-23T02:17:41.024000Z,1,45.886934,92.893,7.190,provisional_derived,SENTINEL-2/S2MSI2A,2021-01-01,2026-07-24,2026-07-24T17:03:01+00:00
nusa-lembongan,Nusa Lembongan,2024-10-28T02:17:19.024000Z,1,7.041523,92.893,7.190,provisional_derived,SENTINEL-2/S2MSI2A,2021-01-01,2026-07-24,2026-07-24T17:03:01+00:00
nusa-lembongan,Nusa Lembongan,2024-11-02T02:18:41.024000Z,1,27.13047,92.893,7.190,provisional_derived,SENTINEL-2/S2MSI2A,2021-01-01,2026-07-24,2026-07-24T17:03:01+00:00
nusa-lembongan,Nusa Lembongan,2024-11-07T02:18:09.024000Z,1,50.098479,92.893,7.190,provisional_derived,SENTINEL-2/S2MSI2A,2021-01-01,2026-07-24,2026-07-24T17:03:01+00:00
nusa-lembongan,Nusa Lembongan,2024-11-12T02:19:31.024000Z,1,38.818073,92.893,7.190,provisional_derived,SENTINEL-2/S2MSI2A,2021-01-01,2026-07-24,2026-07-24T17:03:01+00:00
nusa-lembongan,Nusa Lembongan,2024-11-17T02:18:59.024000Z,1,42.631462,92.893,7.190,provisional_derived,SENTINEL-2/S2MSI2A,2021-01-01,2026-07-24,2026-07-24T17:03:01+00:00
nusa-lembongan,Nusa Lembongan,2024-11-22T02:20:11.024000Z,1,33.516631,92.893,7.190,provisional_derived,SENTINEL-2/S2MSI2A,2021-01-01,2026-07-24,2026-07-24T17:03:01+00:00
nusa-lembongan,Nusa Lembongan,2024-11-27T02:19:39.024000Z,1,84.541845,92.893,7.190,provisional_derived,SENTINEL-2/S2MSI2A,2021-01-01,2026-07-24,2026-07-24T17:03:01+00:00
nusa-lembongan,Nusa Lembongan,2024-12-02T02:20:51.024000Z,1,89.710474,92.893,7.190,provisional_derived,SENTINEL-2/S2MSI2A,2021-01-01,2026-07-24,2026-07-24T17:03:01+00:00
nusa-lembongan,Nusa Lembongan,2024-12-07T02:20:09.024000Z,1,94.144738,92.893,7.190,provisional_derived,SENTINEL-2/S2MSI2A,2021-01-01,2026-07-24,2026-07-24T17:03:01+00:00
nusa-lembongan,Nusa Lembongan,2024-12-12T02:21:11.024000Z,2,98.5452445,92.893,7.190,provisional_derived,SENTINEL-2/S2MSI2A,2021-01-01,2026-07-24,2026-07-24T17:03:01+00:00
nusa-lembongan,Nusa Lembongan,2024-12-12T02:21:41.025000Z,2,99.2567895,92.893,7.190,provisional_derived,SENTINEL-2/S2MSI2A,2021-01-01,2026-07-24,2026-07-24T17:03:01+00:00
nusa-lembongan,Nusa Lembongan,2024-12-17T02:20:19.024000Z,1,79.869038,92.893,7.190,provisional_derived,SENTINEL-2/S2MSI2A,2021-01-01,2026-07-24,2026-07-24T17:03:01+00:00
nusa-lembongan,Nusa Lembongan,2024-12-22T02:21:21.024000Z,1,100.0,92.893,7.190,provisional_derived,SENTINEL-2/S2MSI2A,2021-01-01,2026-07-24,2026-07-24T17:03:01+00:00
nusa-lembongan,Nusa Lembongan,2024-12-27T02:20:19.024000Z,1,77.065855,92.893,7.190,provisional_derived,SENTINEL-2/S2MSI2A,2021-01-01,2026-07-24,2026-07-24T17:03:01+00:00
nusa-lembongan,Nusa Lembongan,2025-01-01T02:21:11.024000Z,1,99.998486,92.893,7.190,provisional_derived,SENTINEL-2/S2MSI2A,2021-01-01,2026-07-24,2026-07-24T17:03:01+00:00
nusa-lembongan,Nusa Lembongan,2025-01-06T02:20:09.024000Z,1,92.038351,92.893,7.190,provisional_derived,SENTINEL-2/S2MSI2A,2021-01-01,2026-07-24,2026-07-24T17:03:01+00:00
nusa-lembongan,Nusa Lembongan,2025-01-11T02:20:51.024000Z,1,99.998778,92.893,7.190,provisional_derived,SENTINEL-2/S2MSI2A,2021-01-01,2026-07-24,2026-07-24T17:03:01+00:00
nusa-lembongan,Nusa Lembongan,2025-01-16T02:19:39.024000Z,1,99.992418,92.893,7.190,provisional_derived,SENTINEL-2/S2MSI2A,2021-01-01,2026-07-24,2026-07-24T17:03:01+00:00
nusa-lembongan,Nusa Lembongan,2025-01-21T02:20:11.024000Z,1,89.007169,92.893,7.190,provisional_derived,SENTINEL-2/S2MSI2A,2021-01-01,2026-07-24,2026-07-24T17:03:01+00:00
nusa-lembongan,Nusa Lembongan,2025-01-26T02:18:59.024000Z,1,99.05265,92.893,7.190,provisional_derived,SENTINEL-2/S2MSI2A,2021-01-01,2026-07-24,2026-07-24T17:03:01+00:00
nusa-lembongan,Nusa Lembongan,2025-01-31T02:19:51.025000Z,1,99.99826,92.893,7.190,provisional_derived,SENTINEL-2/S2MSI2A,2021-01-01,2026-07-24,2026-07-24T17:03:01+00:00
nusa-lembongan,Nusa Lembongan,2025-02-05T02:18:09.024000Z,1,29.046714,92.893,7.190,provisional_derived,SENTINEL-2/S2MSI2A,2021-01-01,2026-07-24,2026-07-24T17:03:01+00:00
nusa-lembongan,Nusa Lembongan,2025-02-10T02:19:01.025000Z,1,100.0,92.893,7.190,provisional_derived,SENTINEL-2/S2MSI2A,2021-01-01,2026-07-24,2026-07-24T17:03:01+00:00
nusa-lembongan,Nusa Lembongan,2025-02-15T02:17:09.024000Z,1,34.708405,92.893,7.190,provisional_derived,SENTINEL-2/S2MSI2A,2021-01-01,2026-07-24,2026-07-24T17:03:01+00:00
nusa-lembongan,Nusa Lembongan,2025-02-25T02:16:09.024000Z,1,33.720589,92.893,7.190,provisional_derived,SENTINEL-2/S2MSI2A,2021-01-01,2026-07-24,2026-07-24T17:03:01+00:00
nusa-lembongan,Nusa Lembongan,2025-03-02T02:16:41.025000Z,1,15.178248,92.893,7.190,provisional_derived,SENTINEL-2/S2MSI2A,2021-01-01,2026-07-24,2026-07-24T17:03:01+00:00
nusa-lembongan,Nusa Lembongan,2025-03-07T02:15:39.024000Z,1,52.025086,92.893,7.190,provisional_derived,SENTINEL-2/S2MSI2A,2021-01-01,2026-07-24,2026-07-24T17:03:01+00:00
nusa-lembongan,Nusa Lembongan,2025-03-12T02:16:01.025000Z,1,20.207265,92.893,7.190,provisional_derived,SENTINEL-2/S2MSI2A,2021-01-01,2026-07-24,2026-07-24T17:03:01+00:00
nusa-lembongan,Nusa Lembongan,2025-03-14T02:21:31.024000Z,1,89.774472,92.893,7.190,provisional_derived,SENTINEL-2/S2MSI2A,2021-01-01,2026-07-24,2026-07-24T17:03:01+00:00
nusa-lembongan,Nusa Lembongan,2025-03-17T02:15:39.024000Z,1,69.34427,92.893,7.190,provisional_derived,SENTINEL-2/S2MSI2A,2021-01-01,2026-07-24,2026-07-24T17:03:01+00:00
nusa-lembongan,Nusa Lembongan,2025-03-22T02:16:01.025000Z,1,99.848074,92.893,7.190,provisional_derived,SENTINEL-2/S2MSI2A,2021-01-01,2026-07-24,2026-07-24T17:03:01+00:00
nusa-lembongan,Nusa Lembongan,2025-03-27T02:15:39.024000Z,1,86.82642,92.893,7.190,provisional_derived,SENTINEL-2/S2MSI2A,2021-01-01,2026-07-24,2026-07-24T17:03:01+00:00
nusa-lembongan,Nusa Lembongan,2025-04-01T02:16:01.025000Z,1,61.959702,92.893,7.190,provisional_derived,SENTINEL-2/S2MSI2A,2021-01-01,2026-07-24,2026-07-24T17:03:01+00:00
nusa-lembongan,Nusa Lembongan,2025-04-03T02:21:31.024000Z,1,11.767904,92.893,7.190,provisional_derived,SENTINEL-2/S2MSI2A,2021-01-01,2026-07-24,2026-07-24T17:03:01+00:00
nusa-lembongan,Nusa Lembongan,2025-04-06T02:15:29.024000Z,1,30.421728,92.893,7.190,provisional_derived,SENTINEL-2/S2MSI2A,2021-01-01,2026-07-24,2026-07-24T17:03:01+00:00
nusa-lembongan,Nusa Lembongan,2025-04-11T02:16:31.025000Z,1,60.0218,92.893,7.190,provisional_derived,SENTINEL-2/S2MSI2A,2021-01-01,2026-07-24,2026-07-24T17:03:01+00:00
nusa-lembongan,Nusa Lembongan,2025-04-16T02:15:39.024000Z,2,62.953201,92.893,7.190,provisional_derived,SENTINEL-2/S2MSI2A,2021-01-01,2026-07-24,2026-07-24T17:03:01+00:00
nusa-lembongan,Nusa Lembongan,2025-04-21T02:16:21.025000Z,1,57.680619,92.893,7.190,provisional_derived,SENTINEL-2/S2MSI2A,2021-01-01,2026-07-24,2026-07-24T17:03:01+00:00
nusa-lembongan,Nusa Lembongan,2025-04-23T02:21:31.024000Z,1,15.62973,92.893,7.190,provisional_derived,SENTINEL-2/S2MSI2A,2021-01-01,2026-07-24,2026-07-24T17:03:01+00:00
nusa-lembongan,Nusa Lembongan,2025-04-26T02:15:29.024000Z,2,15.873095,92.893,7.190,provisional_derived,SENTINEL-2/S2MSI2A,2021-01-01,2026-07-24,2026-07-24T17:03:01+00:00
nusa-lembongan,Nusa Lembongan,2025-05-01T02:16:21.025000Z,1,18.600751,92.893,7.190,provisional_derived,SENTINEL-2/S2MSI2A,2021-01-01,2026-07-24,2026-07-24T17:03:01+00:00
nusa-lembongan,Nusa Lembongan,2025-05-06T02:15:39.024000Z,1,53.106207,92.893,7.190,provisional_derived,SENTINEL-2/S2MSI2A,2021-01-01,2026-07-24,2026-07-24T17:03:01+00:00
nusa-lembongan,Nusa Lembongan,2025-05-11T02:15:51.025000Z,1,14.952461,92.893,7.190,provisional_derived,SENTINEL-2/S2MSI2A,2021-01-01,2026-07-24,2026-07-24T17:03:01+00:00
nusa-lembongan,Nusa Lembongan,2025-05-13T02:21:31.024000Z,1,31.961638,92.893,7.190,provisional_derived,SENTINEL-2/S2MSI2A,2021-01-01,2026-07-24,2026-07-24T17:03:01+00:00
nusa-lembongan,Nusa Lembongan,2025-05-16T02:15:29.024000Z,1,18.011515,92.893,7.190,provisional_derived,SENTINEL-2/S2MSI2A,2021-01-01,2026-07-24,2026-07-24T17:03:01+00:00
nusa-lembongan,Nusa Lembongan,2025-05-21T02:15:51.025000Z,1,96.859044,92.893,7.190,provisional_derived,SENTINEL-2/S2MSI2A,2021-01-01,2026-07-24,2026-07-24T17:03:01+00:00
nusa-lembongan,Nusa Lembongan,2025-05-26T02:15:39.024000Z,1,90.199012,92.893,7.190,provisional_derived,SENTINEL-2/S2MSI2A,2021-01-01,2026-07-24,2026-07-24T17:03:01+00:00
nusa-lembongan,Nusa Lembongan,2025-05-31T02:16:21.024000Z,1,25.552675,92.893,7.190,provisional_derived,SENTINEL-2/S2MSI2A,2021-01-01,2026-07-24,2026-07-24T17:03:01+00:00
nusa-lembongan,Nusa Lembongan,2025-06-02T02:21:31.024000Z,1,51.739126,92.893,7.190,provisional_derived,SENTINEL-2/S2MSI2A,2021-01-01,2026-07-24,2026-07-24T17:03:01+00:00
nusa-lembongan,Nusa Lembongan,2025-06-05T02:15:29.024000Z,1,18.738265,92.893,7.190,provisional_derived,SENTINEL-2/S2MSI2A,2021-01-01,2026-07-24,2026-07-24T17:03:01+00:00
nusa-lembongan,Nusa Lembongan,2025-06-10T02:15:51.025000Z,1,65.83398,92.893,7.190,provisional_derived,SENTINEL-2/S2MSI2A,2021-01-01,2026-07-24,2026-07-24T17:03:01+00:00
nusa-lembongan,Nusa Lembongan,2025-06-15T02:15:29.024000Z,2,34.8493485,92.893,7.190,provisional_derived,SENTINEL-2/S2MSI2A,2021-01-01,2026-07-24,2026-07-24T17:03:01+00:00
nusa-lembongan,Nusa Lembongan,2025-06-22T02:21:31.024000Z,1,35.026783,92.893,7.190,provisional_derived,SENTINEL-2/S2MSI2A,2021-01-01,2026-07-24,2026-07-24T17:03:01+00:00
nusa-lembongan,Nusa Lembongan,2025-06-25T02:15:39.024000Z,2,88.804269,92.893,7.190,provisional_derived,SENTINEL-2/S2MSI2A,2021-01-01,2026-07-24,2026-07-24T17:03:01+00:00
nusa-lembongan,Nusa Lembongan,2025-06-30T02:16:21.025000Z,1,20.531487,92.893,7.190,provisional_derived,SENTINEL-2/S2MSI2A,2021-01-01,2026-07-24,2026-07-24T17:03:01+00:00
nusa-lembongan,Nusa Lembongan,2025-07-05T02:15:39.024000Z,2,99.9890445,92.893,7.190,provisional_derived,SENTINEL-2/S2MSI2A,2021-01-01,2026-07-24,2026-07-24T17:03:01+00:00
nusa-lembongan,Nusa Lembongan,2025-07-10T02:16:31.025000Z,1,39.343375,92.893,7.190,provisional_derived,SENTINEL-2/S2MSI2A,2021-01-01,2026-07-24,2026-07-24T17:03:01+00:00
nusa-lembongan,Nusa Lembongan,2025-07-12T02:21:31.024000Z,1,75.857145,92.893,7.190,provisional_derived,SENTINEL-2/S2MSI2A,2021-01-01,2026-07-24,2026-07-24T17:03:01+00:00
nusa-lembongan,Nusa Lembongan,2025-07-15T02:15:39.024000Z,2,44.753963999999996,92.893,7.190,provisional_derived,SENTINEL-2/S2MSI2A,2021-01-01,2026-07-24,2026-07-24T17:03:01+00:00
nusa-lembongan,Nusa Lembongan,2025-07-20T02:16:31.025000Z,1,10.093042,92.893,7.190,provisional_derived,SENTINEL-2/S2MSI2A,2021-01-01,2026-07-24,2026-07-24T17:03:01+00:00
nusa-lembongan,Nusa Lembongan,2025-07-25T02:15:39.024000Z,1,50.894296,92.893,7.190,provisional_derived,SENTINEL-2/S2MSI2A,2021-01-01,2026-07-24,2026-07-24T17:03:01+00:00
nusa-lembongan,Nusa Lembongan,2025-07-30T02:15:51.025000Z,1,66.107118,92.893,7.190,provisional_derived,SENTINEL-2/S2MSI2A,2021-01-01,2026-07-24,2026-07-24T17:03:01+00:00
nusa-lembongan,Nusa Lembongan,2025-08-01T02:21:31.024000Z,1,44.511777,92.893,7.190,provisional_derived,SENTINEL-2/S2MSI2A,2021-01-01,2026-07-24,2026-07-24T17:03:01+00:00
nusa-lembongan,Nusa Lembongan,2025-08-04T02:15:29.024000Z,2,12.652644,92.893,7.190,provisional_derived,SENTINEL-2/S2MSI2A,2021-01-01,2026-07-24,2026-07-24T17:03:01+00:00
nusa-lembongan,Nusa Lembongan,2025-08-09T02:15:51.025000Z,1,32.451028,92.893,7.190,provisional_derived,SENTINEL-2/S2MSI2A,2021-01-01,2026-07-24,2026-07-24T17:03:01+00:00
nusa-lembongan,Nusa Lembongan,2025-08-14T02:15:39.024000Z,1,51.19251,92.893,7.190,provisional_derived,SENTINEL-2/S2MSI2A,2021-01-01,2026-07-24,2026-07-24T17:03:01+00:00
nusa-lembongan,Nusa Lembongan,2025-08-19T02:16:21.025000Z,1,47.183317,92.893,7.190,provisional_derived,SENTINEL-2/S2MSI2A,2021-01-01,2026-07-24,2026-07-24T17:03:01+00:00
nusa-lembongan,Nusa Lembongan,2025-08-21T02:21:31.024000Z,1,16.415659,92.893,7.190,provisional_derived,SENTINEL-2/S2MSI2A,2021-01-01,2026-07-24,2026-07-24T17:03:01+00:00
nusa-lembongan,Nusa Lembongan,2025-08-24T02:15:39.024000Z,1,18.422742,92.893,7.190,provisional_derived,SENTINEL-2/S2MSI2A,2021-01-01,2026-07-24,2026-07-24T17:03:01+00:00
nusa-lembongan,Nusa Lembongan,2025-08-29T02:15:51.025000Z,1,39.487547,92.893,7.190,provisional_derived,SENTINEL-2/S2MSI2A,2021-01-01,2026-07-24,2026-07-24T17:03:01+00:00
nusa-lembongan,Nusa Lembongan,2025-09-03T02:15:29.024000Z,1,23.322181,92.893,7.190,provisional_derived,SENTINEL-2/S2MSI2A,2021-01-01,2026-07-24,2026-07-24T17:03:01+00:00
nusa-lembongan,Nusa Lembongan,2025-09-08T02:15:51.024000Z,1,77.961504,92.893,7.190,provisional_derived,SENTINEL-2/S2MSI2A,2021-01-01,2026-07-24,2026-07-24T17:03:01+00:00
nusa-lembongan,Nusa Lembongan,2025-09-10T02:21:31.024000Z,1,86.574805,92.893,7.190,provisional_derived,SENTINEL-2/S2MSI2A,2021-01-01,2026-07-24,2026-07-24T17:03:01+00:00
nusa-lembongan,Nusa Lembongan,2025-09-13T02:15:29.024000Z,1,15.738419,92.893,7.190,provisional_derived,SENTINEL-2/S2MSI2A,2021-01-01,2026-07-24,2026-07-24T17:03:01+00:00
nusa-lembongan,Nusa Lembongan,2025-09-18T02:16:21.025000Z,1,57.699782,92.893,7.190,provisional_derived,SENTINEL-2/S2MSI2A,2021-01-01,2026-07-24,2026-07-24T17:03:01+00:00
nusa-lembongan,Nusa Lembongan,2025-09-23T02:15:29.024000Z,1,7.408084,92.893,7.190,provisional_derived,SENTINEL-2/S2MSI2A,2021-01-01,2026-07-24,2026-07-24T17:03:01+00:00
nusa-lembongan,Nusa Lembongan,2025-09-28T02:15:51.025000Z,1,18.381442,92.893,7.190,provisional_derived,SENTINEL-2/S2MSI2A,2021-01-01,2026-07-24,2026-07-24T17:03:01+00:00
nusa-lembongan,Nusa Lembongan,2025-10-03T02:15:29.024000Z,1,11.802512,92.893,7.190,provisional_derived,SENTINEL-2/S2MSI2A,2021-01-01,2026-07-24,2026-07-24T17:03:01+00:00
nusa-lembongan,Nusa Lembongan,2025-10-08T02:16:21.024000Z,1,8.689809,92.893,7.190,provisional_derived,SENTINEL-2/S2MSI2A,2021-01-01,2026-07-24,2026-07-24T17:03:01+00:00
nusa-lembongan,Nusa Lembongan,2025-10-13T02:15:39.024000Z,1,19.551857,92.893,7.190,provisional_derived,SENTINEL-2/S2MSI2A,2021-01-01,2026-07-24,2026-07-24T17:03:01+00:00
nusa-lembongan,Nusa Lembongan,2025-10-18T02:17:21.025000Z,1,67.082036,92.893,7.190,provisional_derived,SENTINEL-2/S2MSI2A,2021-01-01,2026-07-24,2026-07-24T17:03:01+00:00
nusa-lembongan,Nusa Lembongan,2025-10-20T02:21:31.024000Z,1,32.623628,92.893,7.190,provisional_derived,SENTINEL-2/S2MSI2A,2021-01-01,2026-07-24,2026-07-24T17:03:01+00:00
nusa-lembongan,Nusa Lembongan,2025-10-23T02:16:49.024000Z,1,55.620092,92.893,7.190,provisional_derived,SENTINEL-2/S2MSI2A,2021-01-01,2026-07-24,2026-07-24T17:03:01+00:00
nusa-lembongan,Nusa Lembongan,2025-10-28T02:18:21.025000Z,1,78.863055,92.893,7.190,provisional_derived,SENTINEL-2/S2MSI2A,2021-01-01,2026-07-24,2026-07-24T17:03:01+00:00
nusa-lembongan,Nusa Lembongan,2025-11-02T02:17:39.024000Z,1,45.364723,92.893,7.190,provisional_derived,SENTINEL-2/S2MSI2A,2021-01-01,2026-07-24,2026-07-24T17:03:01+00:00
nusa-lembongan,Nusa Lembongan,2025-11-07T02:19:11.025000Z,1,32.500264,92.893,7.190,provisional_derived,SENTINEL-2/S2MSI2A,2021-01-01,2026-07-24,2026-07-24T17:03:01+00:00
nusa-lembongan,Nusa Lembongan,2025-11-09T02:21:31.024000Z,1,99.999684,92.893,7.190,provisional_derived,SENTINEL-2/S2MSI2A,2021-01-01,2026-07-24,2026-07-24T17:03:01+00:00
nusa-lembongan,Nusa Lembongan,2025-11-12T02:18:29.024000Z,1,75.858754,92.893,7.190,provisional_derived,SENTINEL-2/S2MSI2A,2021-01-01,2026-07-24,2026-07-24T17:03:01+00:00
nusa-lembongan,Nusa Lembongan,2025-11-17T02:30:51.025000Z,1,44.232348,92.893,7.190,provisional_derived,SENTINEL-2/S2MSI2A,2021-01-01,2026-07-24,2026-07-24T17:03:01+00:00
nusa-lembongan,Nusa Lembongan,2025-11-22T02:19:19.024000Z,1,63.984174,92.893,7.190,provisional_derived,SENTINEL-2/S2MSI2A,2021-01-01,2026-07-24,2026-07-24T17:03:01+00:00
nusa-lembongan,Nusa Lembongan,2025-11-27T02:20:41.025000Z,1,99.995923,92.893,7.190,provisional_derived,SENTINEL-2/S2MSI2A,2021-01-01,2026-07-24,2026-07-24T17:03:01+00:00
nusa-lembongan,Nusa Lembongan,2025-11-29T02:21:31.024000Z,1,99.144143,92.893,7.190,provisional_derived,SENTINEL-2/S2MSI2A,2021-01-01,2026-07-24,2026-07-24T17:03:01+00:00
nusa-lembongan,Nusa Lembongan,2025-12-02T02:19:49.024000Z,1,80.975842,92.893,7.190,provisional_derived,SENTINEL-2/S2MSI2A,2021-01-01,2026-07-24,2026-07-24T17:03:01+00:00
nusa-lembongan,Nusa Lembongan,2025-12-07T02:21:11.025000Z,1,79.438502,92.893,7.190,provisional_derived,SENTINEL-2/S2MSI2A,2021-01-01,2026-07-24,2026-07-24T17:03:01+00:00
nusa-lembongan,Nusa Lembongan,2025-12-12T02:20:09.024000Z,1,52.301478,92.893,7.190,provisional_derived,SENTINEL-2/S2MSI2A,2021-01-01,2026-07-24,2026-07-24T17:03:01+00:00
nusa-lembongan,Nusa Lembongan,2025-12-17T02:21:21.025000Z,1,65.882581,92.893,7.190,provisional_derived,SENTINEL-2/S2MSI2A,2021-01-01,2026-07-24,2026-07-24T17:03:01+00:00
nusa-lembongan,Nusa Lembongan,2025-12-19T02:21:31.024000Z,1,95.453364,92.893,7.190,provisional_derived,SENTINEL-2/S2MSI2A,2021-01-01,2026-07-24,2026-07-24T17:03:01+00:00
nusa-lembongan,Nusa Lembongan,2025-12-22T02:20:19.024000Z,1,56.382757,92.893,7.190,provisional_derived,SENTINEL-2/S2MSI2A,2021-01-01,2026-07-24,2026-07-24T17:03:01+00:00
nusa-lembongan,Nusa Lembongan,2025-12-27T02:21:21.025000Z,1,99.996191,92.893,7.190,provisional_derived,SENTINEL-2/S2MSI2A,2021-01-01,2026-07-24,2026-07-24T17:03:01+00:00
nusa-lembongan,Nusa Lembongan,2026-01-01T02:20:09.024000Z,1,99.817812,92.893,7.190,provisional_derived,SENTINEL-2/S2MSI2A,2021-01-01,2026-07-24,2026-07-24T17:03:01+00:00
nusa-lembongan,Nusa Lembongan,2026-01-06T02:21:11.025000Z,1,81.458402,92.893,7.190,provisional_derived,SENTINEL-2/S2MSI2A,2021-01-01,2026-07-24,2026-07-24T17:03:01+00:00
nusa-lembongan,Nusa Lembongan,2026-01-08T02:21:41.024000Z,1,93.126673,92.893,7.190,provisional_derived,SENTINEL-2/S2MSI2A,2021-01-01,2026-07-24,2026-07-24T17:03:01+00:00
nusa-lembongan,Nusa Lembongan,2026-01-11T02:19:49.024000Z,1,99.032056,92.893,7.190,provisional_derived,SENTINEL-2/S2MSI2A,2021-01-01,2026-07-24,2026-07-24T17:03:01+00:00
nusa-lembongan,Nusa Lembongan,2026-01-16T02:20:31.025000Z,1,99.849093,92.893,7.190,provisional_derived,SENTINEL-2/S2MSI2A,2021-01-01,2026-07-24,2026-07-24T17:03:01+00:00
nusa-lembongan,Nusa Lembongan,2026-01-21T02:19:19.024000Z,1,99.872321,92.893,7.190,provisional_derived,SENTINEL-2/S2MSI2A,2021-01-01,2026-07-24,2026-07-24T17:03:01+00:00
nusa-lembongan,Nusa Lembongan,2026-01-26T02:19:51.025000Z,1,99.999899,92.893,7.190,provisional_derived,SENTINEL-2/S2MSI2A,2021-01-01,2026-07-24,2026-07-24T17:03:01+00:00
nusa-lembongan,Nusa Lembongan,2026-01-31T02:18:29.024000Z,1,64.034057,92.893,7.190,provisional_derived,SENTINEL-2/S2MSI2A,2021-01-01,2026-07-24,2026-07-24T17:03:01+00:00
nusa-lembongan,Nusa Lembongan,2026-02-10T02:17:29.024000Z,1,99.97319,92.893,7.190,provisional_derived,SENTINEL-2/S2MSI2A,2021-01-01,2026-07-24,2026-07-24T17:03:01+00:00
nusa-lembongan,Nusa Lembongan,2026-02-20T02:16:29.024000Z,1,99.42137,92.893,7.190,provisional_derived,SENTINEL-2/S2MSI2A,2021-01-01,2026-07-24,2026-07-24T17:03:01+00:00
nusa-lembongan,Nusa Lembongan,2026-02-25T02:16:51.025000Z,1,99.998528,92.893,7.190,provisional_derived,SENTINEL-2/S2MSI2A,2021-01-01,2026-07-24,2026-07-24T17:03:01+00:00
nusa-lembongan,Nusa Lembongan,2026-03-02T02:15:29.024000Z,1,99.999744,92.893,7.190,provisional_derived,SENTINEL-2/S2MSI2A,2021-01-01,2026-07-24,2026-07-24T17:03:01+00:00
nusa-lembongan,Nusa Lembongan,2026-03-07T02:15:41.025000Z,1,71.352476,92.893,7.190,provisional_derived,SENTINEL-2/S2MSI2A,2021-01-01,2026-07-24,2026-07-24T17:03:01+00:00
nusa-lembongan,Nusa Lembongan,2026-03-09T02:21:31.025000Z,1,98.792547,92.893,7.190,provisional_derived,SENTINEL-2/S2MSI2A,2021-01-01,2026-07-24,2026-07-24T17:03:01+00:00
nusa-lembongan,Nusa Lembongan,2026-03-12T02:15:59.024000Z,1,65.21247,92.893,7.190,provisional_derived,SENTINEL-2/S2MSI2A,2021-01-01,2026-07-24,2026-07-24T17:03:01+00:00
nusa-lembongan,Nusa Lembongan,2026-03-17T02:15:31.025000Z,1,40.873781,92.893,7.190,provisional_derived,SENTINEL-2/S2MSI2A,2021-01-01,2026-07-24,2026-07-24T17:03:01+00:00
nusa-lembongan,Nusa Lembongan,2026-03-19T02:21:41.024000Z,1,43.199909,92.893,7.190,provisional_derived,SENTINEL-2/S2MSI2A,2021-01-01,2026-07-24,2026-07-24T17:03:01+00:00
nusa-lembongan,Nusa Lembongan,2026-03-22T02:15:59.024000Z,1,68.419403,92.893,7.190,provisional_derived,SENTINEL-2/S2MSI2A,2021-01-01,2026-07-24,2026-07-24T17:03:01+00:00
nusa-lembongan,Nusa Lembongan,2026-03-27T02:16:01.025000Z,1,54.571086,92.893,7.190,provisional_derived,SENTINEL-2/S2MSI2A,2021-01-01,2026-07-24,2026-07-24T17:03:01+00:00
nusa-lembongan,Nusa Lembongan,2026-04-01T02:15:29.024000Z,1,32.977459,92.893,7.190,provisional_derived,SENTINEL-2/S2MSI2A,2021-01-01,2026-07-24,2026-07-24T17:03:01+00:00
nusa-lembongan,Nusa Lembongan,2026-04-06T02:16:01.025000Z,1,38.45816,92.893,7.190,provisional_derived,SENTINEL-2/S2MSI2A,2021-01-01,2026-07-24,2026-07-24T17:03:01+00:00
nusa-lembongan,Nusa Lembongan,2026-04-08T02:21:31.024000Z,1,66.821891,92.893,7.190,provisional_derived,SENTINEL-2/S2MSI2A,2021-01-01,2026-07-24,2026-07-24T17:03:01+00:00
nusa-lembongan,Nusa Lembongan,2026-04-11T02:15:29.024000Z,1,25.258461,92.893,7.190,provisional_derived,SENTINEL-2/S2MSI2A,2021-01-01,2026-07-24,2026-07-24T17:03:01+00:00
nusa-lembongan,Nusa Lembongan,2026-04-16T02:16:01.025000Z,1,8.650426,92.893,7.190,provisional_derived,SENTINEL-2/S2MSI2A,2021-01-01,2026-07-24,2026-07-24T17:03:01+00:00
nusa-lembongan,Nusa Lembongan,2026-04-21T02:15:29.024000Z,1,97.711188,92.893,7.190,provisional_derived,SENTINEL-2/S2MSI2A,2021-01-01,2026-07-24,2026-07-24T17:03:01+00:00
nusa-lembongan,Nusa Lembongan,2026-04-26T02:16:01.025000Z,1,21.275607,92.893,7.190,provisional_derived,SENTINEL-2/S2MSI2A,2021-01-01,2026-07-24,2026-07-24T17:03:01+00:00
nusa-lembongan,Nusa Lembongan,2026-04-28T02:21:31.024000Z,1,32.099986,92.893,7.190,provisional_derived,SENTINEL-2/S2MSI2A,2021-01-01,2026-07-24,2026-07-24T17:03:01+00:00
nusa-lembongan,Nusa Lembongan,2026-05-01T02:15:29.024000Z,1,39.271834,92.893,7.190,provisional_derived,SENTINEL-2/S2MSI2A,2021-01-01,2026-07-24,2026-07-24T17:03:01+00:00
nusa-lembongan,Nusa Lembongan,2026-05-06T02:16:01.025000Z,1,21.132793,92.893,7.190,provisional_derived,SENTINEL-2/S2MSI2A,2021-01-01,2026-07-24,2026-07-24T17:03:01+00:00
nusa-lembongan,Nusa Lembongan,2026-05-11T02:15:29.024000Z,1,28.898913,92.893,7.190,provisional_derived,SENTINEL-2/S2MSI2A,2021-01-01,2026-07-24,2026-07-24T17:03:01+00:00
nusa-lembongan,Nusa Lembongan,2026-05-16T02:15:31.025000Z,1,78.287989,92.893,7.190,provisional_derived,SENTINEL-2/S2MSI2A,2021-01-01,2026-07-24,2026-07-24T17:03:01+00:00
nusa-lembongan,Nusa Lembongan,2026-05-18T02:21:31.024000Z,1,94.450372,92.893,7.190,provisional_derived,SENTINEL-2/S2MSI2A,2021-01-01,2026-07-24,2026-07-24T17:03:01+00:00
nusa-lembongan,Nusa Lembongan,2026-05-21T02:15:29.024000Z,1,15.6509,92.893,7.190,provisional_derived,SENTINEL-2/S2MSI2A,2021-01-01,2026-07-24,2026-07-24T17:03:01+00:00
nusa-lembongan,Nusa Lembongan,2026-05-26T02:15:31.025000Z,1,30.004543,92.893,7.190,provisional_derived,SENTINEL-2/S2MSI2A,2021-01-01,2026-07-24,2026-07-24T17:03:01+00:00
nusa-lembongan,Nusa Lembongan,2026-05-31T02:15:29.024000Z,1,2.880475,92.893,7.190,provisional_derived,SENTINEL-2/S2MSI2A,2021-01-01,2026-07-24,2026-07-24T17:03:01+00:00
nusa-lembongan,Nusa Lembongan,2026-06-05T02:15:31.025000Z,1,8.653926,92.893,7.190,provisional_derived,SENTINEL-2/S2MSI2A,2021-01-01,2026-07-24,2026-07-24T17:03:01+00:00
nusa-lembongan,Nusa Lembongan,2026-06-07T02:21:31.024000Z,1,0.164601,92.893,7.190,provisional_derived,SENTINEL-2/S2MSI2A,2021-01-01,2026-07-24,2026-07-24T17:03:01+00:00
nusa-lembongan,Nusa Lembongan,2026-06-10T02:15:29.024000Z,1,5.889227,92.893,7.190,provisional_derived,SENTINEL-2/S2MSI2A,2021-01-01,2026-07-24,2026-07-24T17:03:01+00:00
nusa-lembongan,Nusa Lembongan,2026-06-15T02:15:31.025000Z,1,8.980153,92.893,7.190,provisional_derived,SENTINEL-2/S2MSI2A,2021-01-01,2026-07-24,2026-07-24T17:03:01+00:00
nusa-lembongan,Nusa Lembongan,2026-06-20T02:15:29.024000Z,1,39.643648,92.893,7.190,provisional_derived,SENTINEL-2/S2MSI2A,2021-01-01,2026-07-24,2026-07-24T17:03:01+00:00
nusa-lembongan,Nusa Lembongan,2026-06-25T02:15:31.025000Z,1,63.811213,92.893,7.190,provisional_derived,SENTINEL-2/S2MSI2A,2021-01-01,2026-07-24,2026-07-24T17:03:01+00:00
nusa-lembongan,Nusa Lembongan,2026-06-27T02:21:31.024000Z,1,52.188355,92.893,7.190,provisional_derived,SENTINEL-2/S2MSI2A,2021-01-01,2026-07-24,2026-07-24T17:03:01+00:00
nusa-lembongan,Nusa Lembongan,2026-06-30T02:15:29.024000Z,1,12.199644,92.893,7.190,provisional_derived,SENTINEL-2/S2MSI2A,2021-01-01,2026-07-24,2026-07-24T17:03:01+00:00
nusa-lembongan,Nusa Lembongan,2026-07-05T02:15:31.025000Z,1,4.695366,92.893,7.190,provisional_derived,SENTINEL-2/S2MSI2A,2021-01-01,2026-07-24,2026-07-24T17:03:01+00:00
nusa-lembongan,Nusa Lembongan,2026-07-10T02:15:29.024000Z,1,21.248676,92.893,7.190,provisional_derived,SENTINEL-2/S2MSI2A,2021-01-01,2026-07-24,2026-07-24T17:03:01+00:00
nusa-lembongan,Nusa Lembongan,2026-07-15T02:15:31.025000Z,1,25.938874,92.893,7.190,provisional_derived,SENTINEL-2/S2MSI2A,2021-01-01,2026-07-24,2026-07-24T17:03:01+00:00
nusa-lembongan,Nusa Lembongan,2026-07-20T02:15:29.024000Z,1,45.984834,92.893,7.190,provisional_derived,SENTINEL-2/S2MSI2A,2021-01-01,2026-07-24,2026-07-24T17:03:01+00:00
teluk-awur-jepara,"Teluk Awur, Jepara",2021-01-03T02:41:09.024000Z,1,99.996632,77.069,18.480,provisional_derived,SENTINEL-2/S2MSI2A,2021-01-01,2026-07-24,2026-07-24T17:03:01+00:00
teluk-awur-jepara,"Teluk Awur, Jepara",2021-01-08T02:41:01.024000Z,1,99.639678,77.069,18.480,provisional_derived,SENTINEL-2/S2MSI2A,2021-01-01,2026-07-24,2026-07-24T17:03:01+00:00
teluk-awur-jepara,"Teluk Awur, Jepara",2021-01-13T02:40:49.024000Z,1,96.522003,77.069,18.480,provisional_derived,SENTINEL-2/S2MSI2A,2021-01-01,2026-07-24,2026-07-24T17:03:01+00:00
teluk-awur-jepara,"Teluk Awur, Jepara",2021-01-18T02:40:31.024000Z,1,99.989432,77.069,18.480,provisional_derived,SENTINEL-2/S2MSI2A,2021-01-01,2026-07-24,2026-07-24T17:03:01+00:00
teluk-awur-jepara,"Teluk Awur, Jepara",2021-01-23T02:40:09.024000Z,1,99.998814,77.069,18.480,provisional_derived,SENTINEL-2/S2MSI2A,2021-01-01,2026-07-24,2026-07-24T17:03:01+00:00
teluk-awur-jepara,"Teluk Awur, Jepara",2021-01-28T02:39:51.024000Z,1,75.582743,77.069,18.480,provisional_derived,SENTINEL-2/S2MSI2A,2021-01-01,2026-07-24,2026-07-24T17:03:01+00:00
teluk-awur-jepara,"Teluk Awur, Jepara",2021-02-02T02:39:19.024000Z,1,99.255478,77.069,18.480,provisional_derived,SENTINEL-2/S2MSI2A,2021-01-01,2026-07-24,2026-07-24T17:03:01+00:00
teluk-awur-jepara,"Teluk Awur, Jepara",2021-02-07T02:38:51.024000Z,1,90.861219,77.069,18.480,provisional_derived,SENTINEL-2/S2MSI2A,2021-01-01,2026-07-24,2026-07-24T17:03:01+00:00
teluk-awur-jepara,"Teluk Awur, Jepara",2021-02-12T02:38:19.024000Z,1,84.96865,77.069,18.480,provisional_derived,SENTINEL-2/S2MSI2A,2021-01-01,2026-07-24,2026-07-24T17:03:01+00:00
teluk-awur-jepara,"Teluk Awur, Jepara",2021-02-17T02:37:51.024000Z,1,99.98378199999999,77.069,18.480,provisional_derived,SENTINEL-2/S2MSI2A,2021-01-01,2026-07-24,2026-07-24T17:03:01+00:00
teluk-awur-jepara,"Teluk Awur, Jepara",2021-02-22T02:37:19.024000Z,1,92.52758,77.069,18.480,provisional_derived,SENTINEL-2/S2MSI2A,2021-01-01,2026-07-24,2026-07-24T17:03:01+00:00
teluk-awur-jepara,"Teluk Awur, Jepara",2021-02-27T02:36:41.024000Z,1,14.813952,77.069,18.480,provisional_derived,SENTINEL-2/S2MSI2A,2021-01-01,2026-07-24,2026-07-24T17:03:01+00:00
teluk-awur-jepara,"Teluk Awur, Jepara",2021-03-04T02:36:09.024000Z,1,97.954679,77.069,18.480,provisional_derived,SENTINEL-2/S2MSI2A,2021-01-01,2026-07-24,2026-07-24T17:03:01+00:00
teluk-awur-jepara,"Teluk Awur, Jepara",2021-03-09T02:35:51.024000Z,1,93.976438,77.069,18.480,provisional_derived,SENTINEL-2/S2MSI2A,2021-01-01,2026-07-24,2026-07-24T17:03:01+00:00
teluk-awur-jepara,"Teluk Awur, Jepara",2021-03-14T02:35:49.024000Z,1,35.032207,77.069,18.480,provisional_derived,SENTINEL-2/S2MSI2A,2021-01-01,2026-07-24,2026-07-24T17:03:01+00:00
teluk-awur-jepara,"Teluk Awur, Jepara",2021-03-19T02:35:51.024000Z,1,31.60246,77.069,18.480,provisional_derived,SENTINEL-2/S2MSI2A,2021-01-01,2026-07-24,2026-07-24T17:03:01+00:00
teluk-awur-jepara,"Teluk Awur, Jepara",2021-03-24T02:35:49.024000Z,1,71.951497,77.069,18.480,provisional_derived,SENTINEL-2/S2MSI2A,2021-01-01,2026-07-24,2026-07-24T17:03:01+00:00
teluk-awur-jepara,"Teluk Awur, Jepara",2021-03-29T02:35:51.024000Z,1,54.103619,77.069,18.480,provisional_derived,SENTINEL-2/S2MSI2A,2021-01-01,2026-07-24,2026-07-24T17:03:01+00:00
teluk-awur-jepara,"Teluk Awur, Jepara",2021-04-03T02:35:49.024000Z,1,25.237495,77.069,18.480,provisional_derived,SENTINEL-2/S2MSI2A,2021-01-01,2026-07-24,2026-07-24T17:03:01+00:00
teluk-awur-jepara,"Teluk Awur, Jepara",2021-04-08T02:35:41.024000Z,1,23.32771,77.069,18.480,provisional_derived,SENTINEL-2/S2MSI2A,2021-01-01,2026-07-24,2026-07-24T17:03:01+00:00
teluk-awur-jepara,"Teluk Awur, Jepara",2021-04-13T02:35:49.024000Z,1,36.115733,77.069,18.480,provisional_derived,SENTINEL-2/S2MSI2A,2021-01-01,2026-07-24,2026-07-24T17:03:01+00:00
teluk-awur-jepara,"Teluk Awur, Jepara",2021-04-18T02:35:41.024000Z,1,96.981102,77.069,18.480,provisional_derived,SENTINEL-2/S2MSI2A,2021-01-01,2026-07-24,2026-07-24T17:03:01+00:00
teluk-awur-jepara,"Teluk Awur, Jepara",2021-04-23T02:35:39.024000Z,1,3.75182,77.069,18.480,provisional_derived,SENTINEL-2/S2MSI2A,2021-01-01,2026-07-24,2026-07-24T17:03:01+00:00
teluk-awur-jepara,"Teluk Awur, Jepara",2021-04-28T02:35:51.024000Z,1,94.737667,77.069,18.480,provisional_derived,SENTINEL-2/S2MSI2A,2021-01-01,2026-07-24,2026-07-24T17:03:01+00:00
teluk-awur-jepara,"Teluk Awur, Jepara",2021-05-03T02:35:49.024000Z,1,58.206844,77.069,18.480,provisional_derived,SENTINEL-2/S2MSI2A,2021-01-01,2026-07-24,2026-07-24T17:03:01+00:00
teluk-awur-jepara,"Teluk Awur, Jepara",2021-05-08T02:35:51.024000Z,1,100.0,77.069,18.480,provisional_derived,SENTINEL-2/S2MSI2A,2021-01-01,2026-07-24,2026-07-24T17:03:01+00:00
teluk-awur-jepara,"Teluk Awur, Jepara",2021-05-13T02:35:49.024000Z,1,77.761227,77.069,18.480,provisional_derived,SENTINEL-2/S2MSI2A,2021-01-01,2026-07-24,2026-07-24T17:03:01+00:00
teluk-awur-jepara,"Teluk Awur, Jepara",2021-05-18T02:35:51.024000Z,1,67.62287,77.069,18.480,provisional_derived,SENTINEL-2/S2MSI2A,2021-01-01,2026-07-24,2026-07-24T17:03:01+00:00
teluk-awur-jepara,"Teluk Awur, Jepara",2021-05-23T02:35:49.024000Z,1,70.041955,77.069,18.480,provisional_derived,SENTINEL-2/S2MSI2A,2021-01-01,2026-07-24,2026-07-24T17:03:01+00:00
teluk-awur-jepara,"Teluk Awur, Jepara",2021-05-28T02:35:51.024000Z,1,68.070847,77.069,18.480,provisional_derived,SENTINEL-2/S2MSI2A,2021-01-01,2026-07-24,2026-07-24T17:03:01+00:00
teluk-awur-jepara,"Teluk Awur, Jepara",2021-06-02T02:35:49.024000Z,1,74.291062,77.069,18.480,provisional_derived,SENTINEL-2/S2MSI2A,2021-01-01,2026-07-24,2026-07-24T17:03:01+00:00
teluk-awur-jepara,"Teluk Awur, Jepara",2021-06-07T02:35:51.024000Z,1,5.547051,77.069,18.480,provisional_derived,SENTINEL-2/S2MSI2A,2021-01-01,2026-07-24,2026-07-24T17:03:01+00:00
teluk-awur-jepara,"Teluk Awur, Jepara",2021-06-12T02:35:49.024000Z,1,65.043938,77.069,18.480,provisional_derived,SENTINEL-2/S2MSI2A,2021-01-01,2026-07-24,2026-07-24T17:03:01+00:00
teluk-awur-jepara,"Teluk Awur, Jepara",2021-06-17T02:35:51.024000Z,1,100.0,77.069,18.480,provisional_derived,SENTINEL-2/S2MSI2A,2021-01-01,2026-07-24,2026-07-24T17:03:01+00:00
teluk-awur-jepara,"Teluk Awur, Jepara",2021-06-22T02:35:49.024000Z,1,21.859866,77.069,18.480,provisional_derived,SENTINEL-2/S2MSI2A,2021-01-01,2026-07-24,2026-07-24T17:03:01+00:00
teluk-awur-jepara,"Teluk Awur, Jepara",2021-06-27T02:35:51.024000Z,1,15.705234,77.069,18.480,provisional_derived,SENTINEL-2/S2MSI2A,2021-01-01,2026-07-24,2026-07-24T17:03:01+00:00
teluk-awur-jepara,"Teluk Awur, Jepara",2021-07-02T02:35:49.024000Z,1,55.545294,77.069,18.480,provisional_derived,SENTINEL-2/S2MSI2A,2021-01-01,2026-07-24,2026-07-24T17:03:01+00:00
teluk-awur-jepara,"Teluk Awur, Jepara",2021-07-07T02:35:51.024000Z,1,0.06194,77.069,18.480,provisional_derived,SENTINEL-2/S2MSI2A,2021-01-01,2026-07-24,2026-07-24T17:03:01+00:00
teluk-awur-jepara,"Teluk Awur, Jepara",2021-07-12T02:35:49.024000Z,1,51.259780000000006,77.069,18.480,provisional_derived,SENTINEL-2/S2MSI2A,2021-01-01,2026-07-24,2026-07-24T17:03:01+00:00
teluk-awur-jepara,"Teluk Awur, Jepara",2021-07-17T02:35:51.024000Z,1,74.906868,77.069,18.480,provisional_derived,SENTINEL-2/S2MSI2A,2021-01-01,2026-07-24,2026-07-24T17:03:01+00:00
teluk-awur-jepara,"Teluk Awur, Jepara",2021-07-22T02:35:49.024000Z,1,78.162307,77.069,18.480,provisional_derived,SENTINEL-2/S2MSI2A,2021-01-01,2026-07-24,2026-07-24T17:03:01+00:00
teluk-awur-jepara,"Teluk Awur, Jepara",2021-07-27T02:35:51.024000Z,1,0.032967,77.069,18.480,provisional_derived,SENTINEL-2/S2MSI2A,2021-01-01,2026-07-24,2026-07-24T17:03:01+00:00
teluk-awur-jepara,"Teluk Awur, Jepara",2021-08-01T02:35:49.024000Z,1,7.626357999999999,77.069,18.480,provisional_derived,SENTINEL-2/S2MSI2A,2021-01-01,2026-07-24,2026-07-24T17:03:01+00:00
teluk-awur-jepara,"Teluk Awur, Jepara",2021-08-06T02:35:51.024000Z,1,69.151592,77.069,18.480,provisional_derived,SENTINEL-2/S2MSI2A,2021-01-01,2026-07-24,2026-07-24T17:03:01+00:00
teluk-awur-jepara,"Teluk Awur, Jepara",2021-08-11T02:35:49.024000Z,1,5.123837,77.069,18.480,provisional_derived,SENTINEL-2/S2MSI2A,2021-01-01,2026-07-24,2026-07-24T17:03:01+00:00
teluk-awur-jepara,"Teluk Awur, Jepara",2021-08-16T02:35:51.024000Z,1,15.606332,77.069,18.480,provisional_derived,SENTINEL-2/S2MSI2A,2021-01-01,2026-07-24,2026-07-24T17:03:01+00:00
teluk-awur-jepara,"Teluk Awur, Jepara",2021-08-21T02:35:49.024000Z,1,56.98271999999999,77.069,18.480,provisional_derived,SENTINEL-2/S2MSI2A,2021-01-01,2026-07-24,2026-07-24T17:03:01+00:00
teluk-awur-jepara,"Teluk Awur, Jepara",2021-08-26T02:35:51.024000Z,1,8.744509,77.069,18.480,provisional_derived,SENTINEL-2/S2MSI2A,2021-01-01,2026-07-24,2026-07-24T17:03:01+00:00
teluk-awur-jepara,"Teluk Awur, Jepara",2021-08-31T02:35:49.024000Z,1,21.647619,77.069,18.480,provisional_derived,SENTINEL-2/S2MSI2A,2021-01-01,2026-07-24,2026-07-24T17:03:01+00:00
teluk-awur-jepara,"Teluk Awur, Jepara",2021-09-05T02:35:51.024000Z,1,93.779576,77.069,18.480,provisional_derived,SENTINEL-2/S2MSI2A,2021-01-01,2026-07-24,2026-07-24T17:03:01+00:00
teluk-awur-jepara,"Teluk Awur, Jepara",2021-09-10T02:35:49.024000Z,1,12.305482,77.069,18.480,provisional_derived,SENTINEL-2/S2MSI2A,2021-01-01,2026-07-24,2026-07-24T17:03:01+00:00
teluk-awur-jepara,"Teluk Awur, Jepara",2021-09-15T02:35:51.024000Z,1,72.580808,77.069,18.480,provisional_derived,SENTINEL-2/S2MSI2A,2021-01-01,2026-07-24,2026-07-24T17:03:01+00:00
teluk-awur-jepara,"Teluk Awur, Jepara",2021-09-20T02:35:49.024000Z,1,9.876747,77.069,18.480,provisional_derived,SENTINEL-2/S2MSI2A,2021-01-01,2026-07-24,2026-07-24T17:03:01+00:00
teluk-awur-jepara,"Teluk Awur, Jepara",2021-09-25T02:35:51.024000Z,1,75.324094,77.069,18.480,provisional_derived,SENTINEL-2/S2MSI2A,2021-01-01,2026-07-24,2026-07-24T17:03:01+00:00
teluk-awur-jepara,"Teluk Awur, Jepara",2021-09-30T02:35:49.024000Z,1,0.921562,77.069,18.480,provisional_derived,SENTINEL-2/S2MSI2A,2021-01-01,2026-07-24,2026-07-24T17:03:01+00:00
teluk-awur-jepara,"Teluk Awur, Jepara",2021-10-05T02:35:51.024000Z,1,46.246663,77.069,18.480,provisional_derived,SENTINEL-2/S2MSI2A,2021-01-01,2026-07-24,2026-07-24T17:03:01+00:00
teluk-awur-jepara,"Teluk Awur, Jepara",2021-10-10T02:36:19.024000Z,1,24.928913,77.069,18.480,provisional_derived,SENTINEL-2/S2MSI2A,2021-01-01,2026-07-24,2026-07-24T17:03:01+00:00
teluk-awur-jepara,"Teluk Awur, Jepara",2021-10-15T02:37:01.024000Z,1,41.556305,77.069,18.480,provisional_derived,SENTINEL-2/S2MSI2A,2021-01-01,2026-07-24,2026-07-24T17:03:01+00:00
teluk-awur-jepara,"Teluk Awur, Jepara",2021-10-20T02:37:29.024000Z,1,59.384382,77.069,18.480,provisional_derived,SENTINEL-2/S2MSI2A,2021-01-01,2026-07-24,2026-07-24T17:03:01+00:00
teluk-awur-jepara,"Teluk Awur, Jepara",2021-10-25T02:38:01.024000Z,1,18.581456,77.069,18.480,provisional_derived,SENTINEL-2/S2MSI2A,2021-01-01,2026-07-24,2026-07-24T17:03:01+00:00
teluk-awur-jepara,"Teluk Awur, Jepara",2021-10-30T02:38:29.024000Z,1,84.772062,77.069,18.480,provisional_derived,SENTINEL-2/S2MSI2A,2021-01-01,2026-07-24,2026-07-24T17:03:01+00:00
teluk-awur-jepara,"Teluk Awur, Jepara",2021-11-04T02:39:01.024000Z,1,32.605106,77.069,18.480,provisional_derived,SENTINEL-2/S2MSI2A,2021-01-01,2026-07-24,2026-07-24T17:03:01+00:00
teluk-awur-jepara,"Teluk Awur, Jepara",2021-11-09T02:39:19.024000Z,1,57.560331,77.069,18.480,provisional_derived,SENTINEL-2/S2MSI2A,2021-01-01,2026-07-24,2026-07-24T17:03:01+00:00
teluk-awur-jepara,"Teluk Awur, Jepara",2021-11-14T02:39:51.024000Z,1,99.908322,77.069,18.480,provisional_derived,SENTINEL-2/S2MSI2A,2021-01-01,2026-07-24,2026-07-24T17:03:01+00:00
teluk-awur-jepara,"Teluk Awur, Jepara",2021-11-19T02:40:09.024000Z,1,99.83508,77.069,18.480,provisional_derived,SENTINEL-2/S2MSI2A,2021-01-01,2026-07-24,2026-07-24T17:03:01+00:00
teluk-awur-jepara,"Teluk Awur, Jepara",2021-11-24T02:40:31.024000Z,1,99.99975,77.069,18.480,provisional_derived,SENTINEL-2/S2MSI2A,2021-01-01,2026-07-24,2026-07-24T17:03:01+00:00
teluk-awur-jepara,"Teluk Awur, Jepara",2021-11-29T02:40:39.024000Z,1,96.252996,77.069,18.480,provisional_derived,SENTINEL-2/S2MSI2A,2021-01-01,2026-07-24,2026-07-24T17:03:01+00:00
teluk-awur-jepara,"Teluk Awur, Jepara",2021-12-04T02:41:01.024000Z,1,99.908072,77.069,18.480,provisional_derived,SENTINEL-2/S2MSI2A,2021-01-01,2026-07-24,2026-07-24T17:03:01+00:00
teluk-awur-jepara,"Teluk Awur, Jepara",2021-12-09T02:41:09.024000Z,1,33.836919,77.069,18.480,provisional_derived,SENTINEL-2/S2MSI2A,2021-01-01,2026-07-24,2026-07-24T17:03:01+00:00
teluk-awur-jepara,"Teluk Awur, Jepara",2021-12-14T02:41:21.024000Z,1,92.466146,77.069,18.480,provisional_derived,SENTINEL-2/S2MSI2A,2021-01-01,2026-07-24,2026-07-24T17:03:01+00:00
teluk-awur-jepara,"Teluk Awur, Jepara",2021-12-19T02:41:19.024000Z,1,99.974304,77.069,18.480,provisional_derived,SENTINEL-2/S2MSI2A,2021-01-01,2026-07-24,2026-07-24T17:03:01+00:00
teluk-awur-jepara,"Teluk Awur, Jepara",2021-12-24T02:41:21.024000Z,1,88.259691,77.069,18.480,provisional_derived,SENTINEL-2/S2MSI2A,2021-01-01,2026-07-24,2026-07-24T17:03:01+00:00
teluk-awur-jepara,"Teluk Awur, Jepara",2021-12-29T02:41:19.024000Z,1,98.769158,77.069,18.480,provisional_derived,SENTINEL-2/S2MSI2A,2021-01-01,2026-07-24,2026-07-24T17:03:01+00:00
teluk-awur-jepara,"Teluk Awur, Jepara",2022-01-03T02:41:21.000000Z,1,99.806124,77.069,18.480,provisional_derived,SENTINEL-2/S2MSI2A,2021-01-01,2026-07-24,2026-07-24T17:03:01+00:00
teluk-awur-jepara,"Teluk Awur, Jepara",2022-01-08T02:40:59.000000Z,1,55.595338,77.069,18.480,provisional_derived,SENTINEL-2/S2MSI2A,2021-01-01,2026-07-24,2026-07-24T17:03:01+00:00
teluk-awur-jepara,"Teluk Awur, Jepara",2022-01-13T02:40:51.000000Z,1,99.683869,77.069,18.480,provisional_derived,SENTINEL-2/S2MSI2A,2021-01-01,2026-07-24,2026-07-24T17:03:01+00:00
teluk-awur-jepara,"Teluk Awur, Jepara",2022-01-18T02:40:29.024000Z,1,96.375966,77.069,18.480,provisional_derived,SENTINEL-2/S2MSI2A,2021-01-01,2026-07-24,2026-07-24T17:03:01+00:00
teluk-awur-jepara,"Teluk Awur, Jepara",2022-01-23T02:40:11.024000Z,1,89.457804,77.069,18.480,provisional_derived,SENTINEL-2/S2MSI2A,2021-01-01,2026-07-24,2026-07-24T17:03:01+00:00
teluk-awur-jepara,"Teluk Awur, Jepara",2022-01-28T02:39:49.024000Z,1,99.320078,77.069,18.480,provisional_derived,SENTINEL-2/S2MSI2A,2021-01-01,2026-07-24,2026-07-24T17:03:01+00:00
teluk-awur-jepara,"Teluk Awur, Jepara",2022-02-02T02:39:21.000000Z,1,61.77581,77.069,18.480,provisional_derived,SENTINEL-2/S2MSI2A,2021-01-01,2026-07-24,2026-07-24T17:03:01+00:00
teluk-awur-jepara,"Teluk Awur, Jepara",2022-02-07T02:38:49.024000Z,1,100.0,77.069,18.480,provisional_derived,SENTINEL-2/S2MSI2A,2021-01-01,2026-07-24,2026-07-24T17:03:01+00:00
teluk-awur-jepara,"Teluk Awur, Jepara",2022-02-12T02:38:21.024000Z,1,90.482056,77.069,18.480,provisional_derived,SENTINEL-2/S2MSI2A,2021-01-01,2026-07-24,2026-07-24T17:03:01+00:00
teluk-awur-jepara,"Teluk Awur, Jepara",2022-02-17T02:37:49.024000Z,1,90.80922600000001,77.069,18.480,provisional_derived,SENTINEL-2/S2MSI2A,2021-01-01,2026-07-24,2026-07-24T17:03:01+00:00
teluk-awur-jepara,"Teluk Awur, Jepara",2022-02-22T02:37:21.024000Z,1,92.69526,77.069,18.480,provisional_derived,SENTINEL-2/S2MSI2A,2021-01-01,2026-07-24,2026-07-24T17:03:01+00:00
teluk-awur-jepara,"Teluk Awur, Jepara",2022-02-27T02:36:39.024000Z,1,41.03893,77.069,18.480,provisional_derived,SENTINEL-2/S2MSI2A,2021-01-01,2026-07-24,2026-07-24T17:03:01+00:00
teluk-awur-jepara,"Teluk Awur, Jepara",2022-03-04T02:36:11.024000Z,1,63.268441,77.069,18.480,provisional_derived,SENTINEL-2/S2MSI2A,2021-01-01,2026-07-24,2026-07-24T17:03:01+00:00
teluk-awur-jepara,"Teluk Awur, Jepara",2022-03-09T02:35:49.024000Z,1,39.648019999999995,77.069,18.480,provisional_derived,SENTINEL-2/S2MSI2A,2021-01-01,2026-07-24,2026-07-24T17:03:01+00:00
teluk-awur-jepara,"Teluk Awur, Jepara",2022-03-14T02:35:51.024000Z,1,33.355647,77.069,18.480,provisional_derived,SENTINEL-2/S2MSI2A,2021-01-01,2026-07-24,2026-07-24T17:03:01+00:00
teluk-awur-jepara,"Teluk Awur, Jepara",2022-03-19T02:35:49.024000Z,1,61.167371,77.069,18.480,provisional_derived,SENTINEL-2/S2MSI2A,2021-01-01,2026-07-24,2026-07-24T17:03:01+00:00
teluk-awur-jepara,"Teluk Awur, Jepara",2022-03-24T02:35:51.024000Z,1,63.366699,77.069,18.480,provisional_derived,SENTINEL-2/S2MSI2A,2021-01-01,2026-07-24,2026-07-24T17:03:01+00:00
teluk-awur-jepara,"Teluk Awur, Jepara",2022-03-29T02:35:49.024000Z,1,44.331777,77.069,18.480,provisional_derived,SENTINEL-2/S2MSI2A,2021-01-01,2026-07-24,2026-07-24T17:03:01+00:00
teluk-awur-jepara,"Teluk Awur, Jepara",2022-04-03T02:35:51.024000Z,1,49.001998,77.069,18.480,provisional_derived,SENTINEL-2/S2MSI2A,2021-01-01,2026-07-24,2026-07-24T17:03:01+00:00
teluk-awur-jepara,"Teluk Awur, Jepara",2022-04-08T02:35:49.024000Z,1,52.438748,77.069,18.480,provisional_derived,SENTINEL-2/S2MSI2A,2021-01-01,2026-07-24,2026-07-24T17:03:01+00:00
teluk-awur-jepara,"Teluk Awur, Jepara",2022-04-13T02:35:51.024000Z,1,27.545568,77.069,18.480,provisional_derived,SENTINEL-2/S2MSI2A,2021-01-01,2026-07-24,2026-07-24T17:03:01+00:00
teluk-awur-jepara,"Teluk Awur, Jepara",2022-04-18T02:35:49.024000Z,1,48.99193300000001,77.069,18.480,provisional_derived,SENTINEL-2/S2MSI2A,2021-01-01,2026-07-24,2026-07-24T17:03:01+00:00
teluk-awur-jepara,"Teluk Awur, Jepara",2022-04-23T02:35:51.024000Z,1,99.590951,77.069,18.480,provisional_derived,SENTINEL-2/S2MSI2A,2021-01-01,2026-07-24,2026-07-24T17:03:01+00:00
teluk-awur-jepara,"Teluk Awur, Jepara",2022-04-28T02:35:39.024000Z,1,87.477142,77.069,18.480,provisional_derived,SENTINEL-2/S2MSI2A,2021-01-01,2026-07-24,2026-07-24T17:03:01+00:00
teluk-awur-jepara,"Teluk Awur, Jepara",2022-05-03T02:35:51.024000Z,1,13.388164,77.069,18.480,provisional_derived,SENTINEL-2/S2MSI2A,2021-01-01,2026-07-24,2026-07-24T17:03:01+00:00
teluk-awur-jepara,"Teluk Awur, Jepara",2022-05-08T02:35:49.024000Z,1,49.907574,77.069,18.480,provisional_derived,SENTINEL-2/S2MSI2A,2021-01-01,2026-07-24,2026-07-24T17:03:01+00:00
teluk-awur-jepara,"Teluk Awur, Jepara",2022-05-13T02:35:51.024000Z,1,59.350175,77.069,18.480,provisional_derived,SENTINEL-2/S2MSI2A,2021-01-01,2026-07-24,2026-07-24T17:03:01+00:00
teluk-awur-jepara,"Teluk Awur, Jepara",2022-05-18T02:35:49.000000Z,1,13.990152,77.069,18.480,provisional_derived,SENTINEL-2/S2MSI2A,2021-01-01,2026-07-24,2026-07-24T17:03:01+00:00
teluk-awur-jepara,"Teluk Awur, Jepara",2022-05-23T02:36:01.000000Z,1,98.403931,77.069,18.480,provisional_derived,SENTINEL-2/S2MSI2A,2021-01-01,2026-07-24,2026-07-24T17:03:01+00:00
teluk-awur-jepara,"Teluk Awur, Jepara",2022-05-28T02:35:49.024000Z,1,19.460116,77.069,18.480,provisional_derived,SENTINEL-2/S2MSI2A,2021-01-01,2026-07-24,2026-07-24T17:03:01+00:00
teluk-awur-jepara,"Teluk Awur, Jepara",2022-06-02T02:36:01.024000Z,1,8.175267,77.069,18.480,provisional_derived,SENTINEL-2/S2MSI2A,2021-01-01,2026-07-24,2026-07-24T17:03:01+00:00
teluk-awur-jepara,"Teluk Awur, Jepara",2022-06-07T02:35:49.024000Z,1,71.60255899999999,77.069,18.480,provisional_derived,SENTINEL-2/S2MSI2A,2021-01-01,2026-07-24,2026-07-24T17:03:01+00:00
teluk-awur-jepara,"Teluk Awur, Jepara",2022-06-12T02:36:01.024000Z,1,91.566128,77.069,18.480,provisional_derived,SENTINEL-2/S2MSI2A,2021-01-01,2026-07-24,2026-07-24T17:03:01+00:00
teluk-awur-jepara,"Teluk Awur, Jepara",2022-06-17T02:35:29.024000Z,1,99.999994,77.069,18.480,provisional_derived,SENTINEL-2/S2MSI2A,2021-01-01,2026-07-24,2026-07-24T17:03:01+00:00
teluk-awur-jepara,"Teluk Awur, Jepara",2022-06-22T02:36:01.024000Z,1,1.822448,77.069,18.480,provisional_derived,SENTINEL-2/S2MSI2A,2021-01-01,2026-07-24,2026-07-24T17:03:01+00:00
teluk-awur-jepara,"Teluk Awur, Jepara",2022-06-27T02:35:29.024000Z,1,33.832943,77.069,18.480,provisional_derived,SENTINEL-2/S2MSI2A,2021-01-01,2026-07-24,2026-07-24T17:03:01+00:00
teluk-awur-jepara,"Teluk Awur, Jepara",2022-07-02T02:35:41.024000Z,1,17.6493,77.069,18.480,provisional_derived,SENTINEL-2/S2MSI2A,2021-01-01,2026-07-24,2026-07-24T17:03:01+00:00
teluk-awur-jepara,"Teluk Awur, Jepara",2022-07-07T02:35:29.024000Z,1,6.246288,77.069,18.480,provisional_derived,SENTINEL-2/S2MSI2A,2021-01-01,2026-07-24,2026-07-24T17:03:01+00:00
teluk-awur-jepara,"Teluk Awur, Jepara",2022-07-12T02:35:41.024000Z,1,20.080669,77.069,18.480,provisional_derived,SENTINEL-2/S2MSI2A,2021-01-01,2026-07-24,2026-07-24T17:03:01+00:00
teluk-awur-jepara,"Teluk Awur, Jepara",2022-07-17T02:35:29.024000Z,1,85.19792,77.069,18.480,provisional_derived,SENTINEL-2/S2MSI2A,2021-01-01,2026-07-24,2026-07-24T17:03:01+00:00
teluk-awur-jepara,"Teluk Awur, Jepara",2022-07-22T02:35:41.024000Z,1,43.123019,77.069,18.480,provisional_derived,SENTINEL-2/S2MSI2A,2021-01-01,2026-07-24,2026-07-24T17:03:01+00:00
teluk-awur-jepara,"Teluk Awur, Jepara",2022-07-27T02:35:29.024000Z,1,5.936666,77.069,18.480,provisional_derived,SENTINEL-2/S2MSI2A,2021-01-01,2026-07-24,2026-07-24T17:03:01+00:00
teluk-awur-jepara,"Teluk Awur, Jepara",2022-08-01T02:35:41.024000Z,1,51.344508,77.069,18.480,provisional_derived,SENTINEL-2/S2MSI2A,2021-01-01,2026-07-24,2026-07-24T17:03:01+00:00
teluk-awur-jepara,"Teluk Awur, Jepara",2022-08-06T02:35:29.024000Z,1,22.163177000000005,77.069,18.480,provisional_derived,SENTINEL-2/S2MSI2A,2021-01-01,2026-07-24,2026-07-24T17:03:01+00:00
teluk-awur-jepara,"Teluk Awur, Jepara",2022-08-11T02:36:01.024000Z,1,6.034033,77.069,18.480,provisional_derived,SENTINEL-2/S2MSI2A,2021-01-01,2026-07-24,2026-07-24T17:03:01+00:00
teluk-awur-jepara,"Teluk Awur, Jepara",2022-08-16T02:35:29.024000Z,1,15.563597999999999,77.069,18.480,provisional_derived,SENTINEL-2/S2MSI2A,2021-01-01,2026-07-24,2026-07-24T17:03:01+00:00
teluk-awur-jepara,"Teluk Awur, Jepara",2022-08-21T02:35:41.024000Z,1,16.688454,77.069,18.480,provisional_derived,SENTINEL-2/S2MSI2A,2021-01-01,2026-07-24,2026-07-24T17:03:01+00:00
teluk-awur-jepara,"Teluk Awur, Jepara",2022-08-26T02:35:29.024000Z,1,66.945499,77.069,18.480,provisional_derived,SENTINEL-2/S2MSI2A,2021-01-01,2026-07-24,2026-07-24T17:03:01+00:00
teluk-awur-jepara,"Teluk Awur, Jepara",2022-08-31T02:35:41.024000Z,1,55.568528,77.069,18.480,provisional_derived,SENTINEL-2/S2MSI2A,2021-01-01,2026-07-24,2026-07-24T17:03:01+00:00
teluk-awur-jepara,"Teluk Awur, Jepara",2022-09-05T02:35:29.024000Z,1,87.321079,77.069,18.480,provisional_derived,SENTINEL-2/S2MSI2A,2021-01-01,2026-07-24,2026-07-24T17:03:01+00:00
teluk-awur-jepara,"Teluk Awur, Jepara",2022-09-10T02:35:41.024000Z,2,91.483882,77.069,18.480,provisional_derived,SENTINEL-2/S2MSI2A,2021-01-01,2026-07-24,2026-07-24T17:03:01+00:00
teluk-awur-jepara,"Teluk Awur, Jepara",2022-09-15T02:35:29.024000Z,1,1.048941,77.069,18.480,provisional_derived,SENTINEL-2/S2MSI2A,2021-01-01,2026-07-24,2026-07-24T17:03:01+00:00
teluk-awur-jepara,"Teluk Awur, Jepara",2022-09-20T02:35:41.024000Z,1,99.754322,77.069,18.480,provisional_derived,SENTINEL-2/S2MSI2A,2021-01-01,2026-07-24,2026-07-24T17:03:01+00:00
teluk-awur-jepara,"Teluk Awur, Jepara",2022-09-25T02:35:29.024000Z,1,49.338317,77.069,18.480,provisional_derived,SENTINEL-2/S2MSI2A,2021-01-01,2026-07-24,2026-07-24T17:03:01+00:00
teluk-awur-jepara,"Teluk Awur, Jepara",2022-09-30T02:35:41.024000Z,1,100.0,77.069,18.480,provisional_derived,SENTINEL-2/S2MSI2A,2021-01-01,2026-07-24,2026-07-24T17:03:01+00:00
teluk-awur-jepara,"Teluk Awur, Jepara",2022-10-05T02:35:29.024000Z,1,98.325199,77.069,18.480,provisional_derived,SENTINEL-2/S2MSI2A,2021-01-01,2026-07-24,2026-07-24T17:03:01+00:00
teluk-awur-jepara,"Teluk Awur, Jepara",2022-10-10T02:36:21.024000Z,1,98.041904,77.069,18.480,provisional_derived,SENTINEL-2/S2MSI2A,2021-01-01,2026-07-24,2026-07-24T17:03:01+00:00
teluk-awur-jepara,"Teluk Awur, Jepara",2022-10-15T02:36:49.024000Z,1,96.890116,77.069,18.480,provisional_derived,SENTINEL-2/S2MSI2A,2021-01-01,2026-07-24,2026-07-24T17:03:01+00:00
teluk-awur-jepara,"Teluk Awur, Jepara",2022-10-20T02:37:31.024000Z,1,93.37108700000002,77.069,18.480,provisional_derived,SENTINEL-2/S2MSI2A,2021-01-01,2026-07-24,2026-07-24T17:03:01+00:00
teluk-awur-jepara,"Teluk Awur, Jepara",2022-10-25T02:37:59.024000Z,1,99.601483,77.069,18.480,provisional_derived,SENTINEL-2/S2MSI2A,2021-01-01,2026-07-24,2026-07-24T17:03:01+00:00
teluk-awur-jepara,"Teluk Awur, Jepara",2022-10-30T02:38:31.024000Z,1,33.308196,77.069,18.480,provisional_derived,SENTINEL-2/S2MSI2A,2021-01-01,2026-07-24,2026-07-24T17:03:01+00:00
teluk-awur-jepara,"Teluk Awur, Jepara",2022-11-04T02:38:49.024000Z,1,99.998146,77.069,18.480,provisional_derived,SENTINEL-2/S2MSI2A,2021-01-01,2026-07-24,2026-07-24T17:03:01+00:00
teluk-awur-jepara,"Teluk Awur, Jepara",2022-11-09T02:39:21.024000Z,1,67.550409,77.069,18.480,provisional_derived,SENTINEL-2/S2MSI2A,2021-01-01,2026-07-24,2026-07-24T17:03:01+00:00
teluk-awur-jepara,"Teluk Awur, Jepara",2022-11-14T02:39:49.024000Z,1,96.815133,77.069,18.480,provisional_derived,SENTINEL-2/S2MSI2A,2021-01-01,2026-07-24,2026-07-24T17:03:01+00:00
teluk-awur-jepara,"Teluk Awur, Jepara",2022-11-19T02:40:11.024000Z,1,100.0,77.069,18.480,provisional_derived,SENTINEL-2/S2MSI2A,2021-01-01,2026-07-24,2026-07-24T17:03:01+00:00
teluk-awur-jepara,"Teluk Awur, Jepara",2022-11-24T02:40:29.024000Z,1,88.474846,77.069,18.480,provisional_derived,SENTINEL-2/S2MSI2A,2021-01-01,2026-07-24,2026-07-24T17:03:01+00:00
teluk-awur-jepara,"Teluk Awur, Jepara",2022-11-29T02:40:31.024000Z,1,41.45719700000001,77.069,18.480,provisional_derived,SENTINEL-2/S2MSI2A,2021-01-01,2026-07-24,2026-07-24T17:03:01+00:00
teluk-awur-jepara,"Teluk Awur, Jepara",2022-12-04T02:40:59.024000Z,1,90.986407,77.069,18.480,provisional_derived,SENTINEL-2/S2MSI2A,2021-01-01,2026-07-24,2026-07-24T17:03:01+00:00
teluk-awur-jepara,"Teluk Awur, Jepara",2022-12-09T02:41:11.024000Z,1,22.605069,77.069,18.480,provisional_derived,SENTINEL-2/S2MSI2A,2021-01-01,2026-07-24,2026-07-24T17:03:01+00:00
teluk-awur-jepara,"Teluk Awur, Jepara",2022-12-14T02:41:19.024000Z,1,99.619234,77.069,18.480,provisional_derived,SENTINEL-2/S2MSI2A,2021-01-01,2026-07-24,2026-07-24T17:03:01+00:00
teluk-awur-jepara,"Teluk Awur, Jepara",2022-12-19T02:41:21.024000Z,1,91.877955,77.069,18.480,provisional_derived,SENTINEL-2/S2MSI2A,2021-01-01,2026-07-24,2026-07-24T17:03:01+00:00
teluk-awur-jepara,"Teluk Awur, Jepara",2022-12-24T02:41:19.024000Z,1,99.999386,77.069,18.480,provisional_derived,SENTINEL-2/S2MSI2A,2021-01-01,2026-07-24,2026-07-24T17:03:01+00:00
teluk-awur-jepara,"Teluk Awur, Jepara",2022-12-29T02:41:21.024000Z,1,99.99826,77.069,18.480,provisional_derived,SENTINEL-2/S2MSI2A,2021-01-01,2026-07-24,2026-07-24T17:03:01+00:00
teluk-awur-jepara,"Teluk Awur, Jepara",2023-01-03T02:41:09.024000Z,1,99.995685,77.069,18.480,provisional_derived,SENTINEL-2/S2MSI2A,2021-01-01,2026-07-24,2026-07-24T17:03:01+00:00
teluk-awur-jepara,"Teluk Awur, Jepara",2023-01-08T02:41:01.024000Z,1,100.0,77.069,18.480,provisional_derived,SENTINEL-2/S2MSI2A,2021-01-01,2026-07-24,2026-07-24T17:03:01+00:00
teluk-awur-jepara,"Teluk Awur, Jepara",2023-01-13T02:40:49.024000Z,1,36.072499,77.069,18.480,provisional_derived,SENTINEL-2/S2MSI2A,2021-01-01,2026-07-24,2026-07-24T17:03:01+00:00
teluk-awur-jepara,"Teluk Awur, Jepara",2023-01-18T02:40:31.024000Z,1,100.0,77.069,18.480,provisional_derived,SENTINEL-2/S2MSI2A,2021-01-01,2026-07-24,2026-07-24T17:03:01+00:00
teluk-awur-jepara,"Teluk Awur, Jepara",2023-01-23T02:40:09.024000Z,1,95.229399,77.069,18.480,provisional_derived,SENTINEL-2/S2MSI2A,2021-01-01,2026-07-24,2026-07-24T17:03:01+00:00
teluk-awur-jepara,"Teluk Awur, Jepara",2023-01-28T02:39:51.024000Z,1,99.999827,77.069,18.480,provisional_derived,SENTINEL-2/S2MSI2A,2021-01-01,2026-07-24,2026-07-24T17:03:01+00:00
teluk-awur-jepara,"Teluk Awur, Jepara",2023-02-02T02:39:19.024000Z,1,99.996746,77.069,18.480,provisional_derived,SENTINEL-2/S2MSI2A,2021-01-01,2026-07-24,2026-07-24T17:03:01+00:00
teluk-awur-jepara,"Teluk Awur, Jepara",2023-02-07T02:39:01.024000Z,1,99.999529,77.069,18.480,provisional_derived,SENTINEL-2/S2MSI2A,2021-01-01,2026-07-24,2026-07-24T17:03:01+00:00
teluk-awur-jepara,"Teluk Awur, Jepara",2023-02-12T02:38:29.024000Z,1,82.271123,77.069,18.480,provisional_derived,SENTINEL-2/S2MSI2A,2021-01-01,2026-07-24,2026-07-24T17:03:01+00:00
teluk-awur-jepara,"Teluk Awur, Jepara",2023-02-17T02:37:51.024000Z,1,99.88517800000001,77.069,18.480,provisional_derived,SENTINEL-2/S2MSI2A,2021-01-01,2026-07-24,2026-07-24T17:03:01+00:00
teluk-awur-jepara,"Teluk Awur, Jepara",2023-02-22T02:37:19.025000Z,1,86.899936,77.069,18.480,provisional_derived,SENTINEL-2/S2MSI2A,2021-01-01,2026-07-24,2026-07-24T17:03:01+00:00
teluk-awur-jepara,"Teluk Awur, Jepara",2023-02-27T02:36:41.024000Z,1,99.99948700000002,77.069,18.480,provisional_derived,SENTINEL-2/S2MSI2A,2021-01-01,2026-07-24,2026-07-24T17:03:01+00:00
teluk-awur-jepara,"Teluk Awur, Jepara",2023-03-04T02:36:09.025000Z,1,44.778088,77.069,18.480,provisional_derived,SENTINEL-2/S2MSI2A,2021-01-01,2026-07-24,2026-07-24T17:03:01+00:00
teluk-awur-jepara,"Teluk Awur, Jepara",2023-03-09T02:35:31.024000Z,1,37.663084,77.069,18.480,provisional_derived,SENTINEL-2/S2MSI2A,2021-01-01,2026-07-24,2026-07-24T17:03:01+00:00
teluk-awur-jepara,"Teluk Awur, Jepara",2023-03-14T02:35:29.024000Z,1,69.126403,77.069,18.480,provisional_derived,SENTINEL-2/S2MSI2A,2021-01-01,2026-07-24,2026-07-24T17:03:01+00:00
teluk-awur-jepara,"Teluk Awur, Jepara",2023-03-19T02:35:31.024000Z,1,37.676778,77.069,18.480,provisional_derived,SENTINEL-2/S2MSI2A,2021-01-01,2026-07-24,2026-07-24T17:03:01+00:00
teluk-awur-jepara,"Teluk Awur, Jepara",2023-03-24T02:35:29.024000Z,1,21.152773,77.069,18.480,provisional_derived,SENTINEL-2/S2MSI2A,2021-01-01,2026-07-24,2026-07-24T17:03:01+00:00
teluk-awur-jepara,"Teluk Awur, Jepara",2023-03-29T02:35:31.024000Z,1,76.520091,77.069,18.480,provisional_derived,SENTINEL-2/S2MSI2A,2021-01-01,2026-07-24,2026-07-24T17:03:01+00:00
teluk-awur-jepara,"Teluk Awur, Jepara",2023-04-03T02:35:29.024000Z,1,82.450825,77.069,18.480,provisional_derived,SENTINEL-2/S2MSI2A,2021-01-01,2026-07-24,2026-07-24T17:03:01+00:00
teluk-awur-jepara,"Teluk Awur, Jepara",2023-04-08T02:35:31.024000Z,1,77.363414,77.069,18.480,provisional_derived,SENTINEL-2/S2MSI2A,2021-01-01,2026-07-24,2026-07-24T17:03:01+00:00
teluk-awur-jepara,"Teluk Awur, Jepara",2023-04-13T02:35:29.024000Z,1,99.99997,77.069,18.480,provisional_derived,SENTINEL-2/S2MSI2A,2021-01-01,2026-07-24,2026-07-24T17:03:01+00:00
teluk-awur-jepara,"Teluk Awur, Jepara",2023-04-18T02:35:31.024000Z,1,71.018571,77.069,18.480,provisional_derived,SENTINEL-2/S2MSI2A,2021-01-01,2026-07-24,2026-07-24T17:03:01+00:00
teluk-awur-jepara,"Teluk Awur, Jepara",2023-04-23T02:35:29.024000Z,1,19.198912,77.069,18.480,provisional_derived,SENTINEL-2/S2MSI2A,2021-01-01,2026-07-24,2026-07-24T17:03:01+00:00
teluk-awur-jepara,"Teluk Awur, Jepara",2023-04-28T02:35:31.024000Z,1,99.22871,77.069,18.480,provisional_derived,SENTINEL-2/S2MSI2A,2021-01-01,2026-07-24,2026-07-24T17:03:01+00:00
teluk-awur-jepara,"Teluk Awur, Jepara",2023-05-03T02:35:29.024000Z,1,51.134384,77.069,18.480,provisional_derived,SENTINEL-2/S2MSI2A,2021-01-01,2026-07-24,2026-07-24T17:03:01+00:00
teluk-awur-jepara,"Teluk Awur, Jepara",2023-05-08T02:35:51.024000Z,1,65.534991,77.069,18.480,provisional_derived,SENTINEL-2/S2MSI2A,2021-01-01,2026-07-24,2026-07-24T17:03:01+00:00
teluk-awur-jepara,"Teluk Awur, Jepara",2023-05-13T02:35:29.024000Z,1,11.195508,77.069,18.480,provisional_derived,SENTINEL-2/S2MSI2A,2021-01-01,2026-07-24,2026-07-24T17:03:01+00:00
teluk-awur-jepara,"Teluk Awur, Jepara",2023-05-18T02:35:51.024000Z,1,0.498813,77.069,18.480,provisional_derived,SENTINEL-2/S2MSI2A,2021-01-01,2026-07-24,2026-07-24T17:03:01+00:00
teluk-awur-jepara,"Teluk Awur, Jepara",2023-05-23T02:35:39.024000Z,1,9.49922,77.069,18.480,provisional_derived,SENTINEL-2/S2MSI2A,2021-01-01,2026-07-24,2026-07-24T17:03:01+00:00
teluk-awur-jepara,"Teluk Awur, Jepara",2023-05-28T02:35:31.024000Z,1,1.53409,77.069,18.480,provisional_derived,SENTINEL-2/S2MSI2A,2021-01-01,2026-07-24,2026-07-24T17:03:01+00:00
teluk-awur-jepara,"Teluk Awur, Jepara",2023-06-02T02:35:29.024000Z,1,43.202579,77.069,18.480,provisional_derived,SENTINEL-2/S2MSI2A,2021-01-01,2026-07-24,2026-07-24T17:03:01+00:00
teluk-awur-jepara,"Teluk Awur, Jepara",2023-06-07T02:35:31.024000Z,1,39.923596,77.069,18.480,provisional_derived,SENTINEL-2/S2MSI2A,2021-01-01,2026-07-24,2026-07-24T17:03:01+00:00
teluk-awur-jepara,"Teluk Awur, Jepara",2023-06-12T02:35:39.024000Z,1,73.745137,77.069,18.480,provisional_derived,SENTINEL-2/S2MSI2A,2021-01-01,2026-07-24,2026-07-24T17:03:01+00:00
teluk-awur-jepara,"Teluk Awur, Jepara",2023-06-17T02:35:31.024000Z,1,13.206263,77.069,18.480,provisional_derived,SENTINEL-2/S2MSI2A,2021-01-01,2026-07-24,2026-07-24T17:03:01+00:00
teluk-awur-jepara,"Teluk Awur, Jepara",2023-06-22T02:35:29.024000Z,1,15.978925,77.069,18.480,provisional_derived,SENTINEL-2/S2MSI2A,2021-01-01,2026-07-24,2026-07-24T17:03:01+00:00
teluk-awur-jepara,"Teluk Awur, Jepara",2023-06-27T02:35:31.024000Z,1,6.573369,77.069,18.480,provisional_derived,SENTINEL-2/S2MSI2A,2021-01-01,2026-07-24,2026-07-24T17:03:01+00:00
teluk-awur-jepara,"Teluk Awur, Jepara",2023-07-02T02:35:39.024000Z,1,42.729983,77.069,18.480,provisional_derived,SENTINEL-2/S2MSI2A,2021-01-01,2026-07-24,2026-07-24T17:03:01+00:00
teluk-awur-jepara,"Teluk Awur, Jepara",2023-07-07T02:35:31.024000Z,1,82.847983,77.069,18.480,provisional_derived,SENTINEL-2/S2MSI2A,2021-01-01,2026-07-24,2026-07-24T17:03:01+00:00
teluk-awur-jepara,"Teluk Awur, Jepara",2023-07-12T02:35:29.024000Z,1,11.947609,77.069,18.480,provisional_derived,SENTINEL-2/S2MSI2A,2021-01-01,2026-07-24,2026-07-24T17:03:01+00:00
teluk-awur-jepara,"Teluk Awur, Jepara",2023-07-17T02:35:31.024000Z,1,1.644796,77.069,18.480,provisional_derived,SENTINEL-2/S2MSI2A,2021-01-01,2026-07-24,2026-07-24T17:03:01+00:00
teluk-awur-jepara,"Teluk Awur, Jepara",2023-07-22T02:35:39.024000Z,1,0.914451,77.069,18.480,provisional_derived,SENTINEL-2/S2MSI2A,2021-01-01,2026-07-24,2026-07-24T17:03:01+00:00
teluk-awur-jepara,"Teluk Awur, Jepara",2023-07-27T02:35:31.024000Z,1,0.011456,77.069,18.480,provisional_derived,SENTINEL-2/S2MSI2A,2021-01-01,2026-07-24,2026-07-24T17:03:01+00:00
teluk-awur-jepara,"Teluk Awur, Jepara",2023-08-01T02:35:39.024000Z,1,5.123608,77.069,18.480,provisional_derived,SENTINEL-2/S2MSI2A,2021-01-01,2026-07-24,2026-07-24T17:03:01+00:00
teluk-awur-jepara,"Teluk Awur, Jepara",2023-08-06T02:35:51.024000Z,1,26.125118,77.069,18.480,provisional_derived,SENTINEL-2/S2MSI2A,2021-01-01,2026-07-24,2026-07-24T17:03:01+00:00
teluk-awur-jepara,"Teluk Awur, Jepara",2023-08-11T02:35:39.024000Z,1,20.613174,77.069,18.480,provisional_derived,SENTINEL-2/S2MSI2A,2021-01-01,2026-07-24,2026-07-24T17:03:01+00:00
teluk-awur-jepara,"Teluk Awur, Jepara",2023-08-16T02:35:51.024000Z,1,5.775521,77.069,18.480,provisional_derived,SENTINEL-2/S2MSI2A,2021-01-01,2026-07-24,2026-07-24T17:03:01+00:00
teluk-awur-jepara,"Teluk Awur, Jepara",2023-08-21T02:35:29.024000Z,1,1.408887,77.069,18.480,provisional_derived,SENTINEL-2/S2MSI2A,2021-01-01,2026-07-24,2026-07-24T17:03:01+00:00
teluk-awur-jepara,"Teluk Awur, Jepara",2023-08-26T02:35:31.024000Z,1,4.406015,77.069,18.480,provisional_derived,SENTINEL-2/S2MSI2A,2021-01-01,2026-07-24,2026-07-24T17:03:01+00:00
teluk-awur-jepara,"Teluk Awur, Jepara",2023-08-31T02:35:29.024000Z,1,0.13785,77.069,18.480,provisional_derived,SENTINEL-2/S2MSI2A,2021-01-01,2026-07-24,2026-07-24T17:03:01+00:00
teluk-awur-jepara,"Teluk Awur, Jepara",2023-09-05T02:35:31.024000Z,1,0.0009,77.069,18.480,provisional_derived,SENTINEL-2/S2MSI2A,2021-01-01,2026-07-24,2026-07-24T17:03:01+00:00
teluk-awur-jepara,"Teluk Awur, Jepara",2023-09-10T02:35:29.024000Z,1,0.15299999999999997,77.069,18.480,provisional_derived,SENTINEL-2/S2MSI2A,2021-01-01,2026-07-24,2026-07-24T17:03:01+00:00
teluk-awur-jepara,"Teluk Awur, Jepara",2023-09-15T02:35:31.024000Z,1,0.201863,77.069,18.480,provisional_derived,SENTINEL-2/S2MSI2A,2021-01-01,2026-07-24,2026-07-24T17:03:01+00:00
teluk-awur-jepara,"Teluk Awur, Jepara",2023-09-20T02:35:29.024000Z,1,0.405688,77.069,18.480,provisional_derived,SENTINEL-2/S2MSI2A,2021-01-01,2026-07-24,2026-07-24T17:03:01+00:00
teluk-awur-jepara,"Teluk Awur, Jepara",2023-09-25T02:35:31.024000Z,1,34.559074,77.069,18.480,provisional_derived,SENTINEL-2/S2MSI2A,2021-01-01,2026-07-24,2026-07-24T17:03:01+00:00
teluk-awur-jepara,"Teluk Awur, Jepara",2023-09-30T02:35:29.024000Z,1,10.746104,77.069,18.480,provisional_derived,SENTINEL-2/S2MSI2A,2021-01-01,2026-07-24,2026-07-24T17:03:01+00:00
teluk-awur-jepara,"Teluk Awur, Jepara",2023-10-05T02:35:41.024000Z,1,1.7520399999999998,77.069,18.480,provisional_derived,SENTINEL-2/S2MSI2A,2021-01-01,2026-07-24,2026-07-24T17:03:01+00:00
teluk-awur-jepara,"Teluk Awur, Jepara",2023-10-10T02:36:19.024000Z,1,18.938747,77.069,18.480,provisional_derived,SENTINEL-2/S2MSI2A,2021-01-01,2026-07-24,2026-07-24T17:03:01+00:00
teluk-awur-jepara,"Teluk Awur, Jepara",2023-10-15T02:36:51.024000Z,1,15.289541,77.069,18.480,provisional_derived,SENTINEL-2/S2MSI2A,2021-01-01,2026-07-24,2026-07-24T17:03:01+00:00
teluk-awur-jepara,"Teluk Awur, Jepara",2023-10-20T02:37:29.024000Z,1,17.844474,77.069,18.480,provisional_derived,SENTINEL-2/S2MSI2A,2021-01-01,2026-07-24,2026-07-24T17:03:01+00:00
teluk-awur-jepara,"Teluk Awur, Jepara",2023-10-25T02:38:01.024000Z,1,32.222927,77.069,18.480,provisional_derived,SENTINEL-2/S2MSI2A,2021-01-01,2026-07-24,2026-07-24T17:03:01+00:00
teluk-awur-jepara,"Teluk Awur, Jepara",2023-10-30T02:38:29.024000Z,1,8.444172,77.069,18.480,provisional_derived,SENTINEL-2/S2MSI2A,2021-01-01,2026-07-24,2026-07-24T17:03:01+00:00
teluk-awur-jepara,"Teluk Awur, Jepara",2023-11-04T02:38:51.024000Z,1,52.005941,77.069,18.480,provisional_derived,SENTINEL-2/S2MSI2A,2021-01-01,2026-07-24,2026-07-24T17:03:01+00:00
teluk-awur-jepara,"Teluk Awur, Jepara",2023-11-09T02:39:19.024000Z,1,54.301351000000004,77.069,18.480,provisional_derived,SENTINEL-2/S2MSI2A,2021-01-01,2026-07-24,2026-07-24T17:03:01+00:00
teluk-awur-jepara,"Teluk Awur, Jepara",2023-11-14T02:39:41.024000Z,1,37.95864,77.069,18.480,provisional_derived,SENTINEL-2/S2MSI2A,2021-01-01,2026-07-24,2026-07-24T17:03:01+00:00
teluk-awur-jepara,"Teluk Awur, Jepara",2023-11-19T02:40:09.024000Z,1,17.296025,77.069,18.480,provisional_derived,SENTINEL-2/S2MSI2A,2021-01-01,2026-07-24,2026-07-24T17:03:01+00:00
teluk-awur-jepara,"Teluk Awur, Jepara",2023-11-24T02:40:21.024000Z,1,63.63458,77.069,18.480,provisional_derived,SENTINEL-2/S2MSI2A,2021-01-01,2026-07-24,2026-07-24T17:03:01+00:00
teluk-awur-jepara,"Teluk Awur, Jepara",2023-11-29T02:40:29.024000Z,1,79.231203,77.069,18.480,provisional_derived,SENTINEL-2/S2MSI2A,2021-01-01,2026-07-24,2026-07-24T17:03:01+00:00
teluk-awur-jepara,"Teluk Awur, Jepara",2023-12-04T02:40:51.024000Z,1,99.676579,77.069,18.480,provisional_derived,SENTINEL-2/S2MSI2A,2021-01-01,2026-07-24,2026-07-24T17:03:01+00:00
teluk-awur-jepara,"Teluk Awur, Jepara",2023-12-09T02:41:09.024000Z,1,69.957322,77.069,18.480,provisional_derived,SENTINEL-2/S2MSI2A,2021-01-01,2026-07-24,2026-07-24T17:03:01+00:00
teluk-awur-jepara,"Teluk Awur, Jepara",2023-12-14T02:41:11.024000Z,1,15.549263,77.069,18.480,provisional_derived,SENTINEL-2/S2MSI2A,2021-01-01,2026-07-24,2026-07-24T17:03:01+00:00
teluk-awur-jepara,"Teluk Awur, Jepara",2023-12-19T02:41:19.024000Z,1,62.053567,77.069,18.480,provisional_derived,SENTINEL-2/S2MSI2A,2021-01-01,2026-07-24,2026-07-24T17:03:01+00:00
teluk-awur-jepara,"Teluk Awur, Jepara",2023-12-24T02:41:21.024000Z,1,33.459565,77.069,18.480,provisional_derived,SENTINEL-2/S2MSI2A,2021-01-01,2026-07-24,2026-07-24T17:03:01+00:00
teluk-awur-jepara,"Teluk Awur, Jepara",2023-12-29T02:41:19.024000Z,1,74.143076,77.069,18.480,provisional_derived,SENTINEL-2/S2MSI2A,2021-01-01,2026-07-24,2026-07-24T17:03:01+00:00
teluk-awur-jepara,"Teluk Awur, Jepara",2024-01-03T02:41:11.024000Z,1,91.661793,77.069,18.480,provisional_derived,SENTINEL-2/S2MSI2A,2021-01-01,2026-07-24,2026-07-24T17:03:01+00:00
teluk-awur-jepara,"Teluk Awur, Jepara",2024-01-08T02:41:09.024000Z,1,99.737948,77.069,18.480,provisional_derived,SENTINEL-2/S2MSI2A,2021-01-01,2026-07-24,2026-07-24T17:03:01+00:00
teluk-awur-jepara,"Teluk Awur, Jepara",2024-01-13T02:40:51.024000Z,1,80.556065,77.069,18.480,provisional_derived,SENTINEL-2/S2MSI2A,2021-01-01,2026-07-24,2026-07-24T17:03:01+00:00
teluk-awur-jepara,"Teluk Awur, Jepara",2024-01-18T02:40:29.024000Z,1,84.300756,77.069,18.480,provisional_derived,SENTINEL-2/S2MSI2A,2021-01-01,2026-07-24,2026-07-24T17:03:01+00:00
teluk-awur-jepara,"Teluk Awur, Jepara",2024-01-23T02:40:11.024000Z,1,100.0,77.069,18.480,provisional_derived,SENTINEL-2/S2MSI2A,2021-01-01,2026-07-24,2026-07-24T17:03:01+00:00
teluk-awur-jepara,"Teluk Awur, Jepara",2024-01-28T02:39:49.024000Z,1,92.988288,77.069,18.480,provisional_derived,SENTINEL-2/S2MSI2A,2021-01-01,2026-07-24,2026-07-24T17:03:01+00:00
teluk-awur-jepara,"Teluk Awur, Jepara",2024-02-02T02:39:21.024000Z,1,56.780559,77.069,18.480,provisional_derived,SENTINEL-2/S2MSI2A,2021-01-01,2026-07-24,2026-07-24T17:03:01+00:00
teluk-awur-jepara,"Teluk Awur, Jepara",2024-02-07T02:38:59.024000Z,1,99.999249,77.069,18.480,provisional_derived,SENTINEL-2/S2MSI2A,2021-01-01,2026-07-24,2026-07-24T17:03:01+00:00
teluk-awur-jepara,"Teluk Awur, Jepara",2024-02-12T02:38:31.024000Z,1,49.840721,77.069,18.480,provisional_derived,SENTINEL-2/S2MSI2A,2021-01-01,2026-07-24,2026-07-24T17:03:01+00:00
teluk-awur-jepara,"Teluk Awur, Jepara",2024-02-17T02:37:59.024000Z,1,79.010445,77.069,18.480,provisional_derived,SENTINEL-2/S2MSI2A,2021-01-01,2026-07-24,2026-07-24T17:03:01+00:00
teluk-awur-jepara,"Teluk Awur, Jepara",2024-02-22T02:37:21.024000Z,1,96.315032,77.069,18.480,provisional_derived,SENTINEL-2/S2MSI2A,2021-01-01,2026-07-24,2026-07-24T17:03:01+00:00
teluk-awur-jepara,"Teluk Awur, Jepara",2024-02-27T02:36:49.024000Z,1,56.623304,77.069,18.480,provisional_derived,SENTINEL-2/S2MSI2A,2021-01-01,2026-07-24,2026-07-24T17:03:01+00:00
teluk-awur-jepara,"Teluk Awur, Jepara",2024-03-03T02:36:11.024000Z,1,96.533662,77.069,18.480,provisional_derived,SENTINEL-2/S2MSI2A,2021-01-01,2026-07-24,2026-07-24T17:03:01+00:00
teluk-awur-jepara,"Teluk Awur, Jepara",2024-03-08T02:35:29.024000Z,1,93.438649,77.069,18.480,provisional_derived,SENTINEL-2/S2MSI2A,2021-01-01,2026-07-24,2026-07-24T17:03:01+00:00
teluk-awur-jepara,"Teluk Awur, Jepara",2024-03-13T02:35:31.024000Z,1,99.9731,77.069,18.480,provisional_derived,SENTINEL-2/S2MSI2A,2021-01-01,2026-07-24,2026-07-24T17:03:01+00:00
teluk-awur-jepara,"Teluk Awur, Jepara",2024-03-18T02:35:29.024000Z,1,99.999958,77.069,18.480,provisional_derived,SENTINEL-2/S2MSI2A,2021-01-01,2026-07-24,2026-07-24T17:03:01+00:00
teluk-awur-jepara,"Teluk Awur, Jepara",2024-03-23T02:35:31.024000Z,1,12.526143,77.069,18.480,provisional_derived,SENTINEL-2/S2MSI2A,2021-01-01,2026-07-24,2026-07-24T17:03:01+00:00
teluk-awur-jepara,"Teluk Awur, Jepara",2024-03-28T02:35:29.024000Z,1,93.080276,77.069,18.480,provisional_derived,SENTINEL-2/S2MSI2A,2021-01-01,2026-07-24,2026-07-24T17:03:01+00:00
teluk-awur-jepara,"Teluk Awur, Jepara",2024-04-02T02:35:31.024000Z,1,35.252765,77.069,18.480,provisional_derived,SENTINEL-2/S2MSI2A,2021-01-01,2026-07-24,2026-07-24T17:03:01+00:00
teluk-awur-jepara,"Teluk Awur, Jepara",2024-04-07T02:35:29.024000Z,1,66.446567,77.069,18.480,provisional_derived,SENTINEL-2/S2MSI2A,2021-01-01,2026-07-24,2026-07-24T17:03:01+00:00
teluk-awur-jepara,"Teluk Awur, Jepara",2024-04-12T02:35:31.024000Z,1,29.928625,77.069,18.480,provisional_derived,SENTINEL-2/S2MSI2A,2021-01-01,2026-07-24,2026-07-24T17:03:01+00:00
teluk-awur-jepara,"Teluk Awur, Jepara",2024-04-17T02:35:29.024000Z,1,73.27733,77.069,18.480,provisional_derived,SENTINEL-2/S2MSI2A,2021-01-01,2026-07-24,2026-07-24T17:03:01+00:00
teluk-awur-jepara,"Teluk Awur, Jepara",2024-04-22T02:35:31.024000Z,1,27.186543,77.069,18.480,provisional_derived,SENTINEL-2/S2MSI2A,2021-01-01,2026-07-24,2026-07-24T17:03:01+00:00
teluk-awur-jepara,"Teluk Awur, Jepara",2024-04-27T02:35:29.024000Z,1,39.991224,77.069,18.480,provisional_derived,SENTINEL-2/S2MSI2A,2021-01-01,2026-07-24,2026-07-24T17:03:01+00:00
teluk-awur-jepara,"Teluk Awur, Jepara",2024-05-02T02:35:51.024000Z,1,19.038159,77.069,18.480,provisional_derived,SENTINEL-2/S2MSI2A,2021-01-01,2026-07-24,2026-07-24T17:03:01+00:00
teluk-awur-jepara,"Teluk Awur, Jepara",2024-05-07T02:35:29.024000Z,1,0.552861,77.069,18.480,provisional_derived,SENTINEL-2/S2MSI2A,2021-01-01,2026-07-24,2026-07-24T17:03:01+00:00
teluk-awur-jepara,"Teluk Awur, Jepara",2024-05-12T02:35:51.024000Z,1,92.597038,77.069,18.480,provisional_derived,SENTINEL-2/S2MSI2A,2021-01-01,2026-07-24,2026-07-24T17:03:01+00:00
teluk-awur-jepara,"Teluk Awur, Jepara",2024-05-17T02:35:29.024000Z,1,4.490557,77.069,18.480,provisional_derived,SENTINEL-2/S2MSI2A,2021-01-01,2026-07-24,2026-07-24T17:03:01+00:00
teluk-awur-jepara,"Teluk Awur, Jepara",2024-05-22T02:35:51.024000Z,1,43.194982,77.069,18.480,provisional_derived,SENTINEL-2/S2MSI2A,2021-01-01,2026-07-24,2026-07-24T17:03:01+00:00
teluk-awur-jepara,"Teluk Awur, Jepara",2024-05-27T02:35:29.024000Z,1,4.596578,77.069,18.480,provisional_derived,SENTINEL-2/S2MSI2A,2021-01-01,2026-07-24,2026-07-24T17:03:01+00:00
teluk-awur-jepara,"Teluk Awur, Jepara",2024-06-01T02:35:51.024000Z,1,42.064041,77.069,18.480,provisional_derived,SENTINEL-2/S2MSI2A,2021-01-01,2026-07-24,2026-07-24T17:03:01+00:00
teluk-awur-jepara,"Teluk Awur, Jepara",2024-06-06T02:35:29.024000Z,1,17.647316,77.069,18.480,provisional_derived,SENTINEL-2/S2MSI2A,2021-01-01,2026-07-24,2026-07-24T17:03:01+00:00
teluk-awur-jepara,"Teluk Awur, Jepara",2024-06-11T02:35:51.024000Z,1,42.378747,77.069,18.480,provisional_derived,SENTINEL-2/S2MSI2A,2021-01-01,2026-07-24,2026-07-24T17:03:01+00:00
teluk-awur-jepara,"Teluk Awur, Jepara",2024-06-16T02:35:29.024000Z,1,17.026204,77.069,18.480,provisional_derived,SENTINEL-2/S2MSI2A,2021-01-01,2026-07-24,2026-07-24T17:03:01+00:00
teluk-awur-jepara,"Teluk Awur, Jepara",2024-06-21T02:35:51.024000Z,1,4.268305,77.069,18.480,provisional_derived,SENTINEL-2/S2MSI2A,2021-01-01,2026-07-24,2026-07-24T17:03:01+00:00
teluk-awur-jepara,"Teluk Awur, Jepara",2024-06-26T02:35:29.024000Z,1,13.651921,77.069,18.480,provisional_derived,SENTINEL-2/S2MSI2A,2021-01-01,2026-07-24,2026-07-24T17:03:01+00:00
teluk-awur-jepara,"Teluk Awur, Jepara",2024-07-01T02:35:31.024000Z,1,71.212447,77.069,18.480,provisional_derived,SENTINEL-2/S2MSI2A,2021-01-01,2026-07-24,2026-07-24T17:03:01+00:00
teluk-awur-jepara,"Teluk Awur, Jepara",2024-07-06T02:35:29.024000Z,1,48.251846,77.069,18.480,provisional_derived,SENTINEL-2/S2MSI2A,2021-01-01,2026-07-24,2026-07-24T17:03:01+00:00
teluk-awur-jepara,"Teluk Awur, Jepara",2024-07-11T02:35:31.024000Z,1,2.742808,77.069,18.480,provisional_derived,SENTINEL-2/S2MSI2A,2021-01-01,2026-07-24,2026-07-24T17:03:01+00:00
teluk-awur-jepara,"Teluk Awur, Jepara",2024-07-16T02:35:29.024000Z,1,0.001765,77.069,18.480,provisional_derived,SENTINEL-2/S2MSI2A,2021-01-01,2026-07-24,2026-07-24T17:03:01+00:00
teluk-awur-jepara,"Teluk Awur, Jepara",2024-07-21T02:35:51.024000Z,1,5.95433,77.069,18.480,provisional_derived,SENTINEL-2/S2MSI2A,2021-01-01,2026-07-24,2026-07-24T17:03:01+00:00
teluk-awur-jepara,"Teluk Awur, Jepara",2024-07-26T02:35:29.024000Z,1,7.767951,77.069,18.480,provisional_derived,SENTINEL-2/S2MSI2A,2021-01-01,2026-07-24,2026-07-24T17:03:01+00:00
teluk-awur-jepara,"Teluk Awur, Jepara",2024-07-31T02:35:51.024000Z,1,13.155141,77.069,18.480,provisional_derived,SENTINEL-2/S2MSI2A,2021-01-01,2026-07-24,2026-07-24T17:03:01+00:00
teluk-awur-jepara,"Teluk Awur, Jepara",2024-08-05T02:35:29.024000Z,1,10.297323,77.069,18.480,provisional_derived,SENTINEL-2/S2MSI2A,2021-01-01,2026-07-24,2026-07-24T17:03:01+00:00
teluk-awur-jepara,"Teluk Awur, Jepara",2024-08-10T02:35:51.024000Z,1,28.253537,77.069,18.480,provisional_derived,SENTINEL-2/S2MSI2A,2021-01-01,2026-07-24,2026-07-24T17:03:01+00:00
teluk-awur-jepara,"Teluk Awur, Jepara",2024-08-15T02:35:29.024000Z,1,4.783379,77.069,18.480,provisional_derived,SENTINEL-2/S2MSI2A,2021-01-01,2026-07-24,2026-07-24T17:03:01+00:00
teluk-awur-jepara,"Teluk Awur, Jepara",2024-08-20T02:35:51.024000Z,1,0.099194,77.069,18.480,provisional_derived,SENTINEL-2/S2MSI2A,2021-01-01,2026-07-24,2026-07-24T17:03:01+00:00
teluk-awur-jepara,"Teluk Awur, Jepara",2024-08-25T02:35:29.024000Z,1,0.323999,77.069,18.480,provisional_derived,SENTINEL-2/S2MSI2A,2021-01-01,2026-07-24,2026-07-24T17:03:01+00:00
teluk-awur-jepara,"Teluk Awur, Jepara",2024-08-30T02:35:51.024000Z,1,26.462686,77.069,18.480,provisional_derived,SENTINEL-2/S2MSI2A,2021-01-01,2026-07-24,2026-07-24T17:03:01+00:00
teluk-awur-jepara,"Teluk Awur, Jepara",2024-09-04T02:35:29.024000Z,1,25.546035,77.069,18.480,provisional_derived,SENTINEL-2/S2MSI2A,2021-01-01,2026-07-24,2026-07-24T17:03:01+00:00
teluk-awur-jepara,"Teluk Awur, Jepara",2024-09-09T02:35:31.024000Z,1,4.380867,77.069,18.480,provisional_derived,SENTINEL-2/S2MSI2A,2021-01-01,2026-07-24,2026-07-24T17:03:01+00:00
teluk-awur-jepara,"Teluk Awur, Jepara",2024-09-14T02:35:29.024000Z,1,18.916847,77.069,18.480,provisional_derived,SENTINEL-2/S2MSI2A,2021-01-01,2026-07-24,2026-07-24T17:03:01+00:00
teluk-awur-jepara,"Teluk Awur, Jepara",2024-09-19T02:35:51.024000Z,1,6.28249,77.069,18.480,provisional_derived,SENTINEL-2/S2MSI2A,2021-01-01,2026-07-24,2026-07-24T17:03:01+00:00
teluk-awur-jepara,"Teluk Awur, Jepara",2024-09-24T02:35:29.024000Z,1,70.591217,77.069,18.480,provisional_derived,SENTINEL-2/S2MSI2A,2021-01-01,2026-07-24,2026-07-24T17:03:01+00:00
teluk-awur-jepara,"Teluk Awur, Jepara",2024-09-29T02:35:31.024000Z,1,9.063302,77.069,18.480,provisional_derived,SENTINEL-2/S2MSI2A,2021-01-01,2026-07-24,2026-07-24T17:03:01+00:00
teluk-awur-jepara,"Teluk Awur, Jepara",2024-10-04T02:35:29.024000Z,1,78.776348,77.069,18.480,provisional_derived,SENTINEL-2/S2MSI2A,2021-01-01,2026-07-24,2026-07-24T17:03:01+00:00
teluk-awur-jepara,"Teluk Awur, Jepara",2024-10-09T02:36:11.024000Z,1,15.393591,77.069,18.480,provisional_derived,SENTINEL-2/S2MSI2A,2021-01-01,2026-07-24,2026-07-24T17:03:01+00:00
teluk-awur-jepara,"Teluk Awur, Jepara",2024-10-14T02:35:49.024000Z,1,98.042327,77.069,18.480,provisional_derived,SENTINEL-2/S2MSI2A,2021-01-01,2026-07-24,2026-07-24T17:03:01+00:00
teluk-awur-jepara,"Teluk Awur, Jepara",2024-10-19T02:37:21.024000Z,1,71.391553,77.069,18.480,provisional_derived,SENTINEL-2/S2MSI2A,2021-01-01,2026-07-24,2026-07-24T17:03:01+00:00
teluk-awur-jepara,"Teluk Awur, Jepara",2024-10-24T02:36:59.024000Z,1,51.359725,77.069,18.480,provisional_derived,SENTINEL-2/S2MSI2A,2021-01-01,2026-07-24,2026-07-24T17:03:01+00:00
teluk-awur-jepara,"Teluk Awur, Jepara",2024-10-29T02:38:21.024000Z,1,2.490387,77.069,18.480,provisional_derived,SENTINEL-2/S2MSI2A,2021-01-01,2026-07-24,2026-07-24T17:03:01+00:00
teluk-awur-jepara,"Teluk Awur, Jepara",2024-11-03T02:37:59.024000Z,1,71.615893,77.069,18.480,provisional_derived,SENTINEL-2/S2MSI2A,2021-01-01,2026-07-24,2026-07-24T17:03:01+00:00
teluk-awur-jepara,"Teluk Awur, Jepara",2024-11-08T02:39:21.024000Z,1,35.405192,77.069,18.480,provisional_derived,SENTINEL-2/S2MSI2A,2021-01-01,2026-07-24,2026-07-24T17:03:01+00:00
teluk-awur-jepara,"Teluk Awur, Jepara",2024-11-08T03:00:11.025000Z,1,37.355196,77.069,18.480,provisional_derived,SENTINEL-2/S2MSI2A,2021-01-01,2026-07-24,2026-07-24T17:03:01+00:00
teluk-awur-jepara,"Teluk Awur, Jepara",2024-11-13T02:38:49.024000Z,1,75.708979,77.069,18.480,provisional_derived,SENTINEL-2/S2MSI2A,2021-01-01,2026-07-24,2026-07-24T17:03:01+00:00
teluk-awur-jepara,"Teluk Awur, Jepara",2024-11-18T02:40:11.024000Z,1,91.981453,77.069,18.480,provisional_derived,SENTINEL-2/S2MSI2A,2021-01-01,2026-07-24,2026-07-24T17:03:01+00:00
teluk-awur-jepara,"Teluk Awur, Jepara",2024-11-18T03:00:11.024000Z,1,93.027824,77.069,18.480,provisional_derived,SENTINEL-2/S2MSI2A,2021-01-01,2026-07-24,2026-07-24T17:03:01+00:00
teluk-awur-jepara,"Teluk Awur, Jepara",2024-11-23T02:39:39.024000Z,1,91.906458,77.069,18.480,provisional_derived,SENTINEL-2/S2MSI2A,2021-01-01,2026-07-24,2026-07-24T17:03:01+00:00
teluk-awur-jepara,"Teluk Awur, Jepara",2024-11-28T02:40:31.024000Z,1,96.181226,77.069,18.480,provisional_derived,SENTINEL-2/S2MSI2A,2021-01-01,2026-07-24,2026-07-24T17:03:01+00:00
teluk-awur-jepara,"Teluk Awur, Jepara",2024-12-08T02:41:11.024000Z,1,85.280818,77.069,18.480,provisional_derived,SENTINEL-2/S2MSI2A,2021-01-01,2026-07-24,2026-07-24T17:03:01+00:00
teluk-awur-jepara,"Teluk Awur, Jepara",2024-12-08T02:41:41.025000Z,2,87.095982,77.069,18.480,provisional_derived,SENTINEL-2/S2MSI2A,2021-01-01,2026-07-24,2026-07-24T17:03:01+00:00
teluk-awur-jepara,"Teluk Awur, Jepara",2024-12-13T02:40:29.024000Z,1,51.843542,77.069,18.480,provisional_derived,SENTINEL-2/S2MSI2A,2021-01-01,2026-07-24,2026-07-24T17:03:01+00:00
teluk-awur-jepara,"Teluk Awur, Jepara",2024-12-18T02:41:21.024000Z,1,97.958446,77.069,18.480,provisional_derived,SENTINEL-2/S2MSI2A,2021-01-01,2026-07-24,2026-07-24T17:03:01+00:00
teluk-awur-jepara,"Teluk Awur, Jepara",2024-12-18T02:41:51.025000Z,2,98.0075475,77.069,18.480,provisional_derived,SENTINEL-2/S2MSI2A,2021-01-01,2026-07-24,2026-07-24T17:03:01+00:00
teluk-awur-jepara,"Teluk Awur, Jepara",2024-12-23T02:40:29.024000Z,1,51.71054,77.069,18.480,provisional_derived,SENTINEL-2/S2MSI2A,2021-01-01,2026-07-24,2026-07-24T17:03:01+00:00
teluk-awur-jepara,"Teluk Awur, Jepara",2024-12-28T02:41:21.024000Z,1,90.130717,77.069,18.480,provisional_derived,SENTINEL-2/S2MSI2A,2021-01-01,2026-07-24,2026-07-24T17:03:01+00:00
teluk-awur-jepara,"Teluk Awur, Jepara",2025-01-02T02:40:19.024000Z,1,99.872839,77.069,18.480,provisional_derived,SENTINEL-2/S2MSI2A,2021-01-01,2026-07-24,2026-07-24T17:03:01+00:00
teluk-awur-jepara,"Teluk Awur, Jepara",2025-01-07T02:41:01.024000Z,1,33.812687,77.069,18.480,provisional_derived,SENTINEL-2/S2MSI2A,2021-01-01,2026-07-24,2026-07-24T17:03:01+00:00
teluk-awur-jepara,"Teluk Awur, Jepara",2025-01-12T02:39:59.024000Z,2,99.99661449999999,77.069,18.480,provisional_derived,SENTINEL-2/S2MSI2A,2021-01-01,2026-07-24,2026-07-24T17:03:01+00:00
teluk-awur-jepara,"Teluk Awur, Jepara",2025-01-17T02:40:31.024000Z,1,90.103763,77.069,18.480,provisional_derived,SENTINEL-2/S2MSI2A,2021-01-01,2026-07-24,2026-07-24T17:03:01+00:00
teluk-awur-jepara,"Teluk Awur, Jepara",2025-01-22T02:39:19.024000Z,1,99.445158,77.069,18.480,provisional_derived,SENTINEL-2/S2MSI2A,2021-01-01,2026-07-24,2026-07-24T17:03:01+00:00
teluk-awur-jepara,"Teluk Awur, Jepara",2025-01-27T02:40:21.025000Z,1,100.0,77.069,18.480,provisional_derived,SENTINEL-2/S2MSI2A,2021-01-01,2026-07-24,2026-07-24T17:03:01+00:00
teluk-awur-jepara,"Teluk Awur, Jepara",2025-02-01T02:38:39.024000Z,1,99.941725,77.069,18.480,provisional_derived,SENTINEL-2/S2MSI2A,2021-01-01,2026-07-24,2026-07-24T17:03:01+00:00
teluk-awur-jepara,"Teluk Awur, Jepara",2025-02-06T02:39:31.025000Z,1,83.210576,77.069,18.480,provisional_derived,SENTINEL-2/S2MSI2A,2021-01-01,2026-07-24,2026-07-24T17:03:01+00:00
teluk-awur-jepara,"Teluk Awur, Jepara",2025-02-11T02:37:39.024000Z,1,99.989873,77.069,18.480,provisional_derived,SENTINEL-2/S2MSI2A,2021-01-01,2026-07-24,2026-07-24T17:03:01+00:00
teluk-awur-jepara,"Teluk Awur, Jepara",2025-02-16T02:38:21.024000Z,1,84.753537,77.069,18.480,provisional_derived,SENTINEL-2/S2MSI2A,2021-01-01,2026-07-24,2026-07-24T17:03:01+00:00
teluk-awur-jepara,"Teluk Awur, Jepara",2025-02-21T02:36:39.024000Z,1,81.721789,77.069,18.480,provisional_derived,SENTINEL-2/S2MSI2A,2021-01-01,2026-07-24,2026-07-24T17:03:01+00:00
teluk-awur-jepara,"Teluk Awur, Jepara",2025-02-26T02:37:11.025000Z,1,99.961603,77.069,18.480,provisional_derived,SENTINEL-2/S2MSI2A,2021-01-01,2026-07-24,2026-07-24T17:03:01+00:00
teluk-awur-jepara,"Teluk Awur, Jepara",2025-03-03T02:35:29.024000Z,1,51.75361,77.069,18.480,provisional_derived,SENTINEL-2/S2MSI2A,2021-01-01,2026-07-24,2026-07-24T17:03:01+00:00
teluk-awur-jepara,"Teluk Awur, Jepara",2025-03-08T02:36:01.025000Z,1,44.413054,77.069,18.480,provisional_derived,SENTINEL-2/S2MSI2A,2021-01-01,2026-07-24,2026-07-24T17:03:01+00:00
teluk-awur-jepara,"Teluk Awur, Jepara",2025-03-13T02:35:29.024000Z,1,31.344023,77.069,18.480,provisional_derived,SENTINEL-2/S2MSI2A,2021-01-01,2026-07-24,2026-07-24T17:03:01+00:00
teluk-awur-jepara,"Teluk Awur, Jepara",2025-03-18T02:35:51.025000Z,1,99.979401,77.069,18.480,provisional_derived,SENTINEL-2/S2MSI2A,2021-01-01,2026-07-24,2026-07-24T17:03:01+00:00
teluk-awur-jepara,"Teluk Awur, Jepara",2025-03-23T02:35:29.024000Z,1,99.337924,77.069,18.480,provisional_derived,SENTINEL-2/S2MSI2A,2021-01-01,2026-07-24,2026-07-24T17:03:01+00:00
teluk-awur-jepara,"Teluk Awur, Jepara",2025-03-28T02:35:51.025000Z,1,93.247098,77.069,18.480,provisional_derived,SENTINEL-2/S2MSI2A,2021-01-01,2026-07-24,2026-07-24T17:03:01+00:00
teluk-awur-jepara,"Teluk Awur, Jepara",2025-04-02T02:35:29.024000Z,1,39.552695,77.069,18.480,provisional_derived,SENTINEL-2/S2MSI2A,2021-01-01,2026-07-24,2026-07-24T17:03:01+00:00
teluk-awur-jepara,"Teluk Awur, Jepara",2025-04-07T02:36:11.024000Z,1,28.885067,77.069,18.480,provisional_derived,SENTINEL-2/S2MSI2A,2021-01-01,2026-07-24,2026-07-24T17:03:01+00:00
teluk-awur-jepara,"Teluk Awur, Jepara",2025-04-09T02:41:41.024000Z,1,85.747635,77.069,18.480,provisional_derived,SENTINEL-2/S2MSI2A,2021-01-01,2026-07-24,2026-07-24T17:03:01+00:00
teluk-awur-jepara,"Teluk Awur, Jepara",2025-04-12T02:35:29.024000Z,1,80.599797,77.069,18.480,provisional_derived,SENTINEL-2/S2MSI2A,2021-01-01,2026-07-24,2026-07-24T17:03:01+00:00
teluk-awur-jepara,"Teluk Awur, Jepara",2025-04-17T02:36:11.024000Z,1,99.965644,77.069,18.480,provisional_derived,SENTINEL-2/S2MSI2A,2021-01-01,2026-07-24,2026-07-24T17:03:01+00:00
teluk-awur-jepara,"Teluk Awur, Jepara",2025-04-22T02:35:29.024000Z,1,40.893355,77.069,18.480,provisional_derived,SENTINEL-2/S2MSI2A,2021-01-01,2026-07-24,2026-07-24T17:03:01+00:00
teluk-awur-jepara,"Teluk Awur, Jepara",2025-04-27T02:36:11.025000Z,1,68.729073,77.069,18.480,provisional_derived,SENTINEL-2/S2MSI2A,2021-01-01,2026-07-24,2026-07-24T17:03:01+00:00
teluk-awur-jepara,"Teluk Awur, Jepara",2025-04-29T02:41:41.024000Z,1,3.672599,77.069,18.480,provisional_derived,SENTINEL-2/S2MSI2A,2021-01-01,2026-07-24,2026-07-24T17:03:01+00:00
teluk-awur-jepara,"Teluk Awur, Jepara",2025-05-02T02:35:29.024000Z,1,51.375377,77.069,18.480,provisional_derived,SENTINEL-2/S2MSI2A,2021-01-01,2026-07-24,2026-07-24T17:03:01+00:00
teluk-awur-jepara,"Teluk Awur, Jepara",2025-05-07T02:35:51.025000Z,1,20.837763,77.069,18.480,provisional_derived,SENTINEL-2/S2MSI2A,2021-01-01,2026-07-24,2026-07-24T17:03:01+00:00
teluk-awur-jepara,"Teluk Awur, Jepara",2025-05-12T02:35:29.024000Z,1,54.495281,77.069,18.480,provisional_derived,SENTINEL-2/S2MSI2A,2021-01-01,2026-07-24,2026-07-24T17:03:01+00:00
teluk-awur-jepara,"Teluk Awur, Jepara",2025-05-17T02:35:51.024000Z,1,61.906624,77.069,18.480,provisional_derived,SENTINEL-2/S2MSI2A,2021-01-01,2026-07-24,2026-07-24T17:03:01+00:00
teluk-awur-jepara,"Teluk Awur, Jepara",2025-05-19T02:41:41.024000Z,1,34.426582,77.069,18.480,provisional_derived,SENTINEL-2/S2MSI2A,2021-01-01,2026-07-24,2026-07-24T17:03:01+00:00
teluk-awur-jepara,"Teluk Awur, Jepara",2025-05-22T02:35:29.024000Z,1,73.70941,77.069,18.480,provisional_derived,SENTINEL-2/S2MSI2A,2021-01-01,2026-07-24,2026-07-24T17:03:01+00:00
teluk-awur-jepara,"Teluk Awur, Jepara",2025-05-27T02:35:51.025000Z,1,95.619094,77.069,18.480,provisional_derived,SENTINEL-2/S2MSI2A,2021-01-01,2026-07-24,2026-07-24T17:03:01+00:00
teluk-awur-jepara,"Teluk Awur, Jepara",2025-06-01T02:35:29.024000Z,1,92.180341,77.069,18.480,provisional_derived,SENTINEL-2/S2MSI2A,2021-01-01,2026-07-24,2026-07-24T17:03:01+00:00
teluk-awur-jepara,"Teluk Awur, Jepara",2025-06-06T02:35:51.025000Z,1,9.019067,77.069,18.480,provisional_derived,SENTINEL-2/S2MSI2A,2021-01-01,2026-07-24,2026-07-24T17:03:01+00:00
teluk-awur-jepara,"Teluk Awur, Jepara",2025-06-08T02:41:41.024000Z,1,60.212469,77.069,18.480,provisional_derived,SENTINEL-2/S2MSI2A,2021-01-01,2026-07-24,2026-07-24T17:03:01+00:00
teluk-awur-jepara,"Teluk Awur, Jepara",2025-06-11T02:35:29.024000Z,1,84.969997,77.069,18.480,provisional_derived,SENTINEL-2/S2MSI2A,2021-01-01,2026-07-24,2026-07-24T17:03:01+00:00
teluk-awur-jepara,"Teluk Awur, Jepara",2025-06-16T02:35:51.025000Z,1,60.09323,77.069,18.480,provisional_derived,SENTINEL-2/S2MSI2A,2021-01-01,2026-07-24,2026-07-24T17:03:01+00:00
teluk-awur-jepara,"Teluk Awur, Jepara",2025-06-21T02:35:29.024000Z,1,9.851813,77.069,18.480,provisional_derived,SENTINEL-2/S2MSI2A,2021-01-01,2026-07-24,2026-07-24T17:03:01+00:00
teluk-awur-jepara,"Teluk Awur, Jepara",2025-06-26T02:36:11.025000Z,1,6.632046,77.069,18.480,provisional_derived,SENTINEL-2/S2MSI2A,2021-01-01,2026-07-24,2026-07-24T17:03:01+00:00
teluk-awur-jepara,"Teluk Awur, Jepara",2025-06-28T02:41:41.024000Z,1,46.60826,77.069,18.480,provisional_derived,SENTINEL-2/S2MSI2A,2021-01-01,2026-07-24,2026-07-24T17:03:01+00:00
teluk-awur-jepara,"Teluk Awur, Jepara",2025-07-01T02:35:29.024000Z,1,25.076687,77.069,18.480,provisional_derived,SENTINEL-2/S2MSI2A,2021-01-01,2026-07-24,2026-07-24T17:03:01+00:00
teluk-awur-jepara,"Teluk Awur, Jepara",2025-07-06T02:36:11.025000Z,1,99.997008,77.069,18.480,provisional_derived,SENTINEL-2/S2MSI2A,2021-01-01,2026-07-24,2026-07-24T17:03:01+00:00
teluk-awur-jepara,"Teluk Awur, Jepara",2025-07-11T02:35:29.024000Z,1,23.399507,77.069,18.480,provisional_derived,SENTINEL-2/S2MSI2A,2021-01-01,2026-07-24,2026-07-24T17:03:01+00:00
teluk-awur-jepara,"Teluk Awur, Jepara",2025-07-16T02:35:51.025000Z,1,23.694971,77.069,18.480,provisional_derived,SENTINEL-2/S2MSI2A,2021-01-01,2026-07-24,2026-07-24T17:03:01+00:00
teluk-awur-jepara,"Teluk Awur, Jepara",2025-07-18T02:41:51.024000Z,1,12.08225,77.069,18.480,provisional_derived,SENTINEL-2/S2MSI2A,2021-01-01,2026-07-24,2026-07-24T17:03:01+00:00
teluk-awur-jepara,"Teluk Awur, Jepara",2025-07-21T02:35:29.024000Z,1,0.205482,77.069,18.480,provisional_derived,SENTINEL-2/S2MSI2A,2021-01-01,2026-07-24,2026-07-24T17:03:01+00:00
teluk-awur-jepara,"Teluk Awur, Jepara",2025-07-26T02:36:11.025000Z,1,5.374656,77.069,18.480,provisional_derived,SENTINEL-2/S2MSI2A,2021-01-01,2026-07-24,2026-07-24T17:03:01+00:00
teluk-awur-jepara,"Teluk Awur, Jepara",2025-07-31T02:35:29.024000Z,1,4.093699,77.069,18.480,provisional_derived,SENTINEL-2/S2MSI2A,2021-01-01,2026-07-24,2026-07-24T17:03:01+00:00
teluk-awur-jepara,"Teluk Awur, Jepara",2025-08-05T02:35:51.025000Z,1,30.513242,77.069,18.480,provisional_derived,SENTINEL-2/S2MSI2A,2021-01-01,2026-07-24,2026-07-24T17:03:01+00:00
teluk-awur-jepara,"Teluk Awur, Jepara",2025-08-07T02:41:41.024000Z,1,25.31316,77.069,18.480,provisional_derived,SENTINEL-2/S2MSI2A,2021-01-01,2026-07-24,2026-07-24T17:03:01+00:00
teluk-awur-jepara,"Teluk Awur, Jepara",2025-08-10T02:35:29.024000Z,1,64.814472,77.069,18.480,provisional_derived,SENTINEL-2/S2MSI2A,2021-01-01,2026-07-24,2026-07-24T17:03:01+00:00
teluk-awur-jepara,"Teluk Awur, Jepara",2025-08-15T02:36:11.025000Z,1,1.504777,77.069,18.480,provisional_derived,SENTINEL-2/S2MSI2A,2021-01-01,2026-07-24,2026-07-24T17:03:01+00:00
teluk-awur-jepara,"Teluk Awur, Jepara",2025-08-20T02:35:29.024000Z,1,61.015403,77.069,18.480,provisional_derived,SENTINEL-2/S2MSI2A,2021-01-01,2026-07-24,2026-07-24T17:03:01+00:00
teluk-awur-jepara,"Teluk Awur, Jepara",2025-08-25T02:36:11.025000Z,1,28.487101,77.069,18.480,provisional_derived,SENTINEL-2/S2MSI2A,2021-01-01,2026-07-24,2026-07-24T17:03:01+00:00
teluk-awur-jepara,"Teluk Awur, Jepara",2025-08-27T02:41:41.024000Z,1,47.302738,77.069,18.480,provisional_derived,SENTINEL-2/S2MSI2A,2021-01-01,2026-07-24,2026-07-24T17:03:01+00:00
teluk-awur-jepara,"Teluk Awur, Jepara",2025-08-30T02:35:29.024000Z,1,32.853299,77.069,18.480,provisional_derived,SENTINEL-2/S2MSI2A,2021-01-01,2026-07-24,2026-07-24T17:03:01+00:00
teluk-awur-jepara,"Teluk Awur, Jepara",2025-09-04T02:36:11.024000Z,1,6.777386,77.069,18.480,provisional_derived,SENTINEL-2/S2MSI2A,2021-01-01,2026-07-24,2026-07-24T17:03:01+00:00
teluk-awur-jepara,"Teluk Awur, Jepara",2025-09-09T02:35:29.024000Z,1,19.514219,77.069,18.480,provisional_derived,SENTINEL-2/S2MSI2A,2021-01-01,2026-07-24,2026-07-24T17:03:01+00:00
teluk-awur-jepara,"Teluk Awur, Jepara",2025-09-14T02:35:41.025000Z,1,45.122239,77.069,18.480,provisional_derived,SENTINEL-2/S2MSI2A,2021-01-01,2026-07-24,2026-07-24T17:03:01+00:00
teluk-awur-jepara,"Teluk Awur, Jepara",2025-09-16T02:41:41.024000Z,1,98.817778,77.069,18.480,provisional_derived,SENTINEL-2/S2MSI2A,2021-01-01,2026-07-24,2026-07-24T17:03:01+00:00
teluk-awur-jepara,"Teluk Awur, Jepara",2025-09-19T02:35:29.024000Z,1,50.892907,77.069,18.480,provisional_derived,SENTINEL-2/S2MSI2A,2021-01-01,2026-07-24,2026-07-24T17:03:01+00:00
teluk-awur-jepara,"Teluk Awur, Jepara",2025-09-24T02:35:41.025000Z,1,39.434049,77.069,18.480,provisional_derived,SENTINEL-2/S2MSI2A,2021-01-01,2026-07-24,2026-07-24T17:03:01+00:00
teluk-awur-jepara,"Teluk Awur, Jepara",2025-09-29T02:35:29.024000Z,1,78.099108,77.069,18.480,provisional_derived,SENTINEL-2/S2MSI2A,2021-01-01,2026-07-24,2026-07-24T17:03:01+00:00
teluk-awur-jepara,"Teluk Awur, Jepara",2025-10-04T02:35:51.025000Z,1,97.166818,77.069,18.480,provisional_derived,SENTINEL-2/S2MSI2A,2021-01-01,2026-07-24,2026-07-24T17:03:01+00:00
teluk-awur-jepara,"Teluk Awur, Jepara",2025-10-09T02:35:29.024000Z,1,8.024187,77.069,18.480,provisional_derived,SENTINEL-2/S2MSI2A,2021-01-01,2026-07-24,2026-07-24T17:03:01+00:00
teluk-awur-jepara,"Teluk Awur, Jepara",2025-10-14T02:37:01.025000Z,1,16.030771,77.069,18.480,provisional_derived,SENTINEL-2/S2MSI2A,2021-01-01,2026-07-24,2026-07-24T17:03:01+00:00
teluk-awur-jepara,"Teluk Awur, Jepara",2025-10-16T02:41:41.024000Z,1,10.716012,77.069,18.480,provisional_derived,SENTINEL-2/S2MSI2A,2021-01-01,2026-07-24,2026-07-24T17:03:01+00:00
teluk-awur-jepara,"Teluk Awur, Jepara",2025-10-19T02:36:29.024000Z,1,70.361388,77.069,18.480,provisional_derived,SENTINEL-2/S2MSI2A,2021-01-01,2026-07-24,2026-07-24T17:03:01+00:00
teluk-awur-jepara,"Teluk Awur, Jepara",2025-10-24T02:38:01.025000Z,1,75.788218,77.069,18.480,provisional_derived,SENTINEL-2/S2MSI2A,2021-01-01,2026-07-24,2026-07-24T17:03:01+00:00
teluk-awur-jepara,"Teluk Awur, Jepara",2025-10-29T02:37:29.024000Z,1,99.280715,77.069,18.480,provisional_derived,SENTINEL-2/S2MSI2A,2021-01-01,2026-07-24,2026-07-24T17:03:01+00:00
teluk-awur-jepara,"Teluk Awur, Jepara",2025-11-03T02:45:11.025000Z,1,61.734354,77.069,18.480,provisional_derived,SENTINEL-2/S2MSI2A,2021-01-01,2026-07-24,2026-07-24T17:03:01+00:00
teluk-awur-jepara,"Teluk Awur, Jepara",2025-11-05T02:41:41.024000Z,1,96.802491,77.069,18.480,provisional_derived,SENTINEL-2/S2MSI2A,2021-01-01,2026-07-24,2026-07-24T17:03:01+00:00
teluk-awur-jepara,"Teluk Awur, Jepara",2025-11-08T02:38:19.024000Z,1,93.778765,77.069,18.480,provisional_derived,SENTINEL-2/S2MSI2A,2021-01-01,2026-07-24,2026-07-24T17:03:01+00:00
teluk-awur-jepara,"Teluk Awur, Jepara",2025-11-13T02:45:11.024000Z,1,99.273109,77.069,18.480,provisional_derived,SENTINEL-2/S2MSI2A,2021-01-01,2026-07-24,2026-07-24T17:03:01+00:00
teluk-awur-jepara,"Teluk Awur, Jepara",2025-11-18T02:39:09.024000Z,1,85.853589,77.069,18.480,provisional_derived,SENTINEL-2/S2MSI2A,2021-01-01,2026-07-24,2026-07-24T17:03:01+00:00
teluk-awur-jepara,"Teluk Awur, Jepara",2025-11-23T02:45:11.025000Z,1,92.790425,77.069,18.480,provisional_derived,SENTINEL-2/S2MSI2A,2021-01-01,2026-07-24,2026-07-24T17:03:01+00:00
teluk-awur-jepara,"Teluk Awur, Jepara",2025-11-25T02:41:51.024000Z,1,99.992514,77.069,18.480,provisional_derived,SENTINEL-2/S2MSI2A,2021-01-01,2026-07-24,2026-07-24T17:03:01+00:00
teluk-awur-jepara,"Teluk Awur, Jepara",2025-11-28T02:39:39.024000Z,1,41.707316,77.069,18.480,provisional_derived,SENTINEL-2/S2MSI2A,2021-01-01,2026-07-24,2026-07-24T17:03:01+00:00
teluk-awur-jepara,"Teluk Awur, Jepara",2025-12-03T02:41:01.025000Z,1,99.358982,77.069,18.480,provisional_derived,SENTINEL-2/S2MSI2A,2021-01-01,2026-07-24,2026-07-24T17:03:01+00:00
teluk-awur-jepara,"Teluk Awur, Jepara",2025-12-08T02:40:09.024000Z,1,97.820216,77.069,18.480,provisional_derived,SENTINEL-2/S2MSI2A,2021-01-01,2026-07-24,2026-07-24T17:03:01+00:00
teluk-awur-jepara,"Teluk Awur, Jepara",2025-12-13T02:41:31.025000Z,1,100.0,77.069,18.480,provisional_derived,SENTINEL-2/S2MSI2A,2021-01-01,2026-07-24,2026-07-24T17:03:01+00:00
teluk-awur-jepara,"Teluk Awur, Jepara",2025-12-18T02:40:29.024000Z,1,98.31745,77.069,18.480,provisional_derived,SENTINEL-2/S2MSI2A,2021-01-01,2026-07-24,2026-07-24T17:03:01+00:00
teluk-awur-jepara,"Teluk Awur, Jepara",2025-12-23T02:41:31.025000Z,1,44.773617,77.069,18.480,provisional_derived,SENTINEL-2/S2MSI2A,2021-01-01,2026-07-24,2026-07-24T17:03:01+00:00
teluk-awur-jepara,"Teluk Awur, Jepara",2025-12-28T02:40:29.024000Z,1,56.48489,77.069,18.480,provisional_derived,SENTINEL-2/S2MSI2A,2021-01-01,2026-07-24,2026-07-24T17:03:01+00:00
teluk-awur-jepara,"Teluk Awur, Jepara",2026-01-02T02:41:21.025000Z,1,77.842265,77.069,18.480,provisional_derived,SENTINEL-2/S2MSI2A,2021-01-01,2026-07-24,2026-07-24T17:03:01+00:00
teluk-awur-jepara,"Teluk Awur, Jepara",2026-01-04T02:41:51.024000Z,1,100.0,77.069,18.480,provisional_derived,SENTINEL-2/S2MSI2A,2021-01-01,2026-07-24,2026-07-24T17:03:01+00:00
teluk-awur-jepara,"Teluk Awur, Jepara",2026-01-07T02:40:09.024000Z,1,99.932337,77.069,18.480,provisional_derived,SENTINEL-2/S2MSI2A,2021-01-01,2026-07-24,2026-07-24T17:03:01+00:00
teluk-awur-jepara,"Teluk Awur, Jepara",2026-01-12T02:41:01.025000Z,1,100.0,77.069,18.480,provisional_derived,SENTINEL-2/S2MSI2A,2021-01-01,2026-07-24,2026-07-24T17:03:01+00:00
teluk-awur-jepara,"Teluk Awur, Jepara",2026-01-17T02:39:39.024000Z,1,99.999774,77.069,18.480,provisional_derived,SENTINEL-2/S2MSI2A,2021-01-01,2026-07-24,2026-07-24T17:03:01+00:00
teluk-awur-jepara,"Teluk Awur, Jepara",2026-01-22T02:40:21.024000Z,1,99.998945,77.069,18.480,provisional_derived,SENTINEL-2/S2MSI2A,2021-01-01,2026-07-24,2026-07-24T17:03:01+00:00
teluk-awur-jepara,"Teluk Awur, Jepara",2026-01-27T02:38:59.024000Z,1,99.999052,77.069,18.480,provisional_derived,SENTINEL-2/S2MSI2A,2021-01-01,2026-07-24,2026-07-24T17:03:01+00:00
teluk-awur-jepara,"Teluk Awur, Jepara",2026-02-01T02:39:31.025000Z,1,99.053955,77.069,18.480,provisional_derived,SENTINEL-2/S2MSI2A,2021-01-01,2026-07-24,2026-07-24T17:03:01+00:00
teluk-awur-jepara,"Teluk Awur, Jepara",2026-02-06T02:37:59.024000Z,1,88.863122,77.069,18.480,provisional_derived,SENTINEL-2/S2MSI2A,2021-01-01,2026-07-24,2026-07-24T17:03:01+00:00
teluk-awur-jepara,"Teluk Awur, Jepara",2026-02-06T03:00:01.024000Z,1,90.506148,77.069,18.480,provisional_derived,SENTINEL-2/S2MSI2A,2021-01-01,2026-07-24,2026-07-24T17:03:01+00:00
teluk-awur-jepara,"Teluk Awur, Jepara",2026-02-11T02:38:31.025000Z,1,89.796805,77.069,18.480,provisional_derived,SENTINEL-2/S2MSI2A,2021-01-01,2026-07-24,2026-07-24T17:03:01+00:00
teluk-awur-jepara,"Teluk Awur, Jepara",2026-02-16T02:36:59.024000Z,1,100.0,77.069,18.480,provisional_derived,SENTINEL-2/S2MSI2A,2021-01-01,2026-07-24,2026-07-24T17:03:01+00:00
teluk-awur-jepara,"Teluk Awur, Jepara",2026-02-16T03:00:01.024000Z,1,99.999994,77.069,18.480,provisional_derived,SENTINEL-2/S2MSI2A,2021-01-01,2026-07-24,2026-07-24T17:03:01+00:00
teluk-awur-jepara,"Teluk Awur, Jepara",2026-02-21T02:37:31.025000Z,2,99.98980449999999,77.069,18.480,provisional_derived,SENTINEL-2/S2MSI2A,2021-01-01,2026-07-24,2026-07-24T17:03:01+00:00
teluk-awur-jepara,"Teluk Awur, Jepara",2026-02-26T02:35:59.024000Z,1,99.997997,77.069,18.480,provisional_derived,SENTINEL-2/S2MSI2A,2021-01-01,2026-07-24,2026-07-24T17:03:01+00:00
teluk-awur-jepara,"Teluk Awur, Jepara",2026-03-03T02:36:21.025000Z,1,95.713121,77.069,18.480,provisional_derived,SENTINEL-2/S2MSI2A,2021-01-01,2026-07-24,2026-07-24T17:03:01+00:00
teluk-awur-jepara,"Teluk Awur, Jepara",2026-03-08T02:35:49.024000Z,1,87.014806,77.069,18.480,provisional_derived,SENTINEL-2/S2MSI2A,2021-01-01,2026-07-24,2026-07-24T17:03:01+00:00
teluk-awur-jepara,"Teluk Awur, Jepara",2026-03-13T02:35:31.025000Z,1,8.806564,77.069,18.480,provisional_derived,SENTINEL-2/S2MSI2A,2021-01-01,2026-07-24,2026-07-24T17:03:01+00:00
teluk-awur-jepara,"Teluk Awur, Jepara",2026-03-15T02:41:51.024000Z,1,23.738882,77.069,18.480,provisional_derived,SENTINEL-2/S2MSI2A,2021-01-01,2026-07-24,2026-07-24T17:03:01+00:00
teluk-awur-jepara,"Teluk Awur, Jepara",2026-03-18T02:35:49.024000Z,1,31.55548,77.069,18.480,provisional_derived,SENTINEL-2/S2MSI2A,2021-01-01,2026-07-24,2026-07-24T17:03:01+00:00
teluk-awur-jepara,"Teluk Awur, Jepara",2026-03-23T02:35:51.025000Z,1,30.78306,77.069,18.480,provisional_derived,SENTINEL-2/S2MSI2A,2021-01-01,2026-07-24,2026-07-24T17:03:01+00:00
teluk-awur-jepara,"Teluk Awur, Jepara",2026-03-28T02:35:49.024000Z,1,29.103166,77.069,18.480,provisional_derived,SENTINEL-2/S2MSI2A,2021-01-01,2026-07-24,2026-07-24T17:03:01+00:00
teluk-awur-jepara,"Teluk Awur, Jepara",2026-04-02T02:35:51.025000Z,1,78.268129,77.069,18.480,provisional_derived,SENTINEL-2/S2MSI2A,2021-01-01,2026-07-24,2026-07-24T17:03:01+00:00
teluk-awur-jepara,"Teluk Awur, Jepara",2026-04-04T02:41:51.024000Z,1,55.323803,77.069,18.480,provisional_derived,SENTINEL-2/S2MSI2A,2021-01-01,2026-07-24,2026-07-24T17:03:01+00:00
teluk-awur-jepara,"Teluk Awur, Jepara",2026-04-07T02:35:49.024000Z,1,74.156904,77.069,18.480,provisional_derived,SENTINEL-2/S2MSI2A,2021-01-01,2026-07-24,2026-07-24T17:03:01+00:00
teluk-awur-jepara,"Teluk Awur, Jepara",2026-04-12T02:35:51.025000Z,1,27.381521,77.069,18.480,provisional_derived,SENTINEL-2/S2MSI2A,2021-01-01,2026-07-24,2026-07-24T17:03:01+00:00
teluk-awur-jepara,"Teluk Awur, Jepara",2026-04-17T02:35:29.024000Z,1,13.309199,77.069,18.480,provisional_derived,SENTINEL-2/S2MSI2A,2021-01-01,2026-07-24,2026-07-24T17:03:01+00:00
teluk-awur-jepara,"Teluk Awur, Jepara",2026-04-22T02:35:51.025000Z,1,100.0,77.069,18.480,provisional_derived,SENTINEL-2/S2MSI2A,2021-01-01,2026-07-24,2026-07-24T17:03:01+00:00
teluk-awur-jepara,"Teluk Awur, Jepara",2026-04-24T02:41:51.024000Z,1,32.686231,77.069,18.480,provisional_derived,SENTINEL-2/S2MSI2A,2021-01-01,2026-07-24,2026-07-24T17:03:01+00:00
teluk-awur-jepara,"Teluk Awur, Jepara",2026-04-27T02:35:29.024000Z,1,76.931608,77.069,18.480,provisional_derived,SENTINEL-2/S2MSI2A,2021-01-01,2026-07-24,2026-07-24T17:03:01+00:00
teluk-awur-jepara,"Teluk Awur, Jepara",2026-05-02T02:35:51.025000Z,1,32.990491,77.069,18.480,provisional_derived,SENTINEL-2/S2MSI2A,2021-01-01,2026-07-24,2026-07-24T17:03:01+00:00
teluk-awur-jepara,"Teluk Awur, Jepara",2026-05-07T02:35:29.024000Z,1,16.488005,77.069,18.480,provisional_derived,SENTINEL-2/S2MSI2A,2021-01-01,2026-07-24,2026-07-24T17:03:01+00:00
teluk-awur-jepara,"Teluk Awur, Jepara",2026-05-12T02:35:51.025000Z,1,5.210344,77.069,18.480,provisional_derived,SENTINEL-2/S2MSI2A,2021-01-01,2026-07-24,2026-07-24T17:03:01+00:00
teluk-awur-jepara,"Teluk Awur, Jepara",2026-05-14T02:41:41.024000Z,1,80.238146,77.069,18.480,provisional_derived,SENTINEL-2/S2MSI2A,2021-01-01,2026-07-24,2026-07-24T17:03:01+00:00
teluk-awur-jepara,"Teluk Awur, Jepara",2026-05-17T02:35:29.024000Z,1,70.784301,77.069,18.480,provisional_derived,SENTINEL-2/S2MSI2A,2021-01-01,2026-07-24,2026-07-24T17:03:01+00:00
teluk-awur-jepara,"Teluk Awur, Jepara",2026-05-22T02:35:51.025000Z,1,99.998814,77.069,18.480,provisional_derived,SENTINEL-2/S2MSI2A,2021-01-01,2026-07-24,2026-07-24T17:03:01+00:00
teluk-awur-jepara,"Teluk Awur, Jepara",2026-05-27T02:35:19.024000Z,1,21.049663,77.069,18.480,provisional_derived,SENTINEL-2/S2MSI2A,2021-01-01,2026-07-24,2026-07-24T17:03:01+00:00
teluk-awur-jepara,"Teluk Awur, Jepara",2026-06-01T02:35:31.025000Z,1,11.952396,77.069,18.480,provisional_derived,SENTINEL-2/S2MSI2A,2021-01-01,2026-07-24,2026-07-24T17:03:01+00:00
teluk-awur-jepara,"Teluk Awur, Jepara",2026-06-03T02:41:41.024000Z,1,10.437705,77.069,18.480,provisional_derived,SENTINEL-2/S2MSI2A,2021-01-01,2026-07-24,2026-07-24T17:03:01+00:00
teluk-awur-jepara,"Teluk Awur, Jepara",2026-06-06T02:35:29.024000Z,1,19.391493,77.069,18.480,provisional_derived,SENTINEL-2/S2MSI2A,2021-01-01,2026-07-24,2026-07-24T17:03:01+00:00
teluk-awur-jepara,"Teluk Awur, Jepara",2026-06-11T02:35:31.025000Z,1,0.102897,77.069,18.480,provisional_derived,SENTINEL-2/S2MSI2A,2021-01-01,2026-07-24,2026-07-24T17:03:01+00:00
teluk-awur-jepara,"Teluk Awur, Jepara",2026-06-16T02:35:29.024000Z,1,18.327074,77.069,18.480,provisional_derived,SENTINEL-2/S2MSI2A,2021-01-01,2026-07-24,2026-07-24T17:03:01+00:00
teluk-awur-jepara,"Teluk Awur, Jepara",2026-06-21T02:35:31.025000Z,1,16.923532,77.069,18.480,provisional_derived,SENTINEL-2/S2MSI2A,2021-01-01,2026-07-24,2026-07-24T17:03:01+00:00
teluk-awur-jepara,"Teluk Awur, Jepara",2026-06-23T02:41:41.024000Z,1,33.097112,77.069,18.480,provisional_derived,SENTINEL-2/S2MSI2A,2021-01-01,2026-07-24,2026-07-24T17:03:01+00:00
teluk-awur-jepara,"Teluk Awur, Jepara",2026-06-26T02:35:29.024000Z,1,2.722011,77.069,18.480,provisional_derived,SENTINEL-2/S2MSI2A,2021-01-01,2026-07-24,2026-07-24T17:03:01+00:00
teluk-awur-jepara,"Teluk Awur, Jepara",2026-07-01T02:35:31.025000Z,1,20.232664,77.069,18.480,provisional_derived,SENTINEL-2/S2MSI2A,2021-01-01,2026-07-24,2026-07-24T17:03:01+00:00
teluk-awur-jepara,"Teluk Awur, Jepara",2026-07-06T02:35:29.024000Z,1,7.510439,77.069,18.480,provisional_derived,SENTINEL-2/S2MSI2A,2021-01-01,2026-07-24,2026-07-24T17:03:01+00:00
teluk-awur-jepara,"Teluk Awur, Jepara",2026-07-11T02:35:31.025000Z,1,10.03643,77.069,18.480,provisional_derived,SENTINEL-2/S2MSI2A,2021-01-01,2026-07-24,2026-07-24T17:03:01+00:00
teluk-awur-jepara,"Teluk Awur, Jepara",2026-07-13T02:41:41.024000Z,1,7.476885,77.069,18.480,provisional_derived,SENTINEL-2/S2MSI2A,2021-01-01,2026-07-24,2026-07-24T17:03:01+00:00
teluk-awur-jepara,"Teluk Awur, Jepara",2026-07-16T02:35:29.024000Z,1,3.484597,77.069,18.480,provisional_derived,SENTINEL-2/S2MSI2A,2021-01-01,2026-07-24,2026-07-24T17:03:01+00:00
teluk-awur-jepara,"Teluk Awur, Jepara",2026-07-21T02:35:31.025000Z,1,11.303961,77.069,18.480,provisional_derived,SENTINEL-2/S2MSI2A,2021-01-01,2026-07-24,2026-07-24T17:03:01+00:00
